Interval Start,Interval End,Interval Minutes,Symbol,Ticker,Open,High,Low,Close,Volume,Source,Source URL,Fetch Timestamp
2026-05-11T03:45:00+00:00,2026-05-11T04:15:00+00:00,30,HDFCBANK,HDFCBANK.NS,771.8499755859375,774.8499755859375,769.5999755859375,770.2000122070312,2564928,Yahoo Finance automated fallback,https://query1.finance.yahoo.com/v8/finance/chart/HDFCBANK.NS?period1=1778238506&period2=1783336106&interval=30m&events=history&includePrePost=false,2026-07-06T11:08:26.544444+00:00
2026-05-11T04:15:00+00:00,2026-05-11T04:45:00+00:00,30,HDFCBANK,HDFCBANK.NS,770.2000122070312,771.7999877929688,768.7999877929688,768.9000244140625,2361971,Yahoo Finance automated fallback,https://query1.finance.yahoo.com/v8/finance/chart/HDFCBANK.NS?period1=1778238506&period2=1783336106&interval=30m&events=history&includePrePost=false,2026-07-06T11:08:26.544444+00:00
2026-05-11T04:45:00+00:00,2026-05-11T05:15:00+00:00,30,HDFCBANK,HDFCBANK.NS,769.0,769.4500122070312,767.2000122070312,768.8499755859375,1375975,Yahoo Finance automated fallback,https://query1.finance.yahoo.com/v8/finance/chart/HDFCBANK.NS?period1=1778238506&period2=1783336106&interval=30m&events=history&includePrePost=false,2026-07-06T11:08:26.544444+00:00
2026-05-11T05:15:00+00:00,2026-05-11T05:45:00+00:00,30,HDFCBANK,HDFCBANK.NS,768.8499755859375,770.7999877929688,768.75,769.9500122070312,1117521,Yahoo Finance automated fallback,https://query1.finance.yahoo.com/v8/finance/chart/HDFCBANK.NS?period1=1778238506&period2=1783336106&interval=30m&events=history&includePrePost=false,2026-07-06T11:08:26.544444+00:00
2026-05-11T05:45:00+00:00,2026-05-11T06:15:00+00:00,30,HDFCBANK,HDFCBANK.NS,770.0,771.9000244140625,769.5,770.7999877929688,2937063,Yahoo Finance automated fallback,https://query1.finance.yahoo.com/v8/finance/chart/HDFCBANK.NS?period1=1778238506&period2=1783336106&interval=30m&events=history&includePrePost=false,2026-07-06T11:08:26.544444+00:00
2026-05-11T06:15:00+00:00,2026-05-11T06:45:00+00:00,30,HDFCBANK,HDFCBANK.NS,770.7999877929688,770.9500122070312,768.7000122070312,770.0,1727261,Yahoo Finance automated fallback,https://query1.finance.yahoo.com/v8/finance/chart/HDFCBANK.NS?period1=1778238506&period2=1783336106&interval=30m&events=history&includePrePost=false,2026-07-06T11:08:26.544444+00:00
2026-05-11T06:45:00+00:00,2026-05-11T07:15:00+00:00,30,HDFCBANK,HDFCBANK.NS,770.0,771.25,769.3499755859375,771.0499877929688,4769208,Yahoo Finance automated fallback,https://query1.finance.yahoo.com/v8/finance/chart/HDFCBANK.NS?period1=1778238506&period2=1783336106&interval=30m&events=history&includePrePost=false,2026-07-06T11:08:26.544444+00:00
2026-05-11T07:15:00+00:00,2026-05-11T07:45:00+00:00,30,HDFCBANK,HDFCBANK.NS,771.0499877929688,771.9000244140625,769.9000244140625,771.25,3087607,Yahoo Finance automated fallback,https://query1.finance.yahoo.com/v8/finance/chart/HDFCBANK.NS?period1=1778238506&period2=1783336106&interval=30m&events=history&includePrePost=false,2026-07-06T11:08:26.544444+00:00
2026-05-11T07:45:00+00:00,2026-05-11T08:15:00+00:00,30,HDFCBANK,HDFCBANK.NS,771.4000244140625,771.7999877929688,770.0999755859375,771.2999877929688,1527292,Yahoo Finance automated fallback,https://query1.finance.yahoo.com/v8/finance/chart/HDFCBANK.NS?period1=1778238506&period2=1783336106&interval=30m&events=history&includePrePost=false,2026-07-06T11:08:26.544444+00:00
2026-05-11T08:15:00+00:00,2026-05-11T08:45:00+00:00,30,HDFCBANK,HDFCBANK.NS,771.25,772.9000244140625,770.5,771.2000122070312,4226332,Yahoo Finance automated fallback,https://query1.finance.yahoo.com/v8/finance/chart/HDFCBANK.NS?period1=1778238506&period2=1783336106&interval=30m&events=history&includePrePost=false,2026-07-06T11:08:26.544444+00:00
2026-05-11T08:45:00+00:00,2026-05-11T09:15:00+00:00,30,HDFCBANK,HDFCBANK.NS,771.4500122070312,771.5499877929688,768.7000122070312,769.2999877929688,3407665,Yahoo Finance automated fallback,https://query1.finance.yahoo.com/v8/finance/chart/HDFCBANK.NS?period1=1778238506&period2=1783336106&interval=30m&events=history&includePrePost=false,2026-07-06T11:08:26.544444+00:00
2026-05-11T09:15:00+00:00,2026-05-11T09:45:00+00:00,30,HDFCBANK,HDFCBANK.NS,769.4500122070312,770.0,762.0999755859375,763.2999877929688,5472877,Yahoo Finance automated fallback,https://query1.finance.yahoo.com/v8/finance/chart/HDFCBANK.NS?period1=1778238506&period2=1783336106&interval=30m&events=history&includePrePost=false,2026-07-06T11:08:26.544444+00:00
2026-05-11T09:45:00+00:00,2026-05-11T10:15:00+00:00,30,HDFCBANK,HDFCBANK.NS,763.2999877929688,766.25,762.0999755859375,766.0,3828968,Yahoo Finance automated fallback,https://query1.finance.yahoo.com/v8/finance/chart/HDFCBANK.NS?period1=1778238506&period2=1783336106&interval=30m&events=history&includePrePost=false,2026-07-06T11:08:26.544444+00:00
2026-05-12T03:45:00+00:00,2026-05-12T04:15:00+00:00,30,HDFCBANK,HDFCBANK.NS,756.5999755859375,759.7000122070312,754.5,755.75,2496167,Yahoo Finance automated fallback,https://query1.finance.yahoo.com/v8/finance/chart/HDFCBANK.NS?period1=1778238506&period2=1783336106&interval=30m&events=history&includePrePost=false,2026-07-06T11:08:26.544444+00:00
2026-05-12T04:15:00+00:00,2026-05-12T04:45:00+00:00,30,HDFCBANK,HDFCBANK.NS,755.75,758.75,755.0,758.0499877929688,3445570,Yahoo Finance automated fallback,https://query1.finance.yahoo.com/v8/finance/chart/HDFCBANK.NS?period1=1778238506&period2=1783336106&interval=30m&events=history&includePrePost=false,2026-07-06T11:08:26.544444+00:00
2026-05-12T04:45:00+00:00,2026-05-12T05:15:00+00:00,30,HDFCBANK,HDFCBANK.NS,758.0999755859375,759.0499877929688,755.25,755.6500244140625,1611230,Yahoo Finance automated fallback,https://query1.finance.yahoo.com/v8/finance/chart/HDFCBANK.NS?period1=1778238506&period2=1783336106&interval=30m&events=history&includePrePost=false,2026-07-06T11:08:26.544444+00:00
2026-05-12T05:15:00+00:00,2026-05-12T05:45:00+00:00,30,HDFCBANK,HDFCBANK.NS,755.6500244140625,756.1500244140625,754.2999877929688,756.1500244140625,1892376,Yahoo Finance automated fallback,https://query1.finance.yahoo.com/v8/finance/chart/HDFCBANK.NS?period1=1778238506&period2=1783336106&interval=30m&events=history&includePrePost=false,2026-07-06T11:08:26.544444+00:00
2026-05-12T05:45:00+00:00,2026-05-12T06:15:00+00:00,30,HDFCBANK,HDFCBANK.NS,756.2000122070312,758.5,755.7999877929688,757.4000244140625,1517977,Yahoo Finance automated fallback,https://query1.finance.yahoo.com/v8/finance/chart/HDFCBANK.NS?period1=1778238506&period2=1783336106&interval=30m&events=history&includePrePost=false,2026-07-06T11:08:26.544444+00:00
2026-05-12T06:15:00+00:00,2026-05-12T06:45:00+00:00,30,HDFCBANK,HDFCBANK.NS,757.4000244140625,757.9500122070312,755.5999755859375,755.9000244140625,1447420,Yahoo Finance automated fallback,https://query1.finance.yahoo.com/v8/finance/chart/HDFCBANK.NS?period1=1778238506&period2=1783336106&interval=30m&events=history&includePrePost=false,2026-07-06T11:08:26.544444+00:00
2026-05-12T06:45:00+00:00,2026-05-12T07:15:00+00:00,30,HDFCBANK,HDFCBANK.NS,756.0,757.0499877929688,753.5,753.5,1911653,Yahoo Finance automated fallback,https://query1.finance.yahoo.com/v8/finance/chart/HDFCBANK.NS?period1=1778238506&period2=1783336106&interval=30m&events=history&includePrePost=false,2026-07-06T11:08:26.544444+00:00
2026-05-12T07:15:00+00:00,2026-05-12T07:45:00+00:00,30,HDFCBANK,HDFCBANK.NS,753.75,754.9500122070312,752.3499755859375,754.7000122070312,2551687,Yahoo Finance automated fallback,https://query1.finance.yahoo.com/v8/finance/chart/HDFCBANK.NS?period1=1778238506&period2=1783336106&interval=30m&events=history&includePrePost=false,2026-07-06T11:08:26.544444+00:00
2026-05-12T07:45:00+00:00,2026-05-12T08:15:00+00:00,30,HDFCBANK,HDFCBANK.NS,754.9500122070312,757.1500244140625,753.6500244140625,754.0,3150355,Yahoo Finance automated fallback,https://query1.finance.yahoo.com/v8/finance/chart/HDFCBANK.NS?period1=1778238506&period2=1783336106&interval=30m&events=history&includePrePost=false,2026-07-06T11:08:26.544444+00:00
2026-05-12T08:15:00+00:00,2026-05-12T08:45:00+00:00,30,HDFCBANK,HDFCBANK.NS,754.0999755859375,755.7000122070312,752.0499877929688,753.0,2312337,Yahoo Finance automated fallback,https://query1.finance.yahoo.com/v8/finance/chart/HDFCBANK.NS?period1=1778238506&period2=1783336106&interval=30m&events=history&includePrePost=false,2026-07-06T11:08:26.544444+00:00
2026-05-12T08:45:00+00:00,2026-05-12T09:15:00+00:00,30,HDFCBANK,HDFCBANK.NS,752.9500122070312,753.8499755859375,751.0999755859375,752.3499755859375,3560098,Yahoo Finance automated fallback,https://query1.finance.yahoo.com/v8/finance/chart/HDFCBANK.NS?period1=1778238506&period2=1783336106&interval=30m&events=history&includePrePost=false,2026-07-06T11:08:26.544444+00:00
2026-05-12T09:15:00+00:00,2026-05-12T09:45:00+00:00,30,HDFCBANK,HDFCBANK.NS,752.3499755859375,753.25,748.0,748.8499755859375,11005922,Yahoo Finance automated fallback,https://query1.finance.yahoo.com/v8/finance/chart/HDFCBANK.NS?period1=1778238506&period2=1783336106&interval=30m&events=history&includePrePost=false,2026-07-06T11:08:26.544444+00:00
2026-05-12T09:45:00+00:00,2026-05-12T10:15:00+00:00,30,HDFCBANK,HDFCBANK.NS,748.9500122070312,755.4000244140625,748.9500122070312,755.0,4594231,Yahoo Finance automated fallback,https://query1.finance.yahoo.com/v8/finance/chart/HDFCBANK.NS?period1=1778238506&period2=1783336106&interval=30m&events=history&includePrePost=false,2026-07-06T11:08:26.544444+00:00
2026-05-13T03:45:00+00:00,2026-05-13T04:15:00+00:00,30,HDFCBANK,HDFCBANK.NS,751.0,758.3499755859375,747.5999755859375,750.3499755859375,2588354,Yahoo Finance automated fallback,https://query1.finance.yahoo.com/v8/finance/chart/HDFCBANK.NS?period1=1778238506&period2=1783336106&interval=30m&events=history&includePrePost=false,2026-07-06T11:08:26.544444+00:00
2026-05-13T04:15:00+00:00,2026-05-13T04:45:00+00:00,30,HDFCBANK,HDFCBANK.NS,750.3499755859375,752.7000122070312,748.5,751.4500122070312,1891236,Yahoo Finance automated fallback,https://query1.finance.yahoo.com/v8/finance/chart/HDFCBANK.NS?period1=1778238506&period2=1783336106&interval=30m&events=history&includePrePost=false,2026-07-06T11:08:26.544444+00:00
2026-05-13T04:45:00+00:00,2026-05-13T05:15:00+00:00,30,HDFCBANK,HDFCBANK.NS,751.4500122070312,753.9500122070312,750.6500244140625,752.6500244140625,2596458,Yahoo Finance automated fallback,https://query1.finance.yahoo.com/v8/finance/chart/HDFCBANK.NS?period1=1778238506&period2=1783336106&interval=30m&events=history&includePrePost=false,2026-07-06T11:08:26.544444+00:00
2026-05-13T05:15:00+00:00,2026-05-13T05:45:00+00:00,30,HDFCBANK,HDFCBANK.NS,752.5999755859375,753.5,750.0999755859375,751.8499755859375,1148378,Yahoo Finance automated fallback,https://query1.finance.yahoo.com/v8/finance/chart/HDFCBANK.NS?period1=1778238506&period2=1783336106&interval=30m&events=history&includePrePost=false,2026-07-06T11:08:26.544444+00:00
2026-05-13T05:45:00+00:00,2026-05-13T06:15:00+00:00,30,HDFCBANK,HDFCBANK.NS,751.8499755859375,756.25,750.5,755.9500122070312,1160059,Yahoo Finance automated fallback,https://query1.finance.yahoo.com/v8/finance/chart/HDFCBANK.NS?period1=1778238506&period2=1783336106&interval=30m&events=history&includePrePost=false,2026-07-06T11:08:26.544444+00:00
2026-05-13T06:15:00+00:00,2026-05-13T06:45:00+00:00,30,HDFCBANK,HDFCBANK.NS,755.8499755859375,756.5999755859375,754.0499877929688,755.9500122070312,1433426,Yahoo Finance automated fallback,https://query1.finance.yahoo.com/v8/finance/chart/HDFCBANK.NS?period1=1778238506&period2=1783336106&interval=30m&events=history&includePrePost=false,2026-07-06T11:08:26.544444+00:00
2026-05-13T06:45:00+00:00,2026-05-13T07:15:00+00:00,30,HDFCBANK,HDFCBANK.NS,755.9500122070312,756.7000122070312,752.9500122070312,754.25,2152901,Yahoo Finance automated fallback,https://query1.finance.yahoo.com/v8/finance/chart/HDFCBANK.NS?period1=1778238506&period2=1783336106&interval=30m&events=history&includePrePost=false,2026-07-06T11:08:26.544444+00:00
2026-05-13T07:15:00+00:00,2026-05-13T07:45:00+00:00,30,HDFCBANK,HDFCBANK.NS,754.3499755859375,759.9500122070312,754.1500244140625,755.9500122070312,2492386,Yahoo Finance automated fallback,https://query1.finance.yahoo.com/v8/finance/chart/HDFCBANK.NS?period1=1778238506&period2=1783336106&interval=30m&events=history&includePrePost=false,2026-07-06T11:08:26.544444+00:00
2026-05-13T07:45:00+00:00,2026-05-13T08:15:00+00:00,30,HDFCBANK,HDFCBANK.NS,756.0,756.0999755859375,753.9500122070312,755.2000122070312,1144870,Yahoo Finance automated fallback,https://query1.finance.yahoo.com/v8/finance/chart/HDFCBANK.NS?period1=1778238506&period2=1783336106&interval=30m&events=history&includePrePost=false,2026-07-06T11:08:26.544444+00:00
2026-05-13T08:15:00+00:00,2026-05-13T08:45:00+00:00,30,HDFCBANK,HDFCBANK.NS,755.0999755859375,755.75,753.9500122070312,754.5999755859375,1835306,Yahoo Finance automated fallback,https://query1.finance.yahoo.com/v8/finance/chart/HDFCBANK.NS?period1=1778238506&period2=1783336106&interval=30m&events=history&includePrePost=false,2026-07-06T11:08:26.544444+00:00
2026-05-13T08:45:00+00:00,2026-05-13T09:15:00+00:00,30,HDFCBANK,HDFCBANK.NS,754.7000122070312,755.4000244140625,752.0499877929688,752.6500244140625,2103977,Yahoo Finance automated fallback,https://query1.finance.yahoo.com/v8/finance/chart/HDFCBANK.NS?period1=1778238506&period2=1783336106&interval=30m&events=history&includePrePost=false,2026-07-06T11:08:26.544444+00:00
2026-05-13T09:15:00+00:00,2026-05-13T09:45:00+00:00,30,HDFCBANK,HDFCBANK.NS,752.6500244140625,753.8499755859375,748.4000244140625,750.1500244140625,3376004,Yahoo Finance automated fallback,https://query1.finance.yahoo.com/v8/finance/chart/HDFCBANK.NS?period1=1778238506&period2=1783336106&interval=30m&events=history&includePrePost=false,2026-07-06T11:08:26.544444+00:00
2026-05-13T09:45:00+00:00,2026-05-13T10:15:00+00:00,30,HDFCBANK,HDFCBANK.NS,750.0999755859375,750.2999877929688,748.3499755859375,749.1500244140625,2028101,Yahoo Finance automated fallback,https://query1.finance.yahoo.com/v8/finance/chart/HDFCBANK.NS?period1=1778238506&period2=1783336106&interval=30m&events=history&includePrePost=false,2026-07-06T11:08:26.544444+00:00
2026-05-14T03:45:00+00:00,2026-05-14T04:15:00+00:00,30,HDFCBANK,HDFCBANK.NS,750.8499755859375,754.9000244140625,750.5999755859375,752.2999877929688,2507284,Yahoo Finance automated fallback,https://query1.finance.yahoo.com/v8/finance/chart/HDFCBANK.NS?period1=1778238506&period2=1783336106&interval=30m&events=history&includePrePost=false,2026-07-06T11:08:26.544444+00:00
2026-05-14T04:15:00+00:00,2026-05-14T04:45:00+00:00,30,HDFCBANK,HDFCBANK.NS,752.2999877929688,754.25,750.5999755859375,753.0999755859375,2865400,Yahoo Finance automated fallback,https://query1.finance.yahoo.com/v8/finance/chart/HDFCBANK.NS?period1=1778238506&period2=1783336106&interval=30m&events=history&includePrePost=false,2026-07-06T11:08:26.544444+00:00
2026-05-14T04:45:00+00:00,2026-05-14T05:15:00+00:00,30,HDFCBANK,HDFCBANK.NS,753.0499877929688,753.0999755859375,749.0,749.1500244140625,1482289,Yahoo Finance automated fallback,https://query1.finance.yahoo.com/v8/finance/chart/HDFCBANK.NS?period1=1778238506&period2=1783336106&interval=30m&events=history&includePrePost=false,2026-07-06T11:08:26.544444+00:00
2026-05-14T05:15:00+00:00,2026-05-14T05:45:00+00:00,30,HDFCBANK,HDFCBANK.NS,749.0,752.2999877929688,747.0499877929688,752.0,1909627,Yahoo Finance automated fallback,https://query1.finance.yahoo.com/v8/finance/chart/HDFCBANK.NS?period1=1778238506&period2=1783336106&interval=30m&events=history&includePrePost=false,2026-07-06T11:08:26.544444+00:00
2026-05-14T05:45:00+00:00,2026-05-14T06:15:00+00:00,30,HDFCBANK,HDFCBANK.NS,752.0499877929688,775.2000122070312,752.0,771.2999877929688,6444221,Yahoo Finance automated fallback,https://query1.finance.yahoo.com/v8/finance/chart/HDFCBANK.NS?period1=1778238506&period2=1783336106&interval=30m&events=history&includePrePost=false,2026-07-06T11:08:26.544444+00:00
2026-05-14T06:15:00+00:00,2026-05-14T06:45:00+00:00,30,HDFCBANK,HDFCBANK.NS,771.4500122070312,773.0,767.1500244140625,769.7999877929688,5456383,Yahoo Finance automated fallback,https://query1.finance.yahoo.com/v8/finance/chart/HDFCBANK.NS?period1=1778238506&period2=1783336106&interval=30m&events=history&includePrePost=false,2026-07-06T11:08:26.544444+00:00
2026-05-14T06:45:00+00:00,2026-05-14T07:15:00+00:00,30,HDFCBANK,HDFCBANK.NS,769.7999877929688,771.4500122070312,768.25,769.75,1963572,Yahoo Finance automated fallback,https://query1.finance.yahoo.com/v8/finance/chart/HDFCBANK.NS?period1=1778238506&period2=1783336106&interval=30m&events=history&includePrePost=false,2026-07-06T11:08:26.544444+00:00
2026-05-14T07:15:00+00:00,2026-05-14T07:45:00+00:00,30,HDFCBANK,HDFCBANK.NS,769.7999877929688,773.4000244140625,769.5,771.5999755859375,2590521,Yahoo Finance automated fallback,https://query1.finance.yahoo.com/v8/finance/chart/HDFCBANK.NS?period1=1778238506&period2=1783336106&interval=30m&events=history&includePrePost=false,2026-07-06T11:08:26.544444+00:00
2026-05-14T07:45:00+00:00,2026-05-14T08:15:00+00:00,30,HDFCBANK,HDFCBANK.NS,771.7999877929688,777.0,771.1500244140625,775.8499755859375,7279338,Yahoo Finance automated fallback,https://query1.finance.yahoo.com/v8/finance/chart/HDFCBANK.NS?period1=1778238506&period2=1783336106&interval=30m&events=history&includePrePost=false,2026-07-06T11:08:26.544444+00:00
2026-05-14T08:15:00+00:00,2026-05-14T08:45:00+00:00,30,HDFCBANK,HDFCBANK.NS,775.9000244140625,778.2999877929688,774.0999755859375,775.7999877929688,4814648,Yahoo Finance automated fallback,https://query1.finance.yahoo.com/v8/finance/chart/HDFCBANK.NS?period1=1778238506&period2=1783336106&interval=30m&events=history&includePrePost=false,2026-07-06T11:08:26.544444+00:00
2026-05-14T08:45:00+00:00,2026-05-14T09:15:00+00:00,30,HDFCBANK,HDFCBANK.NS,775.75,776.4500122070312,773.0,773.75,2782333,Yahoo Finance automated fallback,https://query1.finance.yahoo.com/v8/finance/chart/HDFCBANK.NS?period1=1778238506&period2=1783336106&interval=30m&events=history&includePrePost=false,2026-07-06T11:08:26.544444+00:00
2026-05-14T09:15:00+00:00,2026-05-14T09:45:00+00:00,30,HDFCBANK,HDFCBANK.NS,773.8499755859375,773.8499755859375,767.3499755859375,769.25,6560839,Yahoo Finance automated fallback,https://query1.finance.yahoo.com/v8/finance/chart/HDFCBANK.NS?period1=1778238506&period2=1783336106&interval=30m&events=history&includePrePost=false,2026-07-06T11:08:26.544444+00:00
2026-05-14T09:45:00+00:00,2026-05-14T10:15:00+00:00,30,HDFCBANK,HDFCBANK.NS,769.25,771.4000244140625,768.2000122070312,770.0999755859375,2625240,Yahoo Finance automated fallback,https://query1.finance.yahoo.com/v8/finance/chart/HDFCBANK.NS?period1=1778238506&period2=1783336106&interval=30m&events=history&includePrePost=false,2026-07-06T11:08:26.544444+00:00
2026-05-15T03:45:00+00:00,2026-05-15T04:15:00+00:00,30,HDFCBANK,HDFCBANK.NS,773.9000244140625,781.7999877929688,768.0499877929688,779.7000122070312,2540963,Yahoo Finance automated fallback,https://query1.finance.yahoo.com/v8/finance/chart/HDFCBANK.NS?period1=1778238506&period2=1783336106&interval=30m&events=history&includePrePost=false,2026-07-06T11:08:26.544444+00:00
2026-05-15T04:15:00+00:00,2026-05-15T04:45:00+00:00,30,HDFCBANK,HDFCBANK.NS,780.0,780.4000244140625,775.5999755859375,778.0,1955704,Yahoo Finance automated fallback,https://query1.finance.yahoo.com/v8/finance/chart/HDFCBANK.NS?period1=1778238506&period2=1783336106&interval=30m&events=history&includePrePost=false,2026-07-06T11:08:26.544444+00:00
2026-05-15T04:45:00+00:00,2026-05-15T05:15:00+00:00,30,HDFCBANK,HDFCBANK.NS,778.0,780.7999877929688,777.3499755859375,780.0,1953718,Yahoo Finance automated fallback,https://query1.finance.yahoo.com/v8/finance/chart/HDFCBANK.NS?period1=1778238506&period2=1783336106&interval=30m&events=history&includePrePost=false,2026-07-06T11:08:26.544444+00:00
2026-05-15T05:15:00+00:00,2026-05-15T05:45:00+00:00,30,HDFCBANK,HDFCBANK.NS,780.0,780.4500122070312,776.2000122070312,776.5999755859375,1393935,Yahoo Finance automated fallback,https://query1.finance.yahoo.com/v8/finance/chart/HDFCBANK.NS?period1=1778238506&period2=1783336106&interval=30m&events=history&includePrePost=false,2026-07-06T11:08:26.544444+00:00
2026-05-15T05:45:00+00:00,2026-05-15T06:15:00+00:00,30,HDFCBANK,HDFCBANK.NS,776.6500244140625,776.75,773.25,775.75,1509270,Yahoo Finance automated fallback,https://query1.finance.yahoo.com/v8/finance/chart/HDFCBANK.NS?period1=1778238506&period2=1783336106&interval=30m&events=history&includePrePost=false,2026-07-06T11:08:26.544444+00:00
2026-05-15T06:15:00+00:00,2026-05-15T06:45:00+00:00,30,HDFCBANK,HDFCBANK.NS,775.75,777.3499755859375,773.7000122070312,776.6500244140625,971680,Yahoo Finance automated fallback,https://query1.finance.yahoo.com/v8/finance/chart/HDFCBANK.NS?period1=1778238506&period2=1783336106&interval=30m&events=history&includePrePost=false,2026-07-06T11:08:26.544444+00:00
2026-05-15T06:45:00+00:00,2026-05-15T07:15:00+00:00,30,HDFCBANK,HDFCBANK.NS,776.7000122070312,776.7000122070312,774.2999877929688,776.5,966874,Yahoo Finance automated fallback,https://query1.finance.yahoo.com/v8/finance/chart/HDFCBANK.NS?period1=1778238506&period2=1783336106&interval=30m&events=history&includePrePost=false,2026-07-06T11:08:26.544444+00:00
2026-05-15T07:15:00+00:00,2026-05-15T07:45:00+00:00,30,HDFCBANK,HDFCBANK.NS,776.25,777.1500244140625,775.0999755859375,775.9500122070312,1083407,Yahoo Finance automated fallback,https://query1.finance.yahoo.com/v8/finance/chart/HDFCBANK.NS?period1=1778238506&period2=1783336106&interval=30m&events=history&includePrePost=false,2026-07-06T11:08:26.544444+00:00
2026-05-15T07:45:00+00:00,2026-05-15T08:15:00+00:00,30,HDFCBANK,HDFCBANK.NS,775.9500122070312,777.2000122070312,772.5,773.7000122070312,2205930,Yahoo Finance automated fallback,https://query1.finance.yahoo.com/v8/finance/chart/HDFCBANK.NS?period1=1778238506&period2=1783336106&interval=30m&events=history&includePrePost=false,2026-07-06T11:08:26.544444+00:00
2026-05-15T08:15:00+00:00,2026-05-15T08:45:00+00:00,30,HDFCBANK,HDFCBANK.NS,773.7000122070312,774.25,771.7000122070312,773.0999755859375,1281040,Yahoo Finance automated fallback,https://query1.finance.yahoo.com/v8/finance/chart/HDFCBANK.NS?period1=1778238506&period2=1783336106&interval=30m&events=history&includePrePost=false,2026-07-06T11:08:26.544444+00:00
2026-05-15T08:45:00+00:00,2026-05-15T09:15:00+00:00,30,HDFCBANK,HDFCBANK.NS,773.0999755859375,773.4000244140625,769.5999755859375,770.8499755859375,1944624,Yahoo Finance automated fallback,https://query1.finance.yahoo.com/v8/finance/chart/HDFCBANK.NS?period1=1778238506&period2=1783336106&interval=30m&events=history&includePrePost=false,2026-07-06T11:08:26.544444+00:00
2026-05-15T09:15:00+00:00,2026-05-15T09:45:00+00:00,30,HDFCBANK,HDFCBANK.NS,771.0,771.0,766.5499877929688,767.0999755859375,3169494,Yahoo Finance automated fallback,https://query1.finance.yahoo.com/v8/finance/chart/HDFCBANK.NS?period1=1778238506&period2=1783336106&interval=30m&events=history&includePrePost=false,2026-07-06T11:08:26.544444+00:00
2026-05-15T09:45:00+00:00,2026-05-15T10:15:00+00:00,30,HDFCBANK,HDFCBANK.NS,767.0999755859375,770.0,765.4500122070312,769.7999877929688,1778539,Yahoo Finance automated fallback,https://query1.finance.yahoo.com/v8/finance/chart/HDFCBANK.NS?period1=1778238506&period2=1783336106&interval=30m&events=history&includePrePost=false,2026-07-06T11:08:26.544444+00:00
2026-05-18T03:45:00+00:00,2026-05-18T04:15:00+00:00,30,HDFCBANK,HDFCBANK.NS,758.8499755859375,758.8499755859375,751.4500122070312,754.5499877929688,1680676,Yahoo Finance automated fallback,https://query1.finance.yahoo.com/v8/finance/chart/HDFCBANK.NS?period1=1778238506&period2=1783336106&interval=30m&events=history&includePrePost=false,2026-07-06T11:08:26.544444+00:00
2026-05-18T04:15:00+00:00,2026-05-18T04:45:00+00:00,30,HDFCBANK,HDFCBANK.NS,754.4000244140625,757.2000122070312,752.6500244140625,756.9000244140625,2004131,Yahoo Finance automated fallback,https://query1.finance.yahoo.com/v8/finance/chart/HDFCBANK.NS?period1=1778238506&period2=1783336106&interval=30m&events=history&includePrePost=false,2026-07-06T11:08:26.544444+00:00
2026-05-18T04:45:00+00:00,2026-05-18T05:15:00+00:00,30,HDFCBANK,HDFCBANK.NS,756.9000244140625,761.5,756.5999755859375,760.0,1797243,Yahoo Finance automated fallback,https://query1.finance.yahoo.com/v8/finance/chart/HDFCBANK.NS?period1=1778238506&period2=1783336106&interval=30m&events=history&includePrePost=false,2026-07-06T11:08:26.544444+00:00
2026-05-18T05:15:00+00:00,2026-05-18T05:45:00+00:00,30,HDFCBANK,HDFCBANK.NS,760.0,763.5,759.5499877929688,763.0999755859375,1395245,Yahoo Finance automated fallback,https://query1.finance.yahoo.com/v8/finance/chart/HDFCBANK.NS?period1=1778238506&period2=1783336106&interval=30m&events=history&includePrePost=false,2026-07-06T11:08:26.544444+00:00
2026-05-18T05:45:00+00:00,2026-05-18T06:15:00+00:00,30,HDFCBANK,HDFCBANK.NS,763.2000122070312,769.0,763.0999755859375,767.25,2522720,Yahoo Finance automated fallback,https://query1.finance.yahoo.com/v8/finance/chart/HDFCBANK.NS?period1=1778238506&period2=1783336106&interval=30m&events=history&includePrePost=false,2026-07-06T11:08:26.544444+00:00
2026-05-18T06:15:00+00:00,2026-05-18T06:45:00+00:00,30,HDFCBANK,HDFCBANK.NS,767.2000122070312,767.5499877929688,764.0,767.5,1924230,Yahoo Finance automated fallback,https://query1.finance.yahoo.com/v8/finance/chart/HDFCBANK.NS?period1=1778238506&period2=1783336106&interval=30m&events=history&includePrePost=false,2026-07-06T11:08:26.544444+00:00
2026-05-18T06:45:00+00:00,2026-05-18T07:15:00+00:00,30,HDFCBANK,HDFCBANK.NS,767.5499877929688,773.0,767.5499877929688,771.3499755859375,1973339,Yahoo Finance automated fallback,https://query1.finance.yahoo.com/v8/finance/chart/HDFCBANK.NS?period1=1778238506&period2=1783336106&interval=30m&events=history&includePrePost=false,2026-07-06T11:08:26.544444+00:00
2026-05-18T07:15:00+00:00,2026-05-18T07:45:00+00:00,30,HDFCBANK,HDFCBANK.NS,771.4000244140625,773.7999877929688,769.7999877929688,772.2000122070312,1802371,Yahoo Finance automated fallback,https://query1.finance.yahoo.com/v8/finance/chart/HDFCBANK.NS?period1=1778238506&period2=1783336106&interval=30m&events=history&includePrePost=false,2026-07-06T11:08:26.544444+00:00
2026-05-18T07:45:00+00:00,2026-05-18T08:15:00+00:00,30,HDFCBANK,HDFCBANK.NS,772.0,773.7000122070312,771.3499755859375,772.1500244140625,1811045,Yahoo Finance automated fallback,https://query1.finance.yahoo.com/v8/finance/chart/HDFCBANK.NS?period1=1778238506&period2=1783336106&interval=30m&events=history&includePrePost=false,2026-07-06T11:08:26.544444+00:00
2026-05-18T08:15:00+00:00,2026-05-18T08:45:00+00:00,30,HDFCBANK,HDFCBANK.NS,772.2000122070312,774.0499877929688,769.0999755859375,769.75,2350381,Yahoo Finance automated fallback,https://query1.finance.yahoo.com/v8/finance/chart/HDFCBANK.NS?period1=1778238506&period2=1783336106&interval=30m&events=history&includePrePost=false,2026-07-06T11:08:26.544444+00:00
2026-05-18T08:45:00+00:00,2026-05-18T09:15:00+00:00,30,HDFCBANK,HDFCBANK.NS,769.7000122070312,770.0499877929688,766.0,766.7999877929688,2578024,Yahoo Finance automated fallback,https://query1.finance.yahoo.com/v8/finance/chart/HDFCBANK.NS?period1=1778238506&period2=1783336106&interval=30m&events=history&includePrePost=false,2026-07-06T11:08:26.544444+00:00
2026-05-18T09:15:00+00:00,2026-05-18T09:45:00+00:00,30,HDFCBANK,HDFCBANK.NS,766.9500122070312,771.3499755859375,766.75,767.7999877929688,4214799,Yahoo Finance automated fallback,https://query1.finance.yahoo.com/v8/finance/chart/HDFCBANK.NS?period1=1778238506&period2=1783336106&interval=30m&events=history&includePrePost=false,2026-07-06T11:08:26.544444+00:00
2026-05-18T09:45:00+00:00,2026-05-18T10:15:00+00:00,30,HDFCBANK,HDFCBANK.NS,767.7999877929688,768.8499755859375,767.0,768.7999877929688,2245831,Yahoo Finance automated fallback,https://query1.finance.yahoo.com/v8/finance/chart/HDFCBANK.NS?period1=1778238506&period2=1783336106&interval=30m&events=history&includePrePost=false,2026-07-06T11:08:26.544444+00:00
2026-05-19T03:45:00+00:00,2026-05-19T04:15:00+00:00,30,HDFCBANK,HDFCBANK.NS,767.0499877929688,769.5999755859375,764.7000122070312,769.0499877929688,2782408,Yahoo Finance automated fallback,https://query1.finance.yahoo.com/v8/finance/chart/HDFCBANK.NS?period1=1778238506&period2=1783336106&interval=30m&events=history&includePrePost=false,2026-07-06T11:08:26.544444+00:00
2026-05-19T04:15:00+00:00,2026-05-19T04:45:00+00:00,30,HDFCBANK,HDFCBANK.NS,769.0999755859375,769.0999755859375,764.0,766.8499755859375,2565487,Yahoo Finance automated fallback,https://query1.finance.yahoo.com/v8/finance/chart/HDFCBANK.NS?period1=1778238506&period2=1783336106&interval=30m&events=history&includePrePost=false,2026-07-06T11:08:26.544444+00:00
2026-05-19T04:45:00+00:00,2026-05-19T05:15:00+00:00,30,HDFCBANK,HDFCBANK.NS,766.7000122070312,769.2000122070312,766.0,767.5999755859375,2162299,Yahoo Finance automated fallback,https://query1.finance.yahoo.com/v8/finance/chart/HDFCBANK.NS?period1=1778238506&period2=1783336106&interval=30m&events=history&includePrePost=false,2026-07-06T11:08:26.544444+00:00
2026-05-19T05:15:00+00:00,2026-05-19T05:45:00+00:00,30,HDFCBANK,HDFCBANK.NS,767.5499877929688,769.0,766.9000244140625,766.9500122070312,1771980,Yahoo Finance automated fallback,https://query1.finance.yahoo.com/v8/finance/chart/HDFCBANK.NS?period1=1778238506&period2=1783336106&interval=30m&events=history&includePrePost=false,2026-07-06T11:08:26.544444+00:00
2026-05-19T05:45:00+00:00,2026-05-19T06:15:00+00:00,30,HDFCBANK,HDFCBANK.NS,766.9500122070312,768.0,765.25,767.5499877929688,1934716,Yahoo Finance automated fallback,https://query1.finance.yahoo.com/v8/finance/chart/HDFCBANK.NS?period1=1778238506&period2=1783336106&interval=30m&events=history&includePrePost=false,2026-07-06T11:08:26.544444+00:00
2026-05-19T06:15:00+00:00,2026-05-19T06:45:00+00:00,30,HDFCBANK,HDFCBANK.NS,767.7000122070312,768.9000244140625,767.0499877929688,768.0999755859375,2109778,Yahoo Finance automated fallback,https://query1.finance.yahoo.com/v8/finance/chart/HDFCBANK.NS?period1=1778238506&period2=1783336106&interval=30m&events=history&includePrePost=false,2026-07-06T11:08:26.544444+00:00
2026-05-19T06:45:00+00:00,2026-05-19T07:15:00+00:00,30,HDFCBANK,HDFCBANK.NS,768.0,770.7000122070312,766.5499877929688,767.0999755859375,2545509,Yahoo Finance automated fallback,https://query1.finance.yahoo.com/v8/finance/chart/HDFCBANK.NS?period1=1778238506&period2=1783336106&interval=30m&events=history&includePrePost=false,2026-07-06T11:08:26.544444+00:00
2026-05-19T07:15:00+00:00,2026-05-19T07:45:00+00:00,30,HDFCBANK,HDFCBANK.NS,767.0999755859375,767.5499877929688,765.3499755859375,766.0999755859375,2098506,Yahoo Finance automated fallback,https://query1.finance.yahoo.com/v8/finance/chart/HDFCBANK.NS?period1=1778238506&period2=1783336106&interval=30m&events=history&includePrePost=false,2026-07-06T11:08:26.544444+00:00
2026-05-19T07:45:00+00:00,2026-05-19T08:15:00+00:00,30,HDFCBANK,HDFCBANK.NS,766.0999755859375,768.2999877929688,765.9000244140625,766.5,2135451,Yahoo Finance automated fallback,https://query1.finance.yahoo.com/v8/finance/chart/HDFCBANK.NS?period1=1778238506&period2=1783336106&interval=30m&events=history&includePrePost=false,2026-07-06T11:08:26.544444+00:00
2026-05-19T08:15:00+00:00,2026-05-19T08:45:00+00:00,30,HDFCBANK,HDFCBANK.NS,766.4500122070312,767.7999877929688,764.7000122070312,765.75,3776410,Yahoo Finance automated fallback,https://query1.finance.yahoo.com/v8/finance/chart/HDFCBANK.NS?period1=1778238506&period2=1783336106&interval=30m&events=history&includePrePost=false,2026-07-06T11:08:26.544444+00:00
2026-05-19T08:45:00+00:00,2026-05-19T09:15:00+00:00,30,HDFCBANK,HDFCBANK.NS,765.7999877929688,766.7999877929688,764.2999877929688,764.4000244140625,3083962,Yahoo Finance automated fallback,https://query1.finance.yahoo.com/v8/finance/chart/HDFCBANK.NS?period1=1778238506&period2=1783336106&interval=30m&events=history&includePrePost=false,2026-07-06T11:08:26.544444+00:00
2026-05-19T09:15:00+00:00,2026-05-19T09:45:00+00:00,30,HDFCBANK,HDFCBANK.NS,764.4000244140625,765.2999877929688,760.75,764.0499877929688,7603323,Yahoo Finance automated fallback,https://query1.finance.yahoo.com/v8/finance/chart/HDFCBANK.NS?period1=1778238506&period2=1783336106&interval=30m&events=history&includePrePost=false,2026-07-06T11:08:26.544444+00:00
2026-05-19T09:45:00+00:00,2026-05-19T10:15:00+00:00,30,HDFCBANK,HDFCBANK.NS,764.0499877929688,765.0499877929688,761.0,762.7999877929688,2948399,Yahoo Finance automated fallback,https://query1.finance.yahoo.com/v8/finance/chart/HDFCBANK.NS?period1=1778238506&period2=1783336106&interval=30m&events=history&includePrePost=false,2026-07-06T11:08:26.544444+00:00
2026-05-20T03:45:00+00:00,2026-05-20T04:15:00+00:00,30,HDFCBANK,HDFCBANK.NS,759.0499877929688,761.9500122070312,757.3499755859375,760.6500244140625,2556673,Yahoo Finance automated fallback,https://query1.finance.yahoo.com/v8/finance/chart/HDFCBANK.NS?period1=1778238506&period2=1783336106&interval=30m&events=history&includePrePost=false,2026-07-06T11:08:26.544444+00:00
2026-05-20T04:15:00+00:00,2026-05-20T04:45:00+00:00,30,HDFCBANK,HDFCBANK.NS,760.7000122070312,761.0,758.0999755859375,758.2999877929688,1260174,Yahoo Finance automated fallback,https://query1.finance.yahoo.com/v8/finance/chart/HDFCBANK.NS?period1=1778238506&period2=1783336106&interval=30m&events=history&includePrePost=false,2026-07-06T11:08:26.544444+00:00
2026-05-20T04:45:00+00:00,2026-05-20T05:15:00+00:00,30,HDFCBANK,HDFCBANK.NS,758.25,760.0,756.5,756.7999877929688,2372579,Yahoo Finance automated fallback,https://query1.finance.yahoo.com/v8/finance/chart/HDFCBANK.NS?period1=1778238506&period2=1783336106&interval=30m&events=history&includePrePost=false,2026-07-06T11:08:26.544444+00:00
2026-05-20T05:15:00+00:00,2026-05-20T05:45:00+00:00,30,HDFCBANK,HDFCBANK.NS,756.9000244140625,759.3499755859375,755.2000122070312,758.8499755859375,1716699,Yahoo Finance automated fallback,https://query1.finance.yahoo.com/v8/finance/chart/HDFCBANK.NS?period1=1778238506&period2=1783336106&interval=30m&events=history&includePrePost=false,2026-07-06T11:08:26.544444+00:00
2026-05-20T05:45:00+00:00,2026-05-20T06:15:00+00:00,30,HDFCBANK,HDFCBANK.NS,758.9000244140625,762.25,758.7999877929688,759.2999877929688,2348379,Yahoo Finance automated fallback,https://query1.finance.yahoo.com/v8/finance/chart/HDFCBANK.NS?period1=1778238506&period2=1783336106&interval=30m&events=history&includePrePost=false,2026-07-06T11:08:26.544444+00:00
2026-05-20T06:15:00+00:00,2026-05-20T06:45:00+00:00,30,HDFCBANK,HDFCBANK.NS,759.5499877929688,761.3499755859375,757.0,757.2000122070312,1136668,Yahoo Finance automated fallback,https://query1.finance.yahoo.com/v8/finance/chart/HDFCBANK.NS?period1=1778238506&period2=1783336106&interval=30m&events=history&includePrePost=false,2026-07-06T11:08:26.544444+00:00
2026-05-20T06:45:00+00:00,2026-05-20T07:15:00+00:00,30,HDFCBANK,HDFCBANK.NS,757.2000122070312,758.7999877929688,756.7999877929688,757.5999755859375,979873,Yahoo Finance automated fallback,https://query1.finance.yahoo.com/v8/finance/chart/HDFCBANK.NS?period1=1778238506&period2=1783336106&interval=30m&events=history&includePrePost=false,2026-07-06T11:08:26.544444+00:00
2026-05-20T07:15:00+00:00,2026-05-20T07:45:00+00:00,30,HDFCBANK,HDFCBANK.NS,757.6500244140625,758.7999877929688,756.0999755859375,758.7000122070312,1149903,Yahoo Finance automated fallback,https://query1.finance.yahoo.com/v8/finance/chart/HDFCBANK.NS?period1=1778238506&period2=1783336106&interval=30m&events=history&includePrePost=false,2026-07-06T11:08:26.544444+00:00
2026-05-20T07:45:00+00:00,2026-05-20T08:15:00+00:00,30,HDFCBANK,HDFCBANK.NS,758.7000122070312,759.0,756.2999877929688,757.7999877929688,1212560,Yahoo Finance automated fallback,https://query1.finance.yahoo.com/v8/finance/chart/HDFCBANK.NS?period1=1778238506&period2=1783336106&interval=30m&events=history&includePrePost=false,2026-07-06T11:08:26.544444+00:00
2026-05-20T08:15:00+00:00,2026-05-20T08:45:00+00:00,30,HDFCBANK,HDFCBANK.NS,757.9500122070312,761.4500122070312,757.5999755859375,760.5,1476459,Yahoo Finance automated fallback,https://query1.finance.yahoo.com/v8/finance/chart/HDFCBANK.NS?period1=1778238506&period2=1783336106&interval=30m&events=history&includePrePost=false,2026-07-06T11:08:26.544444+00:00
2026-05-20T08:45:00+00:00,2026-05-20T09:15:00+00:00,30,HDFCBANK,HDFCBANK.NS,760.5,761.8499755859375,759.5999755859375,760.3499755859375,1467468,Yahoo Finance automated fallback,https://query1.finance.yahoo.com/v8/finance/chart/HDFCBANK.NS?period1=1778238506&period2=1783336106&interval=30m&events=history&includePrePost=false,2026-07-06T11:08:26.544444+00:00
2026-05-20T09:15:00+00:00,2026-05-20T09:45:00+00:00,30,HDFCBANK,HDFCBANK.NS,760.1500244140625,761.0999755859375,758.1500244140625,759.9500122070312,3167865,Yahoo Finance automated fallback,https://query1.finance.yahoo.com/v8/finance/chart/HDFCBANK.NS?period1=1778238506&period2=1783336106&interval=30m&events=history&includePrePost=false,2026-07-06T11:08:26.544444+00:00
2026-05-20T09:45:00+00:00,2026-05-20T10:15:00+00:00,30,HDFCBANK,HDFCBANK.NS,759.9500122070312,760.7999877929688,759.0,760.7000122070312,1898476,Yahoo Finance automated fallback,https://query1.finance.yahoo.com/v8/finance/chart/HDFCBANK.NS?period1=1778238506&period2=1783336106&interval=30m&events=history&includePrePost=false,2026-07-06T11:08:26.544444+00:00
2026-05-21T03:45:00+00:00,2026-05-21T04:15:00+00:00,30,HDFCBANK,HDFCBANK.NS,766.0499877929688,768.0,762.0999755859375,765.8499755859375,2836799,Yahoo Finance automated fallback,https://query1.finance.yahoo.com/v8/finance/chart/HDFCBANK.NS?period1=1778238506&period2=1783336106&interval=30m&events=history&includePrePost=false,2026-07-06T11:08:26.544444+00:00
2026-05-21T04:15:00+00:00,2026-05-21T04:45:00+00:00,30,HDFCBANK,HDFCBANK.NS,766.0499877929688,766.4500122070312,763.0,763.2999877929688,2792849,Yahoo Finance automated fallback,https://query1.finance.yahoo.com/v8/finance/chart/HDFCBANK.NS?period1=1778238506&period2=1783336106&interval=30m&events=history&includePrePost=false,2026-07-06T11:08:26.544444+00:00
2026-05-21T04:45:00+00:00,2026-05-21T05:15:00+00:00,30,HDFCBANK,HDFCBANK.NS,763.2999877929688,766.5999755859375,763.0,765.0499877929688,2146045,Yahoo Finance automated fallback,https://query1.finance.yahoo.com/v8/finance/chart/HDFCBANK.NS?period1=1778238506&period2=1783336106&interval=30m&events=history&includePrePost=false,2026-07-06T11:08:26.544444+00:00
2026-05-21T05:15:00+00:00,2026-05-21T05:45:00+00:00,30,HDFCBANK,HDFCBANK.NS,765.0499877929688,766.0499877929688,761.0,761.3499755859375,2454158,Yahoo Finance automated fallback,https://query1.finance.yahoo.com/v8/finance/chart/HDFCBANK.NS?period1=1778238506&period2=1783336106&interval=30m&events=history&includePrePost=false,2026-07-06T11:08:26.544444+00:00
2026-05-21T05:45:00+00:00,2026-05-21T06:15:00+00:00,30,HDFCBANK,HDFCBANK.NS,761.4000244140625,762.75,758.5999755859375,762.0,1458392,Yahoo Finance automated fallback,https://query1.finance.yahoo.com/v8/finance/chart/HDFCBANK.NS?period1=1778238506&period2=1783336106&interval=30m&events=history&includePrePost=false,2026-07-06T11:08:26.544444+00:00
2026-05-21T06:15:00+00:00,2026-05-21T06:45:00+00:00,30,HDFCBANK,HDFCBANK.NS,761.9500122070312,762.0,759.2000122070312,759.2000122070312,1007070,Yahoo Finance automated fallback,https://query1.finance.yahoo.com/v8/finance/chart/HDFCBANK.NS?period1=1778238506&period2=1783336106&interval=30m&events=history&includePrePost=false,2026-07-06T11:08:26.544444+00:00
2026-05-21T06:45:00+00:00,2026-05-21T07:15:00+00:00,30,HDFCBANK,HDFCBANK.NS,759.3499755859375,760.9500122070312,756.5,758.0999755859375,3094471,Yahoo Finance automated fallback,https://query1.finance.yahoo.com/v8/finance/chart/HDFCBANK.NS?period1=1778238506&period2=1783336106&interval=30m&events=history&includePrePost=false,2026-07-06T11:08:26.544444+00:00
2026-05-21T07:15:00+00:00,2026-05-21T07:45:00+00:00,30,HDFCBANK,HDFCBANK.NS,758.1500244140625,758.4000244140625,755.2000122070312,756.4500122070312,2178162,Yahoo Finance automated fallback,https://query1.finance.yahoo.com/v8/finance/chart/HDFCBANK.NS?period1=1778238506&period2=1783336106&interval=30m&events=history&includePrePost=false,2026-07-06T11:08:26.544444+00:00
2026-05-21T07:45:00+00:00,2026-05-21T08:15:00+00:00,30,HDFCBANK,HDFCBANK.NS,756.4000244140625,758.0,755.5,757.4000244140625,1905299,Yahoo Finance automated fallback,https://query1.finance.yahoo.com/v8/finance/chart/HDFCBANK.NS?period1=1778238506&period2=1783336106&interval=30m&events=history&includePrePost=false,2026-07-06T11:08:26.544444+00:00
2026-05-21T08:15:00+00:00,2026-05-21T08:45:00+00:00,30,HDFCBANK,HDFCBANK.NS,757.5,758.8499755859375,755.5,757.0499877929688,2299272,Yahoo Finance automated fallback,https://query1.finance.yahoo.com/v8/finance/chart/HDFCBANK.NS?period1=1778238506&period2=1783336106&interval=30m&events=history&includePrePost=false,2026-07-06T11:08:26.544444+00:00
2026-05-21T08:45:00+00:00,2026-05-21T09:15:00+00:00,30,HDFCBANK,HDFCBANK.NS,756.9000244140625,761.7000122070312,756.5499877929688,760.3499755859375,3346220,Yahoo Finance automated fallback,https://query1.finance.yahoo.com/v8/finance/chart/HDFCBANK.NS?period1=1778238506&period2=1783336106&interval=30m&events=history&includePrePost=false,2026-07-06T11:08:26.544444+00:00
2026-05-21T09:15:00+00:00,2026-05-21T09:45:00+00:00,30,HDFCBANK,HDFCBANK.NS,760.4500122070312,761.2999877929688,757.6500244140625,757.7999877929688,5278897,Yahoo Finance automated fallback,https://query1.finance.yahoo.com/v8/finance/chart/HDFCBANK.NS?period1=1778238506&period2=1783336106&interval=30m&events=history&includePrePost=false,2026-07-06T11:08:26.544444+00:00
2026-05-21T09:45:00+00:00,2026-05-21T10:15:00+00:00,30,HDFCBANK,HDFCBANK.NS,757.9500122070312,759.4000244140625,757.25,758.7999877929688,2009024,Yahoo Finance automated fallback,https://query1.finance.yahoo.com/v8/finance/chart/HDFCBANK.NS?period1=1778238506&period2=1783336106&interval=30m&events=history&includePrePost=false,2026-07-06T11:08:26.544444+00:00
2026-05-22T03:45:00+00:00,2026-05-22T04:15:00+00:00,30,HDFCBANK,HDFCBANK.NS,760.5,769.4000244140625,760.4500122070312,769.2000122070312,2946198,Yahoo Finance automated fallback,https://query1.finance.yahoo.com/v8/finance/chart/HDFCBANK.NS?period1=1778238506&period2=1783336106&interval=30m&events=history&includePrePost=false,2026-07-06T11:08:26.544444+00:00
2026-05-22T04:15:00+00:00,2026-05-22T04:45:00+00:00,30,HDFCBANK,HDFCBANK.NS,768.9500122070312,775.0,768.5499877929688,773.75,3606100,Yahoo Finance automated fallback,https://query1.finance.yahoo.com/v8/finance/chart/HDFCBANK.NS?period1=1778238506&period2=1783336106&interval=30m&events=history&includePrePost=false,2026-07-06T11:08:26.544444+00:00
2026-05-22T04:45:00+00:00,2026-05-22T05:15:00+00:00,30,HDFCBANK,HDFCBANK.NS,773.75,774.0,769.5499877929688,771.2000122070312,2179643,Yahoo Finance automated fallback,https://query1.finance.yahoo.com/v8/finance/chart/HDFCBANK.NS?period1=1778238506&period2=1783336106&interval=30m&events=history&includePrePost=false,2026-07-06T11:08:26.544444+00:00
2026-05-22T05:15:00+00:00,2026-05-22T05:45:00+00:00,30,HDFCBANK,HDFCBANK.NS,771.2999877929688,771.9500122070312,768.5999755859375,768.6500244140625,905124,Yahoo Finance automated fallback,https://query1.finance.yahoo.com/v8/finance/chart/HDFCBANK.NS?period1=1778238506&period2=1783336106&interval=30m&events=history&includePrePost=false,2026-07-06T11:08:26.544444+00:00
2026-05-22T05:45:00+00:00,2026-05-22T06:15:00+00:00,30,HDFCBANK,HDFCBANK.NS,768.7999877929688,770.4500122070312,767.7999877929688,770.2999877929688,1080777,Yahoo Finance automated fallback,https://query1.finance.yahoo.com/v8/finance/chart/HDFCBANK.NS?period1=1778238506&period2=1783336106&interval=30m&events=history&includePrePost=false,2026-07-06T11:08:26.544444+00:00
2026-05-22T06:15:00+00:00,2026-05-22T06:45:00+00:00,30,HDFCBANK,HDFCBANK.NS,770.2999877929688,771.9000244140625,768.5499877929688,768.8499755859375,807228,Yahoo Finance automated fallback,https://query1.finance.yahoo.com/v8/finance/chart/HDFCBANK.NS?period1=1778238506&period2=1783336106&interval=30m&events=history&includePrePost=false,2026-07-06T11:08:26.544444+00:00
2026-05-22T06:45:00+00:00,2026-05-22T07:15:00+00:00,30,HDFCBANK,HDFCBANK.NS,768.8499755859375,769.25,767.75,769.0499877929688,768559,Yahoo Finance automated fallback,https://query1.finance.yahoo.com/v8/finance/chart/HDFCBANK.NS?period1=1778238506&period2=1783336106&interval=30m&events=history&includePrePost=false,2026-07-06T11:08:26.544444+00:00
2026-05-22T07:15:00+00:00,2026-05-22T07:45:00+00:00,30,HDFCBANK,HDFCBANK.NS,769.25,772.0,768.9000244140625,771.0,1505227,Yahoo Finance automated fallback,https://query1.finance.yahoo.com/v8/finance/chart/HDFCBANK.NS?period1=1778238506&period2=1783336106&interval=30m&events=history&includePrePost=false,2026-07-06T11:08:26.544444+00:00
2026-05-22T07:45:00+00:00,2026-05-22T08:15:00+00:00,30,HDFCBANK,HDFCBANK.NS,771.0,771.1500244140625,768.1500244140625,768.4000244140625,2404714,Yahoo Finance automated fallback,https://query1.finance.yahoo.com/v8/finance/chart/HDFCBANK.NS?period1=1778238506&period2=1783336106&interval=30m&events=history&includePrePost=false,2026-07-06T11:08:26.544444+00:00
2026-05-22T08:15:00+00:00,2026-05-22T08:45:00+00:00,30,HDFCBANK,HDFCBANK.NS,768.3499755859375,769.4000244140625,765.5999755859375,767.0999755859375,1711675,Yahoo Finance automated fallback,https://query1.finance.yahoo.com/v8/finance/chart/HDFCBANK.NS?period1=1778238506&period2=1783336106&interval=30m&events=history&includePrePost=false,2026-07-06T11:08:26.544444+00:00
2026-05-22T08:45:00+00:00,2026-05-22T09:15:00+00:00,30,HDFCBANK,HDFCBANK.NS,767.1500244140625,767.5,764.1500244140625,764.3499755859375,1274659,Yahoo Finance automated fallback,https://query1.finance.yahoo.com/v8/finance/chart/HDFCBANK.NS?period1=1778238506&period2=1783336106&interval=30m&events=history&includePrePost=false,2026-07-06T11:08:26.544444+00:00
2026-05-22T09:15:00+00:00,2026-05-22T09:45:00+00:00,30,HDFCBANK,HDFCBANK.NS,764.4500122070312,766.9500122070312,764.2999877929688,766.75,3103578,Yahoo Finance automated fallback,https://query1.finance.yahoo.com/v8/finance/chart/HDFCBANK.NS?period1=1778238506&period2=1783336106&interval=30m&events=history&includePrePost=false,2026-07-06T11:08:26.544444+00:00
2026-05-22T09:45:00+00:00,2026-05-22T10:15:00+00:00,30,HDFCBANK,HDFCBANK.NS,766.6500244140625,769.0999755859375,766.4000244140625,766.7999877929688,2257185,Yahoo Finance automated fallback,https://query1.finance.yahoo.com/v8/finance/chart/HDFCBANK.NS?period1=1778238506&period2=1783336106&interval=30m&events=history&includePrePost=false,2026-07-06T11:08:26.544444+00:00
2026-05-25T03:45:00+00:00,2026-05-25T04:15:00+00:00,30,HDFCBANK,HDFCBANK.NS,776.0499877929688,785.9500122070312,776.0499877929688,782.5499877929688,4325751,Yahoo Finance automated fallback,https://query1.finance.yahoo.com/v8/finance/chart/HDFCBANK.NS?period1=1778238506&period2=1783336106&interval=30m&events=history&includePrePost=false,2026-07-06T11:08:26.544444+00:00
2026-05-25T04:15:00+00:00,2026-05-25T04:45:00+00:00,30,HDFCBANK,HDFCBANK.NS,782.5999755859375,782.6500244140625,779.5999755859375,781.5,2813815,Yahoo Finance automated fallback,https://query1.finance.yahoo.com/v8/finance/chart/HDFCBANK.NS?period1=1778238506&period2=1783336106&interval=30m&events=history&includePrePost=false,2026-07-06T11:08:26.544444+00:00
2026-05-25T04:45:00+00:00,2026-05-25T05:15:00+00:00,30,HDFCBANK,HDFCBANK.NS,781.3499755859375,785.5999755859375,781.1500244140625,785.0499877929688,2116564,Yahoo Finance automated fallback,https://query1.finance.yahoo.com/v8/finance/chart/HDFCBANK.NS?period1=1778238506&period2=1783336106&interval=30m&events=history&includePrePost=false,2026-07-06T11:08:26.544444+00:00
2026-05-25T05:15:00+00:00,2026-05-25T05:45:00+00:00,30,HDFCBANK,HDFCBANK.NS,785.1500244140625,785.8499755859375,783.8499755859375,784.9000244140625,1363436,Yahoo Finance automated fallback,https://query1.finance.yahoo.com/v8/finance/chart/HDFCBANK.NS?period1=1778238506&period2=1783336106&interval=30m&events=history&includePrePost=false,2026-07-06T11:08:26.544444+00:00
2026-05-25T05:45:00+00:00,2026-05-25T06:15:00+00:00,30,HDFCBANK,HDFCBANK.NS,784.8499755859375,785.0,783.5499877929688,784.2999877929688,1205774,Yahoo Finance automated fallback,https://query1.finance.yahoo.com/v8/finance/chart/HDFCBANK.NS?period1=1778238506&period2=1783336106&interval=30m&events=history&includePrePost=false,2026-07-06T11:08:26.544444+00:00
2026-05-25T06:15:00+00:00,2026-05-25T06:45:00+00:00,30,HDFCBANK,HDFCBANK.NS,784.3499755859375,784.75,783.0,783.4500122070312,894935,Yahoo Finance automated fallback,https://query1.finance.yahoo.com/v8/finance/chart/HDFCBANK.NS?period1=1778238506&period2=1783336106&interval=30m&events=history&includePrePost=false,2026-07-06T11:08:26.544444+00:00
2026-05-25T06:45:00+00:00,2026-05-25T07:15:00+00:00,30,HDFCBANK,HDFCBANK.NS,783.4000244140625,783.9500122070312,783.0999755859375,783.5,837482,Yahoo Finance automated fallback,https://query1.finance.yahoo.com/v8/finance/chart/HDFCBANK.NS?period1=1778238506&period2=1783336106&interval=30m&events=history&includePrePost=false,2026-07-06T11:08:26.544444+00:00
2026-05-25T07:15:00+00:00,2026-05-25T07:45:00+00:00,30,HDFCBANK,HDFCBANK.NS,783.5999755859375,785.0,782.5999755859375,784.9000244140625,1272519,Yahoo Finance automated fallback,https://query1.finance.yahoo.com/v8/finance/chart/HDFCBANK.NS?period1=1778238506&period2=1783336106&interval=30m&events=history&includePrePost=false,2026-07-06T11:08:26.544444+00:00
2026-05-25T07:45:00+00:00,2026-05-25T08:15:00+00:00,30,HDFCBANK,HDFCBANK.NS,784.9000244140625,784.9000244140625,783.25,783.4500122070312,1059434,Yahoo Finance automated fallback,https://query1.finance.yahoo.com/v8/finance/chart/HDFCBANK.NS?period1=1778238506&period2=1783336106&interval=30m&events=history&includePrePost=false,2026-07-06T11:08:26.544444+00:00
2026-05-25T08:15:00+00:00,2026-05-25T08:45:00+00:00,30,HDFCBANK,HDFCBANK.NS,783.5,784.9500122070312,783.3499755859375,784.0,1363053,Yahoo Finance automated fallback,https://query1.finance.yahoo.com/v8/finance/chart/HDFCBANK.NS?period1=1778238506&period2=1783336106&interval=30m&events=history&includePrePost=false,2026-07-06T11:08:26.544444+00:00
2026-05-25T08:45:00+00:00,2026-05-25T09:15:00+00:00,30,HDFCBANK,HDFCBANK.NS,784.0,786.5999755859375,782.9500122070312,786.5,2148505,Yahoo Finance automated fallback,https://query1.finance.yahoo.com/v8/finance/chart/HDFCBANK.NS?period1=1778238506&period2=1783336106&interval=30m&events=history&includePrePost=false,2026-07-06T11:08:26.544444+00:00
2026-05-25T09:15:00+00:00,2026-05-25T09:45:00+00:00,30,HDFCBANK,HDFCBANK.NS,786.4000244140625,787.7000122070312,786.0499877929688,787.0,2600760,Yahoo Finance automated fallback,https://query1.finance.yahoo.com/v8/finance/chart/HDFCBANK.NS?period1=1778238506&period2=1783336106&interval=30m&events=history&includePrePost=false,2026-07-06T11:08:26.544444+00:00
2026-05-25T09:45:00+00:00,2026-05-25T10:15:00+00:00,30,HDFCBANK,HDFCBANK.NS,787.0,787.7999877929688,785.8499755859375,787.0999755859375,1783443,Yahoo Finance automated fallback,https://query1.finance.yahoo.com/v8/finance/chart/HDFCBANK.NS?period1=1778238506&period2=1783336106&interval=30m&events=history&includePrePost=false,2026-07-06T11:08:26.544444+00:00
2026-05-26T03:45:00+00:00,2026-05-26T04:15:00+00:00,30,HDFCBANK,HDFCBANK.NS,784.4000244140625,790.7999877929688,784.2999877929688,789.0499877929688,2114293,Yahoo Finance automated fallback,https://query1.finance.yahoo.com/v8/finance/chart/HDFCBANK.NS?period1=1778238506&period2=1783336106&interval=30m&events=history&includePrePost=false,2026-07-06T11:08:26.544444+00:00
2026-05-26T04:15:00+00:00,2026-05-26T04:45:00+00:00,30,HDFCBANK,HDFCBANK.NS,789.25,789.25,785.5,788.0,1822028,Yahoo Finance automated fallback,https://query1.finance.yahoo.com/v8/finance/chart/HDFCBANK.NS?period1=1778238506&period2=1783336106&interval=30m&events=history&includePrePost=false,2026-07-06T11:08:26.544444+00:00
2026-05-26T04:45:00+00:00,2026-05-26T05:15:00+00:00,30,HDFCBANK,HDFCBANK.NS,788.0,790.5999755859375,787.5999755859375,789.5999755859375,2245210,Yahoo Finance automated fallback,https://query1.finance.yahoo.com/v8/finance/chart/HDFCBANK.NS?period1=1778238506&period2=1783336106&interval=30m&events=history&includePrePost=false,2026-07-06T11:08:26.544444+00:00
2026-05-26T05:15:00+00:00,2026-05-26T05:45:00+00:00,30,HDFCBANK,HDFCBANK.NS,789.8499755859375,790.0,788.5499877929688,789.75,1506872,Yahoo Finance automated fallback,https://query1.finance.yahoo.com/v8/finance/chart/HDFCBANK.NS?period1=1778238506&period2=1783336106&interval=30m&events=history&includePrePost=false,2026-07-06T11:08:26.544444+00:00
2026-05-26T05:45:00+00:00,2026-05-26T06:15:00+00:00,30,HDFCBANK,HDFCBANK.NS,789.5499877929688,790.3499755859375,787.0999755859375,789.6500244140625,1657702,Yahoo Finance automated fallback,https://query1.finance.yahoo.com/v8/finance/chart/HDFCBANK.NS?period1=1778238506&period2=1783336106&interval=30m&events=history&includePrePost=false,2026-07-06T11:08:26.544444+00:00
2026-05-26T06:15:00+00:00,2026-05-26T06:45:00+00:00,30,HDFCBANK,HDFCBANK.NS,789.6500244140625,789.8499755859375,785.5999755859375,785.9500122070312,1290959,Yahoo Finance automated fallback,https://query1.finance.yahoo.com/v8/finance/chart/HDFCBANK.NS?period1=1778238506&period2=1783336106&interval=30m&events=history&includePrePost=false,2026-07-06T11:08:26.544444+00:00
2026-05-26T06:45:00+00:00,2026-05-26T07:15:00+00:00,30,HDFCBANK,HDFCBANK.NS,785.7000122070312,785.9500122070312,784.3499755859375,785.2999877929688,1387650,Yahoo Finance automated fallback,https://query1.finance.yahoo.com/v8/finance/chart/HDFCBANK.NS?period1=1778238506&period2=1783336106&interval=30m&events=history&includePrePost=false,2026-07-06T11:08:26.544444+00:00
2026-05-26T07:15:00+00:00,2026-05-26T07:45:00+00:00,30,HDFCBANK,HDFCBANK.NS,785.2999877929688,785.7000122070312,782.7000122070312,783.2000122070312,2933731,Yahoo Finance automated fallback,https://query1.finance.yahoo.com/v8/finance/chart/HDFCBANK.NS?period1=1778238506&period2=1783336106&interval=30m&events=history&includePrePost=false,2026-07-06T11:08:26.544444+00:00
2026-05-26T07:45:00+00:00,2026-05-26T08:15:00+00:00,30,HDFCBANK,HDFCBANK.NS,783.2000122070312,784.7999877929688,782.1500244140625,782.1500244140625,2419891,Yahoo Finance automated fallback,https://query1.finance.yahoo.com/v8/finance/chart/HDFCBANK.NS?period1=1778238506&period2=1783336106&interval=30m&events=history&includePrePost=false,2026-07-06T11:08:26.544444+00:00
2026-05-26T08:15:00+00:00,2026-05-26T08:45:00+00:00,30,HDFCBANK,HDFCBANK.NS,782.1500244140625,783.0,779.5499877929688,780.4500122070312,2292072,Yahoo Finance automated fallback,https://query1.finance.yahoo.com/v8/finance/chart/HDFCBANK.NS?period1=1778238506&period2=1783336106&interval=30m&events=history&includePrePost=false,2026-07-06T11:08:26.544444+00:00
2026-05-26T08:45:00+00:00,2026-05-26T09:15:00+00:00,30,HDFCBANK,HDFCBANK.NS,780.5499877929688,781.9000244140625,777.6500244140625,777.9000244140625,3090106,Yahoo Finance automated fallback,https://query1.finance.yahoo.com/v8/finance/chart/HDFCBANK.NS?period1=1778238506&period2=1783336106&interval=30m&events=history&includePrePost=false,2026-07-06T11:08:26.544444+00:00
2026-05-26T09:15:00+00:00,2026-05-26T09:45:00+00:00,30,HDFCBANK,HDFCBANK.NS,778.0499877929688,780.6500244140625,776.8499755859375,778.9000244140625,6054961,Yahoo Finance automated fallback,https://query1.finance.yahoo.com/v8/finance/chart/HDFCBANK.NS?period1=1778238506&period2=1783336106&interval=30m&events=history&includePrePost=false,2026-07-06T11:08:26.544444+00:00
2026-05-26T09:45:00+00:00,2026-05-26T10:15:00+00:00,30,HDFCBANK,HDFCBANK.NS,778.9500122070312,780.9500122070312,778.5,780.25,1696341,Yahoo Finance automated fallback,https://query1.finance.yahoo.com/v8/finance/chart/HDFCBANK.NS?period1=1778238506&period2=1783336106&interval=30m&events=history&includePrePost=false,2026-07-06T11:08:26.544444+00:00
2026-05-27T03:45:00+00:00,2026-05-27T04:15:00+00:00,30,HDFCBANK,HDFCBANK.NS,769.5,771.7000122070312,762.5499877929688,766.0,5785907,Yahoo Finance automated fallback,https://query1.finance.yahoo.com/v8/finance/chart/HDFCBANK.NS?period1=1778238506&period2=1783336106&interval=30m&events=history&includePrePost=false,2026-07-06T11:08:26.544444+00:00
2026-05-27T04:15:00+00:00,2026-05-27T04:45:00+00:00,30,HDFCBANK,HDFCBANK.NS,765.8499755859375,765.8499755859375,761.25,764.5,4623679,Yahoo Finance automated fallback,https://query1.finance.yahoo.com/v8/finance/chart/HDFCBANK.NS?period1=1778238506&period2=1783336106&interval=30m&events=history&includePrePost=false,2026-07-06T11:08:26.544444+00:00
2026-05-27T04:45:00+00:00,2026-05-27T05:15:00+00:00,30,HDFCBANK,HDFCBANK.NS,764.4000244140625,765.5,763.5,763.6500244140625,2393066,Yahoo Finance automated fallback,https://query1.finance.yahoo.com/v8/finance/chart/HDFCBANK.NS?period1=1778238506&period2=1783336106&interval=30m&events=history&includePrePost=false,2026-07-06T11:08:26.544444+00:00
2026-05-27T05:15:00+00:00,2026-05-27T05:45:00+00:00,30,HDFCBANK,HDFCBANK.NS,763.7000122070312,765.4500122070312,763.0999755859375,765.2999877929688,1918957,Yahoo Finance automated fallback,https://query1.finance.yahoo.com/v8/finance/chart/HDFCBANK.NS?period1=1778238506&period2=1783336106&interval=30m&events=history&includePrePost=false,2026-07-06T11:08:26.544444+00:00
2026-05-27T05:45:00+00:00,2026-05-27T06:15:00+00:00,30,HDFCBANK,HDFCBANK.NS,765.2999877929688,766.2000122070312,764.0,764.0499877929688,1887582,Yahoo Finance automated fallback,https://query1.finance.yahoo.com/v8/finance/chart/HDFCBANK.NS?period1=1778238506&period2=1783336106&interval=30m&events=history&includePrePost=false,2026-07-06T11:08:26.544444+00:00
2026-05-27T06:15:00+00:00,2026-05-27T06:45:00+00:00,30,HDFCBANK,HDFCBANK.NS,764.0999755859375,764.1500244140625,761.3499755859375,761.7000122070312,3025766,Yahoo Finance automated fallback,https://query1.finance.yahoo.com/v8/finance/chart/HDFCBANK.NS?period1=1778238506&period2=1783336106&interval=30m&events=history&includePrePost=false,2026-07-06T11:08:26.544444+00:00
2026-05-27T06:45:00+00:00,2026-05-27T07:15:00+00:00,30,HDFCBANK,HDFCBANK.NS,761.7000122070312,762.3499755859375,760.5,762.25,3417532,Yahoo Finance automated fallback,https://query1.finance.yahoo.com/v8/finance/chart/HDFCBANK.NS?period1=1778238506&period2=1783336106&interval=30m&events=history&includePrePost=false,2026-07-06T11:08:26.544444+00:00
2026-05-27T07:15:00+00:00,2026-05-27T07:45:00+00:00,30,HDFCBANK,HDFCBANK.NS,762.25,762.25,758.2000122070312,758.9500122070312,4139511,Yahoo Finance automated fallback,https://query1.finance.yahoo.com/v8/finance/chart/HDFCBANK.NS?period1=1778238506&period2=1783336106&interval=30m&events=history&includePrePost=false,2026-07-06T11:08:26.544444+00:00
2026-05-27T07:45:00+00:00,2026-05-27T08:15:00+00:00,30,HDFCBANK,HDFCBANK.NS,758.75,761.2000122070312,758.4500122070312,759.2999877929688,3492336,Yahoo Finance automated fallback,https://query1.finance.yahoo.com/v8/finance/chart/HDFCBANK.NS?period1=1778238506&period2=1783336106&interval=30m&events=history&includePrePost=false,2026-07-06T11:08:26.544444+00:00
2026-05-27T08:15:00+00:00,2026-05-27T08:45:00+00:00,30,HDFCBANK,HDFCBANK.NS,759.2999877929688,761.1500244140625,758.5499877929688,759.4000244140625,3206394,Yahoo Finance automated fallback,https://query1.finance.yahoo.com/v8/finance/chart/HDFCBANK.NS?period1=1778238506&period2=1783336106&interval=30m&events=history&includePrePost=false,2026-07-06T11:08:26.544444+00:00
2026-05-27T08:45:00+00:00,2026-05-27T09:15:00+00:00,30,HDFCBANK,HDFCBANK.NS,759.3499755859375,761.5,758.0,758.1500244140625,7024169,Yahoo Finance automated fallback,https://query1.finance.yahoo.com/v8/finance/chart/HDFCBANK.NS?period1=1778238506&period2=1783336106&interval=30m&events=history&includePrePost=false,2026-07-06T11:08:26.544444+00:00
2026-05-27T09:15:00+00:00,2026-05-27T09:45:00+00:00,30,HDFCBANK,HDFCBANK.NS,758.0499877929688,759.4000244140625,756.9000244140625,759.4000244140625,7793674,Yahoo Finance automated fallback,https://query1.finance.yahoo.com/v8/finance/chart/HDFCBANK.NS?period1=1778238506&period2=1783336106&interval=30m&events=history&includePrePost=false,2026-07-06T11:08:26.544444+00:00
2026-05-27T09:45:00+00:00,2026-05-27T10:15:00+00:00,30,HDFCBANK,HDFCBANK.NS,759.5499877929688,759.9000244140625,758.1500244140625,759.25,5135071,Yahoo Finance automated fallback,https://query1.finance.yahoo.com/v8/finance/chart/HDFCBANK.NS?period1=1778238506&period2=1783336106&interval=30m&events=history&includePrePost=false,2026-07-06T11:08:26.544444+00:00
2026-05-29T03:45:00+00:00,2026-05-29T04:15:00+00:00,30,HDFCBANK,HDFCBANK.NS,749.7999877929688,756.6500244140625,749.7999877929688,755.0999755859375,4696972,Yahoo Finance automated fallback,https://query1.finance.yahoo.com/v8/finance/chart/HDFCBANK.NS?period1=1778238506&period2=1783336106&interval=30m&events=history&includePrePost=false,2026-07-06T11:08:26.544444+00:00
2026-05-29T04:15:00+00:00,2026-05-29T04:45:00+00:00,30,HDFCBANK,HDFCBANK.NS,755.0999755859375,759.3499755859375,753.9000244140625,758.7999877929688,2968971,Yahoo Finance automated fallback,https://query1.finance.yahoo.com/v8/finance/chart/HDFCBANK.NS?period1=1778238506&period2=1783336106&interval=30m&events=history&includePrePost=false,2026-07-06T11:08:26.544444+00:00
2026-05-29T04:45:00+00:00,2026-05-29T05:15:00+00:00,30,HDFCBANK,HDFCBANK.NS,758.75,759.6500244140625,756.25,757.2000122070312,2845250,Yahoo Finance automated fallback,https://query1.finance.yahoo.com/v8/finance/chart/HDFCBANK.NS?period1=1778238506&period2=1783336106&interval=30m&events=history&includePrePost=false,2026-07-06T11:08:26.544444+00:00
2026-05-29T05:15:00+00:00,2026-05-29T05:45:00+00:00,30,HDFCBANK,HDFCBANK.NS,757.0999755859375,760.4500122070312,756.9000244140625,758.9500122070312,2363506,Yahoo Finance automated fallback,https://query1.finance.yahoo.com/v8/finance/chart/HDFCBANK.NS?period1=1778238506&period2=1783336106&interval=30m&events=history&includePrePost=false,2026-07-06T11:08:26.544444+00:00
2026-05-29T05:45:00+00:00,2026-05-29T06:15:00+00:00,30,HDFCBANK,HDFCBANK.NS,759.0,759.4000244140625,756.5,757.75,1941407,Yahoo Finance automated fallback,https://query1.finance.yahoo.com/v8/finance/chart/HDFCBANK.NS?period1=1778238506&period2=1783336106&interval=30m&events=history&includePrePost=false,2026-07-06T11:08:26.544444+00:00
2026-05-29T06:15:00+00:00,2026-05-29T06:45:00+00:00,30,HDFCBANK,HDFCBANK.NS,757.8499755859375,759.5,756.25,756.9000244140625,1498787,Yahoo Finance automated fallback,https://query1.finance.yahoo.com/v8/finance/chart/HDFCBANK.NS?period1=1778238506&period2=1783336106&interval=30m&events=history&includePrePost=false,2026-07-06T11:08:26.544444+00:00
2026-05-29T06:45:00+00:00,2026-05-29T07:15:00+00:00,30,HDFCBANK,HDFCBANK.NS,756.9000244140625,757.5,755.5999755859375,756.2000122070312,1303298,Yahoo Finance automated fallback,https://query1.finance.yahoo.com/v8/finance/chart/HDFCBANK.NS?period1=1778238506&period2=1783336106&interval=30m&events=history&includePrePost=false,2026-07-06T11:08:26.544444+00:00
2026-05-29T07:15:00+00:00,2026-05-29T07:45:00+00:00,30,HDFCBANK,HDFCBANK.NS,756.2000122070312,756.2000122070312,753.5499877929688,753.7000122070312,1517137,Yahoo Finance automated fallback,https://query1.finance.yahoo.com/v8/finance/chart/HDFCBANK.NS?period1=1778238506&period2=1783336106&interval=30m&events=history&includePrePost=false,2026-07-06T11:08:26.544444+00:00
2026-05-29T07:45:00+00:00,2026-05-29T08:15:00+00:00,30,HDFCBANK,HDFCBANK.NS,753.7000122070312,753.9000244140625,752.7999877929688,752.7999877929688,1565391,Yahoo Finance automated fallback,https://query1.finance.yahoo.com/v8/finance/chart/HDFCBANK.NS?period1=1778238506&period2=1783336106&interval=30m&events=history&includePrePost=false,2026-07-06T11:08:26.544444+00:00
2026-05-29T08:15:00+00:00,2026-05-29T08:45:00+00:00,30,HDFCBANK,HDFCBANK.NS,752.7999877929688,753.8499755859375,752.0,753.3499755859375,1783300,Yahoo Finance automated fallback,https://query1.finance.yahoo.com/v8/finance/chart/HDFCBANK.NS?period1=1778238506&period2=1783336106&interval=30m&events=history&includePrePost=false,2026-07-06T11:08:26.544444+00:00
2026-05-29T08:45:00+00:00,2026-05-29T09:15:00+00:00,30,HDFCBANK,HDFCBANK.NS,753.2999877929688,755.4500122070312,752.5499877929688,755.0,2107671,Yahoo Finance automated fallback,https://query1.finance.yahoo.com/v8/finance/chart/HDFCBANK.NS?period1=1778238506&period2=1783336106&interval=30m&events=history&includePrePost=false,2026-07-06T11:08:26.544444+00:00
2026-05-29T09:15:00+00:00,2026-05-29T09:45:00+00:00,30,HDFCBANK,HDFCBANK.NS,755.0,755.25,742.0999755859375,745.25,40424891,Yahoo Finance automated fallback,https://query1.finance.yahoo.com/v8/finance/chart/HDFCBANK.NS?period1=1778238506&period2=1783336106&interval=30m&events=history&includePrePost=false,2026-07-06T11:08:26.544444+00:00
2026-05-29T09:45:00+00:00,2026-05-29T10:15:00+00:00,30,HDFCBANK,HDFCBANK.NS,744.9500122070312,747.25,738.6500244140625,747.25,29756573,Yahoo Finance automated fallback,https://query1.finance.yahoo.com/v8/finance/chart/HDFCBANK.NS?period1=1778238506&period2=1783336106&interval=30m&events=history&includePrePost=false,2026-07-06T11:08:26.544444+00:00
2026-06-01T03:45:00+00:00,2026-06-01T04:15:00+00:00,30,HDFCBANK,HDFCBANK.NS,750.0999755859375,750.0999755859375,743.5499877929688,743.5999755859375,2834006,Yahoo Finance automated fallback,https://query1.finance.yahoo.com/v8/finance/chart/HDFCBANK.NS?period1=1778238506&period2=1783336106&interval=30m&events=history&includePrePost=false,2026-07-06T11:08:26.544444+00:00
2026-06-01T04:15:00+00:00,2026-06-01T04:45:00+00:00,30,HDFCBANK,HDFCBANK.NS,743.75,745.9500122070312,743.0999755859375,744.7000122070312,1705314,Yahoo Finance automated fallback,https://query1.finance.yahoo.com/v8/finance/chart/HDFCBANK.NS?period1=1778238506&period2=1783336106&interval=30m&events=history&includePrePost=false,2026-07-06T11:08:26.544444+00:00
2026-06-01T04:45:00+00:00,2026-06-01T05:15:00+00:00,30,HDFCBANK,HDFCBANK.NS,744.5999755859375,745.4000244140625,743.2000122070312,744.0499877929688,1170485,Yahoo Finance automated fallback,https://query1.finance.yahoo.com/v8/finance/chart/HDFCBANK.NS?period1=1778238506&period2=1783336106&interval=30m&events=history&includePrePost=false,2026-07-06T11:08:26.544444+00:00
2026-06-01T05:15:00+00:00,2026-06-01T05:45:00+00:00,30,HDFCBANK,HDFCBANK.NS,744.0,746.75,744.0,745.9000244140625,1321829,Yahoo Finance automated fallback,https://query1.finance.yahoo.com/v8/finance/chart/HDFCBANK.NS?period1=1778238506&period2=1783336106&interval=30m&events=history&includePrePost=false,2026-07-06T11:08:26.544444+00:00
2026-06-01T05:45:00+00:00,2026-06-01T06:15:00+00:00,30,HDFCBANK,HDFCBANK.NS,745.9000244140625,746.7000122070312,744.7000122070312,745.7999877929688,1257564,Yahoo Finance automated fallback,https://query1.finance.yahoo.com/v8/finance/chart/HDFCBANK.NS?period1=1778238506&period2=1783336106&interval=30m&events=history&includePrePost=false,2026-07-06T11:08:26.544444+00:00
2026-06-01T06:15:00+00:00,2026-06-01T06:45:00+00:00,30,HDFCBANK,HDFCBANK.NS,745.7999877929688,746.3499755859375,744.0999755859375,745.4000244140625,2337480,Yahoo Finance automated fallback,https://query1.finance.yahoo.com/v8/finance/chart/HDFCBANK.NS?period1=1778238506&period2=1783336106&interval=30m&events=history&includePrePost=false,2026-07-06T11:08:26.544444+00:00
2026-06-01T06:45:00+00:00,2026-06-01T07:15:00+00:00,30,HDFCBANK,HDFCBANK.NS,745.4000244140625,745.9000244140625,745.0,745.25,1427604,Yahoo Finance automated fallback,https://query1.finance.yahoo.com/v8/finance/chart/HDFCBANK.NS?period1=1778238506&period2=1783336106&interval=30m&events=history&includePrePost=false,2026-07-06T11:08:26.544444+00:00
2026-06-01T07:15:00+00:00,2026-06-01T07:45:00+00:00,30,HDFCBANK,HDFCBANK.NS,745.2999877929688,746.0,742.0999755859375,742.3499755859375,1439895,Yahoo Finance automated fallback,https://query1.finance.yahoo.com/v8/finance/chart/HDFCBANK.NS?period1=1778238506&period2=1783336106&interval=30m&events=history&includePrePost=false,2026-07-06T11:08:26.544444+00:00
2026-06-01T07:45:00+00:00,2026-06-01T08:15:00+00:00,30,HDFCBANK,HDFCBANK.NS,742.3499755859375,744.5999755859375,742.0999755859375,744.2999877929688,1277442,Yahoo Finance automated fallback,https://query1.finance.yahoo.com/v8/finance/chart/HDFCBANK.NS?period1=1778238506&period2=1783336106&interval=30m&events=history&includePrePost=false,2026-07-06T11:08:26.544444+00:00
2026-06-01T08:15:00+00:00,2026-06-01T08:45:00+00:00,30,HDFCBANK,HDFCBANK.NS,744.25,744.9000244140625,743.0,743.2000122070312,1152528,Yahoo Finance automated fallback,https://query1.finance.yahoo.com/v8/finance/chart/HDFCBANK.NS?period1=1778238506&period2=1783336106&interval=30m&events=history&includePrePost=false,2026-07-06T11:08:26.544444+00:00
2026-06-01T08:45:00+00:00,2026-06-01T09:15:00+00:00,30,HDFCBANK,HDFCBANK.NS,743.0499877929688,743.25,741.0499877929688,742.8499755859375,2198493,Yahoo Finance automated fallback,https://query1.finance.yahoo.com/v8/finance/chart/HDFCBANK.NS?period1=1778238506&period2=1783336106&interval=30m&events=history&includePrePost=false,2026-07-06T11:08:26.544444+00:00
2026-06-01T09:15:00+00:00,2026-06-01T09:45:00+00:00,30,HDFCBANK,HDFCBANK.NS,742.8499755859375,744.5999755859375,739.5499877929688,743.0499877929688,17828985,Yahoo Finance automated fallback,https://query1.finance.yahoo.com/v8/finance/chart/HDFCBANK.NS?period1=1778238506&period2=1783336106&interval=30m&events=history&includePrePost=false,2026-07-06T11:08:26.544444+00:00
2026-06-01T09:45:00+00:00,2026-06-01T10:15:00+00:00,30,HDFCBANK,HDFCBANK.NS,743.0499877929688,744.5999755859375,741.4500122070312,742.5,9388601,Yahoo Finance automated fallback,https://query1.finance.yahoo.com/v8/finance/chart/HDFCBANK.NS?period1=1778238506&period2=1783336106&interval=30m&events=history&includePrePost=false,2026-07-06T11:08:26.544444+00:00
2026-06-02T03:45:00+00:00,2026-06-02T04:15:00+00:00,30,HDFCBANK,HDFCBANK.NS,739.2999877929688,739.2999877929688,734.4000244140625,735.5999755859375,2685978,Yahoo Finance automated fallback,https://query1.finance.yahoo.com/v8/finance/chart/HDFCBANK.NS?period1=1778238506&period2=1783336106&interval=30m&events=history&includePrePost=false,2026-07-06T11:08:26.544444+00:00
2026-06-02T04:15:00+00:00,2026-06-02T04:45:00+00:00,30,HDFCBANK,HDFCBANK.NS,735.5999755859375,735.9000244140625,733.2999877929688,734.4000244140625,3193788,Yahoo Finance automated fallback,https://query1.finance.yahoo.com/v8/finance/chart/HDFCBANK.NS?period1=1778238506&period2=1783336106&interval=30m&events=history&includePrePost=false,2026-07-06T11:08:26.544444+00:00
2026-06-02T04:45:00+00:00,2026-06-02T05:15:00+00:00,30,HDFCBANK,HDFCBANK.NS,734.2999877929688,742.3499755859375,734.2999877929688,741.2999877929688,4491504,Yahoo Finance automated fallback,https://query1.finance.yahoo.com/v8/finance/chart/HDFCBANK.NS?period1=1778238506&period2=1783336106&interval=30m&events=history&includePrePost=false,2026-07-06T11:08:26.544444+00:00
2026-06-02T05:15:00+00:00,2026-06-02T05:45:00+00:00,30,HDFCBANK,HDFCBANK.NS,741.1500244140625,745.6500244140625,740.4000244140625,744.5,2042174,Yahoo Finance automated fallback,https://query1.finance.yahoo.com/v8/finance/chart/HDFCBANK.NS?period1=1778238506&period2=1783336106&interval=30m&events=history&includePrePost=false,2026-07-06T11:08:26.544444+00:00
2026-06-02T05:45:00+00:00,2026-06-02T06:15:00+00:00,30,HDFCBANK,HDFCBANK.NS,744.2999877929688,746.2999877929688,742.8499755859375,744.4500122070312,2267757,Yahoo Finance automated fallback,https://query1.finance.yahoo.com/v8/finance/chart/HDFCBANK.NS?period1=1778238506&period2=1783336106&interval=30m&events=history&includePrePost=false,2026-07-06T11:08:26.544444+00:00
2026-06-02T06:15:00+00:00,2026-06-02T06:45:00+00:00,30,HDFCBANK,HDFCBANK.NS,744.4500122070312,747.25,743.3499755859375,746.5499877929688,3150034,Yahoo Finance automated fallback,https://query1.finance.yahoo.com/v8/finance/chart/HDFCBANK.NS?period1=1778238506&period2=1783336106&interval=30m&events=history&includePrePost=false,2026-07-06T11:08:26.544444+00:00
2026-06-02T06:45:00+00:00,2026-06-02T07:15:00+00:00,30,HDFCBANK,HDFCBANK.NS,746.5,749.0,745.6500244140625,748.8499755859375,4530051,Yahoo Finance automated fallback,https://query1.finance.yahoo.com/v8/finance/chart/HDFCBANK.NS?period1=1778238506&period2=1783336106&interval=30m&events=history&includePrePost=false,2026-07-06T11:08:26.544444+00:00
2026-06-02T07:15:00+00:00,2026-06-02T07:45:00+00:00,30,HDFCBANK,HDFCBANK.NS,748.7000122070312,753.2000122070312,748.7000122070312,750.8499755859375,4512721,Yahoo Finance automated fallback,https://query1.finance.yahoo.com/v8/finance/chart/HDFCBANK.NS?period1=1778238506&period2=1783336106&interval=30m&events=history&includePrePost=false,2026-07-06T11:08:26.544444+00:00
2026-06-02T07:45:00+00:00,2026-06-02T08:15:00+00:00,30,HDFCBANK,HDFCBANK.NS,751.0,751.25,747.9000244140625,747.9500122070312,3580809,Yahoo Finance automated fallback,https://query1.finance.yahoo.com/v8/finance/chart/HDFCBANK.NS?period1=1778238506&period2=1783336106&interval=30m&events=history&includePrePost=false,2026-07-06T11:08:26.544444+00:00
2026-06-02T08:15:00+00:00,2026-06-02T08:45:00+00:00,30,HDFCBANK,HDFCBANK.NS,748.0,750.5999755859375,747.0,750.0,1737099,Yahoo Finance automated fallback,https://query1.finance.yahoo.com/v8/finance/chart/HDFCBANK.NS?period1=1778238506&period2=1783336106&interval=30m&events=history&includePrePost=false,2026-07-06T11:08:26.544444+00:00
2026-06-02T08:45:00+00:00,2026-06-02T09:15:00+00:00,30,HDFCBANK,HDFCBANK.NS,750.2000122070312,753.1500244140625,747.2999877929688,747.4500122070312,5357155,Yahoo Finance automated fallback,https://query1.finance.yahoo.com/v8/finance/chart/HDFCBANK.NS?period1=1778238506&period2=1783336106&interval=30m&events=history&includePrePost=false,2026-07-06T11:08:26.544444+00:00
2026-06-02T09:15:00+00:00,2026-06-02T09:45:00+00:00,30,HDFCBANK,HDFCBANK.NS,747.4500122070312,750.4500122070312,746.0,749.5999755859375,5464044,Yahoo Finance automated fallback,https://query1.finance.yahoo.com/v8/finance/chart/HDFCBANK.NS?period1=1778238506&period2=1783336106&interval=30m&events=history&includePrePost=false,2026-07-06T11:08:26.544444+00:00
2026-06-02T09:45:00+00:00,2026-06-02T10:15:00+00:00,30,HDFCBANK,HDFCBANK.NS,749.5999755859375,750.6500244140625,748.25,749.1500244140625,1406564,Yahoo Finance automated fallback,https://query1.finance.yahoo.com/v8/finance/chart/HDFCBANK.NS?period1=1778238506&period2=1783336106&interval=30m&events=history&includePrePost=false,2026-07-06T11:08:26.544444+00:00
2026-06-03T03:45:00+00:00,2026-06-03T04:15:00+00:00,30,HDFCBANK,HDFCBANK.NS,746.0,748.25,743.0499877929688,743.8499755859375,2078259,Yahoo Finance automated fallback,https://query1.finance.yahoo.com/v8/finance/chart/HDFCBANK.NS?period1=1778238506&period2=1783336106&interval=30m&events=history&includePrePost=false,2026-07-06T11:08:26.544444+00:00
2026-06-03T04:15:00+00:00,2026-06-03T04:45:00+00:00,30,HDFCBANK,HDFCBANK.NS,743.8499755859375,748.1500244140625,743.25,745.9000244140625,2951570,Yahoo Finance automated fallback,https://query1.finance.yahoo.com/v8/finance/chart/HDFCBANK.NS?period1=1778238506&period2=1783336106&interval=30m&events=history&includePrePost=false,2026-07-06T11:08:26.544444+00:00
2026-06-03T04:45:00+00:00,2026-06-03T05:15:00+00:00,30,HDFCBANK,HDFCBANK.NS,745.9000244140625,746.9000244140625,745.25,746.25,1078148,Yahoo Finance automated fallback,https://query1.finance.yahoo.com/v8/finance/chart/HDFCBANK.NS?period1=1778238506&period2=1783336106&interval=30m&events=history&includePrePost=false,2026-07-06T11:08:26.544444+00:00
2026-06-03T05:15:00+00:00,2026-06-03T05:45:00+00:00,30,HDFCBANK,HDFCBANK.NS,746.25,746.5999755859375,744.5499877929688,744.7999877929688,1128935,Yahoo Finance automated fallback,https://query1.finance.yahoo.com/v8/finance/chart/HDFCBANK.NS?period1=1778238506&period2=1783336106&interval=30m&events=history&includePrePost=false,2026-07-06T11:08:26.544444+00:00
2026-06-03T05:45:00+00:00,2026-06-03T06:15:00+00:00,30,HDFCBANK,HDFCBANK.NS,744.7999877929688,747.75,744.7999877929688,746.5,2276397,Yahoo Finance automated fallback,https://query1.finance.yahoo.com/v8/finance/chart/HDFCBANK.NS?period1=1778238506&period2=1783336106&interval=30m&events=history&includePrePost=false,2026-07-06T11:08:26.544444+00:00
2026-06-03T06:15:00+00:00,2026-06-03T06:45:00+00:00,30,HDFCBANK,HDFCBANK.NS,746.5499877929688,747.0499877929688,742.8499755859375,743.7000122070312,2602240,Yahoo Finance automated fallback,https://query1.finance.yahoo.com/v8/finance/chart/HDFCBANK.NS?period1=1778238506&period2=1783336106&interval=30m&events=history&includePrePost=false,2026-07-06T11:08:26.544444+00:00
2026-06-03T06:45:00+00:00,2026-06-03T07:15:00+00:00,30,HDFCBANK,HDFCBANK.NS,743.7000122070312,751.5999755859375,743.2999877929688,750.4000244140625,3941439,Yahoo Finance automated fallback,https://query1.finance.yahoo.com/v8/finance/chart/HDFCBANK.NS?period1=1778238506&period2=1783336106&interval=30m&events=history&includePrePost=false,2026-07-06T11:08:26.544444+00:00
2026-06-03T07:15:00+00:00,2026-06-03T07:45:00+00:00,30,HDFCBANK,HDFCBANK.NS,750.4500122070312,751.25,747.7000122070312,748.9500122070312,3097827,Yahoo Finance automated fallback,https://query1.finance.yahoo.com/v8/finance/chart/HDFCBANK.NS?period1=1778238506&period2=1783336106&interval=30m&events=history&includePrePost=false,2026-07-06T11:08:26.544444+00:00
2026-06-03T07:45:00+00:00,2026-06-03T08:15:00+00:00,30,HDFCBANK,HDFCBANK.NS,749.1500244140625,750.2999877929688,748.2999877929688,748.5499877929688,1511284,Yahoo Finance automated fallback,https://query1.finance.yahoo.com/v8/finance/chart/HDFCBANK.NS?period1=1778238506&period2=1783336106&interval=30m&events=history&includePrePost=false,2026-07-06T11:08:26.544444+00:00
2026-06-03T08:15:00+00:00,2026-06-03T08:45:00+00:00,30,HDFCBANK,HDFCBANK.NS,748.75,752.4500122070312,748.5999755859375,750.0999755859375,2535414,Yahoo Finance automated fallback,https://query1.finance.yahoo.com/v8/finance/chart/HDFCBANK.NS?period1=1778238506&period2=1783336106&interval=30m&events=history&includePrePost=false,2026-07-06T11:08:26.544444+00:00
2026-06-03T08:45:00+00:00,2026-06-03T09:15:00+00:00,30,HDFCBANK,HDFCBANK.NS,750.0999755859375,753.0999755859375,749.5,752.8499755859375,2952555,Yahoo Finance automated fallback,https://query1.finance.yahoo.com/v8/finance/chart/HDFCBANK.NS?period1=1778238506&period2=1783336106&interval=30m&events=history&includePrePost=false,2026-07-06T11:08:26.544444+00:00
2026-06-03T09:15:00+00:00,2026-06-03T09:45:00+00:00,30,HDFCBANK,HDFCBANK.NS,752.75,756.7000122070312,752.0999755859375,752.7999877929688,5719183,Yahoo Finance automated fallback,https://query1.finance.yahoo.com/v8/finance/chart/HDFCBANK.NS?period1=1778238506&period2=1783336106&interval=30m&events=history&includePrePost=false,2026-07-06T11:08:26.544444+00:00
2026-06-03T09:45:00+00:00,2026-06-03T10:15:00+00:00,30,HDFCBANK,HDFCBANK.NS,752.9000244140625,755.0,752.7000122070312,754.0,2208376,Yahoo Finance automated fallback,https://query1.finance.yahoo.com/v8/finance/chart/HDFCBANK.NS?period1=1778238506&period2=1783336106&interval=30m&events=history&includePrePost=false,2026-07-06T11:08:26.544444+00:00
2026-06-04T03:45:00+00:00,2026-06-04T04:15:00+00:00,30,HDFCBANK,HDFCBANK.NS,750.0,750.0,745.0,745.7000122070312,2867089,Yahoo Finance automated fallback,https://query1.finance.yahoo.com/v8/finance/chart/HDFCBANK.NS?period1=1778238506&period2=1783336106&interval=30m&events=history&includePrePost=false,2026-07-06T11:08:26.544444+00:00
2026-06-04T04:15:00+00:00,2026-06-04T04:45:00+00:00,30,HDFCBANK,HDFCBANK.NS,745.7999877929688,750.8499755859375,745.7000122070312,748.9500122070312,3061883,Yahoo Finance automated fallback,https://query1.finance.yahoo.com/v8/finance/chart/HDFCBANK.NS?period1=1778238506&period2=1783336106&interval=30m&events=history&includePrePost=false,2026-07-06T11:08:26.544444+00:00
2026-06-04T04:45:00+00:00,2026-06-04T05:15:00+00:00,30,HDFCBANK,HDFCBANK.NS,749.0,750.3499755859375,746.7999877929688,748.9000244140625,1419504,Yahoo Finance automated fallback,https://query1.finance.yahoo.com/v8/finance/chart/HDFCBANK.NS?period1=1778238506&period2=1783336106&interval=30m&events=history&includePrePost=false,2026-07-06T11:08:26.544444+00:00
2026-06-04T05:15:00+00:00,2026-06-04T05:45:00+00:00,30,HDFCBANK,HDFCBANK.NS,748.9500122070312,752.0,748.7999877929688,750.2000122070312,1612473,Yahoo Finance automated fallback,https://query1.finance.yahoo.com/v8/finance/chart/HDFCBANK.NS?period1=1778238506&period2=1783336106&interval=30m&events=history&includePrePost=false,2026-07-06T11:08:26.544444+00:00
2026-06-04T05:45:00+00:00,2026-06-04T06:15:00+00:00,30,HDFCBANK,HDFCBANK.NS,750.3499755859375,751.9000244140625,748.7000122070312,750.5999755859375,1826311,Yahoo Finance automated fallback,https://query1.finance.yahoo.com/v8/finance/chart/HDFCBANK.NS?period1=1778238506&period2=1783336106&interval=30m&events=history&includePrePost=false,2026-07-06T11:08:26.544444+00:00
2026-06-04T06:15:00+00:00,2026-06-04T06:45:00+00:00,30,HDFCBANK,HDFCBANK.NS,750.75,755.4500122070312,749.1500244140625,753.3499755859375,4994779,Yahoo Finance automated fallback,https://query1.finance.yahoo.com/v8/finance/chart/HDFCBANK.NS?period1=1778238506&period2=1783336106&interval=30m&events=history&includePrePost=false,2026-07-06T11:08:26.544444+00:00
2026-06-04T06:45:00+00:00,2026-06-04T07:15:00+00:00,30,HDFCBANK,HDFCBANK.NS,753.3499755859375,755.0999755859375,752.0499877929688,753.0999755859375,2677211,Yahoo Finance automated fallback,https://query1.finance.yahoo.com/v8/finance/chart/HDFCBANK.NS?period1=1778238506&period2=1783336106&interval=30m&events=history&includePrePost=false,2026-07-06T11:08:26.544444+00:00
2026-06-04T07:15:00+00:00,2026-06-04T07:45:00+00:00,30,HDFCBANK,HDFCBANK.NS,753.1500244140625,756.0,751.5499877929688,751.6500244140625,2458063,Yahoo Finance automated fallback,https://query1.finance.yahoo.com/v8/finance/chart/HDFCBANK.NS?period1=1778238506&period2=1783336106&interval=30m&events=history&includePrePost=false,2026-07-06T11:08:26.544444+00:00
2026-06-04T07:45:00+00:00,2026-06-04T08:15:00+00:00,30,HDFCBANK,HDFCBANK.NS,751.5999755859375,753.6500244140625,749.75,749.8499755859375,3283945,Yahoo Finance automated fallback,https://query1.finance.yahoo.com/v8/finance/chart/HDFCBANK.NS?period1=1778238506&period2=1783336106&interval=30m&events=history&includePrePost=false,2026-07-06T11:08:26.544444+00:00
2026-06-04T08:15:00+00:00,2026-06-04T08:45:00+00:00,30,HDFCBANK,HDFCBANK.NS,749.9000244140625,755.7999877929688,749.6500244140625,754.5999755859375,3079525,Yahoo Finance automated fallback,https://query1.finance.yahoo.com/v8/finance/chart/HDFCBANK.NS?period1=1778238506&period2=1783336106&interval=30m&events=history&includePrePost=false,2026-07-06T11:08:26.544444+00:00
2026-06-04T08:45:00+00:00,2026-06-04T09:15:00+00:00,30,HDFCBANK,HDFCBANK.NS,754.6500244140625,756.9500122070312,754.0,755.8499755859375,2392473,Yahoo Finance automated fallback,https://query1.finance.yahoo.com/v8/finance/chart/HDFCBANK.NS?period1=1778238506&period2=1783336106&interval=30m&events=history&includePrePost=false,2026-07-06T11:08:26.544444+00:00
2026-06-04T09:15:00+00:00,2026-06-04T09:45:00+00:00,30,HDFCBANK,HDFCBANK.NS,755.9500122070312,757.25,752.25,754.0,7770245,Yahoo Finance automated fallback,https://query1.finance.yahoo.com/v8/finance/chart/HDFCBANK.NS?period1=1778238506&period2=1783336106&interval=30m&events=history&includePrePost=false,2026-07-06T11:08:26.544444+00:00
2026-06-04T09:45:00+00:00,2026-06-04T10:15:00+00:00,30,HDFCBANK,HDFCBANK.NS,754.0,754.4000244140625,752.5499877929688,753.25,2621849,Yahoo Finance automated fallback,https://query1.finance.yahoo.com/v8/finance/chart/HDFCBANK.NS?period1=1778238506&period2=1783336106&interval=30m&events=history&includePrePost=false,2026-07-06T11:08:26.544444+00:00
2026-06-05T03:45:00+00:00,2026-06-05T04:15:00+00:00,30,HDFCBANK,HDFCBANK.NS,754.2000122070312,758.5499877929688,751.5999755859375,755.9000244140625,2206894,Yahoo Finance automated fallback,https://query1.finance.yahoo.com/v8/finance/chart/HDFCBANK.NS?period1=1778238506&period2=1783336106&interval=30m&events=history&includePrePost=false,2026-07-06T11:08:26.544444+00:00
2026-06-05T04:15:00+00:00,2026-06-05T04:45:00+00:00,30,HDFCBANK,HDFCBANK.NS,755.9500122070312,758.0,754.25,754.8499755859375,1369468,Yahoo Finance automated fallback,https://query1.finance.yahoo.com/v8/finance/chart/HDFCBANK.NS?period1=1778238506&period2=1783336106&interval=30m&events=history&includePrePost=false,2026-07-06T11:08:26.544444+00:00
2026-06-05T04:45:00+00:00,2026-06-05T05:15:00+00:00,30,HDFCBANK,HDFCBANK.NS,754.9000244140625,757.7999877929688,750.5,751.5499877929688,1330022,Yahoo Finance automated fallback,https://query1.finance.yahoo.com/v8/finance/chart/HDFCBANK.NS?period1=1778238506&period2=1783336106&interval=30m&events=history&includePrePost=false,2026-07-06T11:08:26.544444+00:00
2026-06-05T05:15:00+00:00,2026-06-05T05:45:00+00:00,30,HDFCBANK,HDFCBANK.NS,751.5,756.5,750.0999755859375,754.3499755859375,1548083,Yahoo Finance automated fallback,https://query1.finance.yahoo.com/v8/finance/chart/HDFCBANK.NS?period1=1778238506&period2=1783336106&interval=30m&events=history&includePrePost=false,2026-07-06T11:08:26.544444+00:00
2026-06-05T05:45:00+00:00,2026-06-05T06:15:00+00:00,30,HDFCBANK,HDFCBANK.NS,754.3499755859375,754.8499755859375,751.0999755859375,751.7999877929688,841372,Yahoo Finance automated fallback,https://query1.finance.yahoo.com/v8/finance/chart/HDFCBANK.NS?period1=1778238506&period2=1783336106&interval=30m&events=history&includePrePost=false,2026-07-06T11:08:26.544444+00:00
2026-06-05T06:15:00+00:00,2026-06-05T06:45:00+00:00,30,HDFCBANK,HDFCBANK.NS,751.7999877929688,752.2999877929688,750.0999755859375,752.1500244140625,581857,Yahoo Finance automated fallback,https://query1.finance.yahoo.com/v8/finance/chart/HDFCBANK.NS?period1=1778238506&period2=1783336106&interval=30m&events=history&includePrePost=false,2026-07-06T11:08:26.544444+00:00
2026-06-05T06:45:00+00:00,2026-06-05T07:15:00+00:00,30,HDFCBANK,HDFCBANK.NS,752.0999755859375,752.5,750.0999755859375,750.3499755859375,565658,Yahoo Finance automated fallback,https://query1.finance.yahoo.com/v8/finance/chart/HDFCBANK.NS?period1=1778238506&period2=1783336106&interval=30m&events=history&includePrePost=false,2026-07-06T11:08:26.544444+00:00
2026-06-05T07:15:00+00:00,2026-06-05T07:45:00+00:00,30,HDFCBANK,HDFCBANK.NS,750.4000244140625,750.75,749.0499877929688,749.2000122070312,587401,Yahoo Finance automated fallback,https://query1.finance.yahoo.com/v8/finance/chart/HDFCBANK.NS?period1=1778238506&period2=1783336106&interval=30m&events=history&includePrePost=false,2026-07-06T11:08:26.544444+00:00
2026-06-05T07:45:00+00:00,2026-06-05T08:15:00+00:00,30,HDFCBANK,HDFCBANK.NS,749.0999755859375,749.7999877929688,746.3499755859375,747.1500244140625,969118,Yahoo Finance automated fallback,https://query1.finance.yahoo.com/v8/finance/chart/HDFCBANK.NS?period1=1778238506&period2=1783336106&interval=30m&events=history&includePrePost=false,2026-07-06T11:08:26.544444+00:00
2026-06-05T08:15:00+00:00,2026-06-05T08:45:00+00:00,30,HDFCBANK,HDFCBANK.NS,747.1500244140625,748.3499755859375,746.2000122070312,746.5,885662,Yahoo Finance automated fallback,https://query1.finance.yahoo.com/v8/finance/chart/HDFCBANK.NS?period1=1778238506&period2=1783336106&interval=30m&events=history&includePrePost=false,2026-07-06T11:08:26.544444+00:00
2026-06-05T08:45:00+00:00,2026-06-05T09:15:00+00:00,30,HDFCBANK,HDFCBANK.NS,746.5,748.2000122070312,744.6500244140625,748.0,2245838,Yahoo Finance automated fallback,https://query1.finance.yahoo.com/v8/finance/chart/HDFCBANK.NS?period1=1778238506&period2=1783336106&interval=30m&events=history&includePrePost=false,2026-07-06T11:08:26.544444+00:00
2026-06-05T09:15:00+00:00,2026-06-05T09:45:00+00:00,30,HDFCBANK,HDFCBANK.NS,748.0,748.8499755859375,745.4000244140625,747.4500122070312,4486941,Yahoo Finance automated fallback,https://query1.finance.yahoo.com/v8/finance/chart/HDFCBANK.NS?period1=1778238506&period2=1783336106&interval=30m&events=history&includePrePost=false,2026-07-06T11:08:26.544444+00:00
2026-06-05T09:45:00+00:00,2026-06-05T10:15:00+00:00,30,HDFCBANK,HDFCBANK.NS,747.4500122070312,748.5499877929688,746.9000244140625,748.0,2689855,Yahoo Finance automated fallback,https://query1.finance.yahoo.com/v8/finance/chart/HDFCBANK.NS?period1=1778238506&period2=1783336106&interval=30m&events=history&includePrePost=false,2026-07-06T11:08:26.544444+00:00
2026-06-08T03:45:00+00:00,2026-06-08T04:15:00+00:00,30,HDFCBANK,HDFCBANK.NS,737.7000122070312,741.5,737.0999755859375,738.7000122070312,2220608,Yahoo Finance automated fallback,https://query1.finance.yahoo.com/v8/finance/chart/HDFCBANK.NS?period1=1778238506&period2=1783336106&interval=30m&events=history&includePrePost=false,2026-07-06T11:08:26.544444+00:00
2026-06-08T04:15:00+00:00,2026-06-08T04:45:00+00:00,30,HDFCBANK,HDFCBANK.NS,738.7000122070312,740.9000244140625,737.0499877929688,738.8499755859375,2127865,Yahoo Finance automated fallback,https://query1.finance.yahoo.com/v8/finance/chart/HDFCBANK.NS?period1=1778238506&period2=1783336106&interval=30m&events=history&includePrePost=false,2026-07-06T11:08:26.544444+00:00
2026-06-08T04:45:00+00:00,2026-06-08T05:15:00+00:00,30,HDFCBANK,HDFCBANK.NS,738.8499755859375,740.25,738.2999877929688,738.5999755859375,1106250,Yahoo Finance automated fallback,https://query1.finance.yahoo.com/v8/finance/chart/HDFCBANK.NS?period1=1778238506&period2=1783336106&interval=30m&events=history&includePrePost=false,2026-07-06T11:08:26.544444+00:00
2026-06-08T05:15:00+00:00,2026-06-08T05:45:00+00:00,30,HDFCBANK,HDFCBANK.NS,738.5999755859375,739.7999877929688,737.7999877929688,738.5499877929688,1294134,Yahoo Finance automated fallback,https://query1.finance.yahoo.com/v8/finance/chart/HDFCBANK.NS?period1=1778238506&period2=1783336106&interval=30m&events=history&includePrePost=false,2026-07-06T11:08:26.544444+00:00
2026-06-08T05:45:00+00:00,2026-06-08T06:15:00+00:00,30,HDFCBANK,HDFCBANK.NS,738.5499877929688,739.0,737.2000122070312,737.7999877929688,1059495,Yahoo Finance automated fallback,https://query1.finance.yahoo.com/v8/finance/chart/HDFCBANK.NS?period1=1778238506&period2=1783336106&interval=30m&events=history&includePrePost=false,2026-07-06T11:08:26.544444+00:00
2026-06-08T06:15:00+00:00,2026-06-08T06:45:00+00:00,30,HDFCBANK,HDFCBANK.NS,737.7999877929688,738.9500122070312,737.3499755859375,738.7000122070312,815865,Yahoo Finance automated fallback,https://query1.finance.yahoo.com/v8/finance/chart/HDFCBANK.NS?period1=1778238506&period2=1783336106&interval=30m&events=history&includePrePost=false,2026-07-06T11:08:26.544444+00:00
2026-06-08T06:45:00+00:00,2026-06-08T07:15:00+00:00,30,HDFCBANK,HDFCBANK.NS,738.7000122070312,740.0,738.4000244140625,739.75,780743,Yahoo Finance automated fallback,https://query1.finance.yahoo.com/v8/finance/chart/HDFCBANK.NS?period1=1778238506&period2=1783336106&interval=30m&events=history&includePrePost=false,2026-07-06T11:08:26.544444+00:00
2026-06-08T07:15:00+00:00,2026-06-08T07:45:00+00:00,30,HDFCBANK,HDFCBANK.NS,739.5999755859375,740.7000122070312,738.3499755859375,738.6500244140625,794613,Yahoo Finance automated fallback,https://query1.finance.yahoo.com/v8/finance/chart/HDFCBANK.NS?period1=1778238506&period2=1783336106&interval=30m&events=history&includePrePost=false,2026-07-06T11:08:26.544444+00:00
2026-06-08T07:45:00+00:00,2026-06-08T08:15:00+00:00,30,HDFCBANK,HDFCBANK.NS,738.5999755859375,738.8499755859375,736.7000122070312,736.9000244140625,984881,Yahoo Finance automated fallback,https://query1.finance.yahoo.com/v8/finance/chart/HDFCBANK.NS?period1=1778238506&period2=1783336106&interval=30m&events=history&includePrePost=false,2026-07-06T11:08:26.544444+00:00
2026-06-08T08:15:00+00:00,2026-06-08T08:45:00+00:00,30,HDFCBANK,HDFCBANK.NS,736.8499755859375,736.9000244140625,735.0,735.0499877929688,1546542,Yahoo Finance automated fallback,https://query1.finance.yahoo.com/v8/finance/chart/HDFCBANK.NS?period1=1778238506&period2=1783336106&interval=30m&events=history&includePrePost=false,2026-07-06T11:08:26.544444+00:00
2026-06-08T08:45:00+00:00,2026-06-08T09:15:00+00:00,30,HDFCBANK,HDFCBANK.NS,735.0,738.7000122070312,734.5,738.5,1589686,Yahoo Finance automated fallback,https://query1.finance.yahoo.com/v8/finance/chart/HDFCBANK.NS?period1=1778238506&period2=1783336106&interval=30m&events=history&includePrePost=false,2026-07-06T11:08:26.544444+00:00
2026-06-08T09:15:00+00:00,2026-06-08T09:45:00+00:00,30,HDFCBANK,HDFCBANK.NS,738.5,740.3499755859375,736.9500122070312,738.7999877929688,3049620,Yahoo Finance automated fallback,https://query1.finance.yahoo.com/v8/finance/chart/HDFCBANK.NS?period1=1778238506&period2=1783336106&interval=30m&events=history&includePrePost=false,2026-07-06T11:08:26.544444+00:00
2026-06-08T09:45:00+00:00,2026-06-08T10:15:00+00:00,30,HDFCBANK,HDFCBANK.NS,738.8499755859375,739.2000122070312,738.0,738.3499755859375,1195354,Yahoo Finance automated fallback,https://query1.finance.yahoo.com/v8/finance/chart/HDFCBANK.NS?period1=1778238506&period2=1783336106&interval=30m&events=history&includePrePost=false,2026-07-06T11:08:26.544444+00:00
2026-06-09T03:45:00+00:00,2026-06-09T04:15:00+00:00,30,HDFCBANK,HDFCBANK.NS,740.9000244140625,743.9500122070312,738.6500244140625,739.1500244140625,2296226,Yahoo Finance automated fallback,https://query1.finance.yahoo.com/v8/finance/chart/HDFCBANK.NS?period1=1778238506&period2=1783336106&interval=30m&events=history&includePrePost=false,2026-07-06T11:08:26.544444+00:00
2026-06-09T04:15:00+00:00,2026-06-09T04:45:00+00:00,30,HDFCBANK,HDFCBANK.NS,739.1500244140625,740.0,737.0499877929688,737.2999877929688,1328800,Yahoo Finance automated fallback,https://query1.finance.yahoo.com/v8/finance/chart/HDFCBANK.NS?period1=1778238506&period2=1783336106&interval=30m&events=history&includePrePost=false,2026-07-06T11:08:26.544444+00:00
2026-06-09T04:45:00+00:00,2026-06-09T05:15:00+00:00,30,HDFCBANK,HDFCBANK.NS,737.2999877929688,737.7000122070312,736.0,736.25,882517,Yahoo Finance automated fallback,https://query1.finance.yahoo.com/v8/finance/chart/HDFCBANK.NS?period1=1778238506&period2=1783336106&interval=30m&events=history&includePrePost=false,2026-07-06T11:08:26.544444+00:00
2026-06-09T05:15:00+00:00,2026-06-09T05:45:00+00:00,30,HDFCBANK,HDFCBANK.NS,736.25,737.0,735.0,735.4500122070312,1051754,Yahoo Finance automated fallback,https://query1.finance.yahoo.com/v8/finance/chart/HDFCBANK.NS?period1=1778238506&period2=1783336106&interval=30m&events=history&includePrePost=false,2026-07-06T11:08:26.544444+00:00
2026-06-09T05:45:00+00:00,2026-06-09T06:15:00+00:00,30,HDFCBANK,HDFCBANK.NS,735.5,735.9500122070312,732.2999877929688,733.8499755859375,3060330,Yahoo Finance automated fallback,https://query1.finance.yahoo.com/v8/finance/chart/HDFCBANK.NS?period1=1778238506&period2=1783336106&interval=30m&events=history&includePrePost=false,2026-07-06T11:08:26.544444+00:00
2026-06-09T06:15:00+00:00,2026-06-09T06:45:00+00:00,30,HDFCBANK,HDFCBANK.NS,733.75,736.4500122070312,733.5499877929688,734.7000122070312,2156399,Yahoo Finance automated fallback,https://query1.finance.yahoo.com/v8/finance/chart/HDFCBANK.NS?period1=1778238506&period2=1783336106&interval=30m&events=history&includePrePost=false,2026-07-06T11:08:26.544444+00:00
2026-06-09T06:45:00+00:00,2026-06-09T07:15:00+00:00,30,HDFCBANK,HDFCBANK.NS,734.9000244140625,739.7000122070312,734.4000244140625,738.2999877929688,2295875,Yahoo Finance automated fallback,https://query1.finance.yahoo.com/v8/finance/chart/HDFCBANK.NS?period1=1778238506&period2=1783336106&interval=30m&events=history&includePrePost=false,2026-07-06T11:08:26.544444+00:00
2026-06-09T07:15:00+00:00,2026-06-09T07:45:00+00:00,30,HDFCBANK,HDFCBANK.NS,738.4500122070312,742.6500244140625,737.8499755859375,741.7999877929688,4675604,Yahoo Finance automated fallback,https://query1.finance.yahoo.com/v8/finance/chart/HDFCBANK.NS?period1=1778238506&period2=1783336106&interval=30m&events=history&includePrePost=false,2026-07-06T11:08:26.544444+00:00
2026-06-09T07:45:00+00:00,2026-06-09T08:15:00+00:00,30,HDFCBANK,HDFCBANK.NS,742.0,742.75,740.0499877929688,740.4500122070312,3257319,Yahoo Finance automated fallback,https://query1.finance.yahoo.com/v8/finance/chart/HDFCBANK.NS?period1=1778238506&period2=1783336106&interval=30m&events=history&includePrePost=false,2026-07-06T11:08:26.544444+00:00
2026-06-09T08:15:00+00:00,2026-06-09T08:45:00+00:00,30,HDFCBANK,HDFCBANK.NS,740.4500122070312,740.9500122070312,737.7999877929688,738.0499877929688,1773134,Yahoo Finance automated fallback,https://query1.finance.yahoo.com/v8/finance/chart/HDFCBANK.NS?period1=1778238506&period2=1783336106&interval=30m&events=history&includePrePost=false,2026-07-06T11:08:26.544444+00:00
2026-06-09T08:45:00+00:00,2026-06-09T09:15:00+00:00,30,HDFCBANK,HDFCBANK.NS,738.0,740.0,736.2999877929688,739.2999877929688,2939629,Yahoo Finance automated fallback,https://query1.finance.yahoo.com/v8/finance/chart/HDFCBANK.NS?period1=1778238506&period2=1783336106&interval=30m&events=history&includePrePost=false,2026-07-06T11:08:26.544444+00:00
2026-06-09T09:15:00+00:00,2026-06-09T09:45:00+00:00,30,HDFCBANK,HDFCBANK.NS,739.2999877929688,740.4500122070312,737.1500244140625,738.8499755859375,8017640,Yahoo Finance automated fallback,https://query1.finance.yahoo.com/v8/finance/chart/HDFCBANK.NS?period1=1778238506&period2=1783336106&interval=30m&events=history&includePrePost=false,2026-07-06T11:08:26.544444+00:00
2026-06-09T09:45:00+00:00,2026-06-09T10:15:00+00:00,30,HDFCBANK,HDFCBANK.NS,738.7999877929688,739.9500122070312,737.5499877929688,739.5,2416994,Yahoo Finance automated fallback,https://query1.finance.yahoo.com/v8/finance/chart/HDFCBANK.NS?period1=1778238506&period2=1783336106&interval=30m&events=history&includePrePost=false,2026-07-06T11:08:26.544444+00:00
2026-06-10T03:45:00+00:00,2026-06-10T04:15:00+00:00,30,HDFCBANK,HDFCBANK.NS,739.0999755859375,744.0,736.5499877929688,740.0,3473446,Yahoo Finance automated fallback,https://query1.finance.yahoo.com/v8/finance/chart/HDFCBANK.NS?period1=1778238506&period2=1783336106&interval=30m&events=history&includePrePost=false,2026-07-06T11:08:26.544444+00:00
2026-06-10T04:15:00+00:00,2026-06-10T04:45:00+00:00,30,HDFCBANK,HDFCBANK.NS,740.0499877929688,745.5,738.5499877929688,739.0,4834940,Yahoo Finance automated fallback,https://query1.finance.yahoo.com/v8/finance/chart/HDFCBANK.NS?period1=1778238506&period2=1783336106&interval=30m&events=history&includePrePost=false,2026-07-06T11:08:26.544444+00:00
2026-06-10T04:45:00+00:00,2026-06-10T05:15:00+00:00,30,HDFCBANK,HDFCBANK.NS,739.0499877929688,739.3499755859375,737.3499755859375,738.5,1937553,Yahoo Finance automated fallback,https://query1.finance.yahoo.com/v8/finance/chart/HDFCBANK.NS?period1=1778238506&period2=1783336106&interval=30m&events=history&includePrePost=false,2026-07-06T11:08:26.544444+00:00
2026-06-10T05:15:00+00:00,2026-06-10T05:45:00+00:00,30,HDFCBANK,HDFCBANK.NS,738.5,741.2999877929688,737.9000244140625,738.2000122070312,2828170,Yahoo Finance automated fallback,https://query1.finance.yahoo.com/v8/finance/chart/HDFCBANK.NS?period1=1778238506&period2=1783336106&interval=30m&events=history&includePrePost=false,2026-07-06T11:08:26.544444+00:00
2026-06-10T05:45:00+00:00,2026-06-10T06:15:00+00:00,30,HDFCBANK,HDFCBANK.NS,738.25,743.2999877929688,738.0999755859375,742.4500122070312,3816248,Yahoo Finance automated fallback,https://query1.finance.yahoo.com/v8/finance/chart/HDFCBANK.NS?period1=1778238506&period2=1783336106&interval=30m&events=history&includePrePost=false,2026-07-06T11:08:26.544444+00:00
2026-06-10T06:15:00+00:00,2026-06-10T06:45:00+00:00,30,HDFCBANK,HDFCBANK.NS,742.4500122070312,743.5,742.0,742.5499877929688,1362117,Yahoo Finance automated fallback,https://query1.finance.yahoo.com/v8/finance/chart/HDFCBANK.NS?period1=1778238506&period2=1783336106&interval=30m&events=history&includePrePost=false,2026-07-06T11:08:26.544444+00:00
2026-06-10T06:45:00+00:00,2026-06-10T07:15:00+00:00,30,HDFCBANK,HDFCBANK.NS,742.5,744.0,741.75,743.1500244140625,1587566,Yahoo Finance automated fallback,https://query1.finance.yahoo.com/v8/finance/chart/HDFCBANK.NS?period1=1778238506&period2=1783336106&interval=30m&events=history&includePrePost=false,2026-07-06T11:08:26.544444+00:00
2026-06-10T07:15:00+00:00,2026-06-10T07:45:00+00:00,30,HDFCBANK,HDFCBANK.NS,743.1500244140625,755.8499755859375,742.5,753.8499755859375,4836198,Yahoo Finance automated fallback,https://query1.finance.yahoo.com/v8/finance/chart/HDFCBANK.NS?period1=1778238506&period2=1783336106&interval=30m&events=history&includePrePost=false,2026-07-06T11:08:26.544444+00:00
2026-06-10T07:45:00+00:00,2026-06-10T08:15:00+00:00,30,HDFCBANK,HDFCBANK.NS,753.9000244140625,755.7999877929688,751.75,753.9500122070312,3726615,Yahoo Finance automated fallback,https://query1.finance.yahoo.com/v8/finance/chart/HDFCBANK.NS?period1=1778238506&period2=1783336106&interval=30m&events=history&includePrePost=false,2026-07-06T11:08:26.544444+00:00
2026-06-10T08:15:00+00:00,2026-06-10T08:45:00+00:00,30,HDFCBANK,HDFCBANK.NS,754.0,755.2999877929688,750.0,750.0999755859375,2454471,Yahoo Finance automated fallback,https://query1.finance.yahoo.com/v8/finance/chart/HDFCBANK.NS?period1=1778238506&period2=1783336106&interval=30m&events=history&includePrePost=false,2026-07-06T11:08:26.544444+00:00
2026-06-10T08:45:00+00:00,2026-06-10T09:15:00+00:00,30,HDFCBANK,HDFCBANK.NS,750.0,751.4500122070312,748.0499877929688,748.2000122070312,2453508,Yahoo Finance automated fallback,https://query1.finance.yahoo.com/v8/finance/chart/HDFCBANK.NS?period1=1778238506&period2=1783336106&interval=30m&events=history&includePrePost=false,2026-07-06T11:08:26.544444+00:00
2026-06-10T09:15:00+00:00,2026-06-10T09:45:00+00:00,30,HDFCBANK,HDFCBANK.NS,748.2999877929688,749.9000244140625,746.25,746.3499755859375,4378622,Yahoo Finance automated fallback,https://query1.finance.yahoo.com/v8/finance/chart/HDFCBANK.NS?period1=1778238506&period2=1783336106&interval=30m&events=history&includePrePost=false,2026-07-06T11:08:26.544444+00:00
2026-06-10T09:45:00+00:00,2026-06-10T10:15:00+00:00,30,HDFCBANK,HDFCBANK.NS,746.3499755859375,748.0,745.3499755859375,747.7999877929688,3784962,Yahoo Finance automated fallback,https://query1.finance.yahoo.com/v8/finance/chart/HDFCBANK.NS?period1=1778238506&period2=1783336106&interval=30m&events=history&includePrePost=false,2026-07-06T11:08:26.544444+00:00
2026-06-11T03:45:00+00:00,2026-06-11T04:15:00+00:00,30,HDFCBANK,HDFCBANK.NS,742.1500244140625,744.2999877929688,740.2000122070312,741.6500244140625,1449263,Yahoo Finance automated fallback,https://query1.finance.yahoo.com/v8/finance/chart/HDFCBANK.NS?period1=1778238506&period2=1783336106&interval=30m&events=history&includePrePost=false,2026-07-06T11:08:26.544444+00:00
2026-06-11T04:15:00+00:00,2026-06-11T04:45:00+00:00,30,HDFCBANK,HDFCBANK.NS,741.8499755859375,745.7999877929688,740.5,741.7000122070312,3241066,Yahoo Finance automated fallback,https://query1.finance.yahoo.com/v8/finance/chart/HDFCBANK.NS?period1=1778238506&period2=1783336106&interval=30m&events=history&includePrePost=false,2026-07-06T11:08:26.544444+00:00
2026-06-11T04:45:00+00:00,2026-06-11T05:15:00+00:00,30,HDFCBANK,HDFCBANK.NS,741.7000122070312,745.7999877929688,741.6500244140625,744.5,1264853,Yahoo Finance automated fallback,https://query1.finance.yahoo.com/v8/finance/chart/HDFCBANK.NS?period1=1778238506&period2=1783336106&interval=30m&events=history&includePrePost=false,2026-07-06T11:08:26.544444+00:00
2026-06-11T05:15:00+00:00,2026-06-11T05:45:00+00:00,30,HDFCBANK,HDFCBANK.NS,744.4500122070312,744.4500122070312,742.0,742.2000122070312,815743,Yahoo Finance automated fallback,https://query1.finance.yahoo.com/v8/finance/chart/HDFCBANK.NS?period1=1778238506&period2=1783336106&interval=30m&events=history&includePrePost=false,2026-07-06T11:08:26.544444+00:00
2026-06-11T05:45:00+00:00,2026-06-11T06:15:00+00:00,30,HDFCBANK,HDFCBANK.NS,742.1500244140625,746.8499755859375,742.0999755859375,746.4000244140625,1550834,Yahoo Finance automated fallback,https://query1.finance.yahoo.com/v8/finance/chart/HDFCBANK.NS?period1=1778238506&period2=1783336106&interval=30m&events=history&includePrePost=false,2026-07-06T11:08:26.544444+00:00
2026-06-11T06:15:00+00:00,2026-06-11T06:45:00+00:00,30,HDFCBANK,HDFCBANK.NS,746.5499877929688,754.4500122070312,746.3499755859375,754.4500122070312,3445583,Yahoo Finance automated fallback,https://query1.finance.yahoo.com/v8/finance/chart/HDFCBANK.NS?period1=1778238506&period2=1783336106&interval=30m&events=history&includePrePost=false,2026-07-06T11:08:26.544444+00:00
2026-06-11T06:45:00+00:00,2026-06-11T07:15:00+00:00,30,HDFCBANK,HDFCBANK.NS,754.5,755.2999877929688,751.5999755859375,752.2000122070312,2932173,Yahoo Finance automated fallback,https://query1.finance.yahoo.com/v8/finance/chart/HDFCBANK.NS?period1=1778238506&period2=1783336106&interval=30m&events=history&includePrePost=false,2026-07-06T11:08:26.544444+00:00
2026-06-11T07:15:00+00:00,2026-06-11T07:45:00+00:00,30,HDFCBANK,HDFCBANK.NS,752.2000122070312,752.9000244140625,749.2999877929688,749.2999877929688,2039581,Yahoo Finance automated fallback,https://query1.finance.yahoo.com/v8/finance/chart/HDFCBANK.NS?period1=1778238506&period2=1783336106&interval=30m&events=history&includePrePost=false,2026-07-06T11:08:26.544444+00:00
2026-06-11T07:45:00+00:00,2026-06-11T08:15:00+00:00,30,HDFCBANK,HDFCBANK.NS,749.4000244140625,750.0999755859375,748.0499877929688,748.2999877929688,1408099,Yahoo Finance automated fallback,https://query1.finance.yahoo.com/v8/finance/chart/HDFCBANK.NS?period1=1778238506&period2=1783336106&interval=30m&events=history&includePrePost=false,2026-07-06T11:08:26.544444+00:00
2026-06-11T08:15:00+00:00,2026-06-11T08:45:00+00:00,30,HDFCBANK,HDFCBANK.NS,748.3499755859375,749.2000122070312,747.25,747.7000122070312,1633494,Yahoo Finance automated fallback,https://query1.finance.yahoo.com/v8/finance/chart/HDFCBANK.NS?period1=1778238506&period2=1783336106&interval=30m&events=history&includePrePost=false,2026-07-06T11:08:26.544444+00:00
2026-06-11T08:45:00+00:00,2026-06-11T09:15:00+00:00,30,HDFCBANK,HDFCBANK.NS,747.6500244140625,749.2000122070312,745.6500244140625,747.0,3396194,Yahoo Finance automated fallback,https://query1.finance.yahoo.com/v8/finance/chart/HDFCBANK.NS?period1=1778238506&period2=1783336106&interval=30m&events=history&includePrePost=false,2026-07-06T11:08:26.544444+00:00
2026-06-11T09:15:00+00:00,2026-06-11T09:45:00+00:00,30,HDFCBANK,HDFCBANK.NS,747.0,748.0499877929688,743.4000244140625,744.75,6310525,Yahoo Finance automated fallback,https://query1.finance.yahoo.com/v8/finance/chart/HDFCBANK.NS?period1=1778238506&period2=1783336106&interval=30m&events=history&includePrePost=false,2026-07-06T11:08:26.544444+00:00
2026-06-11T09:45:00+00:00,2026-06-11T10:15:00+00:00,30,HDFCBANK,HDFCBANK.NS,744.7999877929688,745.7000122070312,744.2999877929688,744.5999755859375,1930106,Yahoo Finance automated fallback,https://query1.finance.yahoo.com/v8/finance/chart/HDFCBANK.NS?period1=1778238506&period2=1783336106&interval=30m&events=history&includePrePost=false,2026-07-06T11:08:26.544444+00:00
2026-06-12T03:45:00+00:00,2026-06-12T04:15:00+00:00,30,HDFCBANK,HDFCBANK.NS,754.6500244140625,760.25,754.6500244140625,758.4000244140625,3063721,Yahoo Finance automated fallback,https://query1.finance.yahoo.com/v8/finance/chart/HDFCBANK.NS?period1=1778238506&period2=1783336106&interval=30m&events=history&includePrePost=false,2026-07-06T11:08:26.544444+00:00
2026-06-12T04:15:00+00:00,2026-06-12T04:45:00+00:00,30,HDFCBANK,HDFCBANK.NS,758.4500122070312,760.5,758.0999755859375,758.7999877929688,2418043,Yahoo Finance automated fallback,https://query1.finance.yahoo.com/v8/finance/chart/HDFCBANK.NS?period1=1778238506&period2=1783336106&interval=30m&events=history&includePrePost=false,2026-07-06T11:08:26.544444+00:00
2026-06-12T04:45:00+00:00,2026-06-12T05:15:00+00:00,30,HDFCBANK,HDFCBANK.NS,758.7999877929688,760.0,758.0499877929688,758.75,1969679,Yahoo Finance automated fallback,https://query1.finance.yahoo.com/v8/finance/chart/HDFCBANK.NS?period1=1778238506&period2=1783336106&interval=30m&events=history&includePrePost=false,2026-07-06T11:08:26.544444+00:00
2026-06-12T05:15:00+00:00,2026-06-12T05:45:00+00:00,30,HDFCBANK,HDFCBANK.NS,758.7999877929688,759.75,758.2999877929688,759.75,844248,Yahoo Finance automated fallback,https://query1.finance.yahoo.com/v8/finance/chart/HDFCBANK.NS?period1=1778238506&period2=1783336106&interval=30m&events=history&includePrePost=false,2026-07-06T11:08:26.544444+00:00
2026-06-12T05:45:00+00:00,2026-06-12T06:15:00+00:00,30,HDFCBANK,HDFCBANK.NS,759.7999877929688,759.7999877929688,756.8499755859375,758.2999877929688,1083153,Yahoo Finance automated fallback,https://query1.finance.yahoo.com/v8/finance/chart/HDFCBANK.NS?period1=1778238506&period2=1783336106&interval=30m&events=history&includePrePost=false,2026-07-06T11:08:26.544444+00:00
2026-06-12T06:15:00+00:00,2026-06-12T06:45:00+00:00,30,HDFCBANK,HDFCBANK.NS,758.2999877929688,759.5499877929688,757.8499755859375,758.0499877929688,1141291,Yahoo Finance automated fallback,https://query1.finance.yahoo.com/v8/finance/chart/HDFCBANK.NS?period1=1778238506&period2=1783336106&interval=30m&events=history&includePrePost=false,2026-07-06T11:08:26.544444+00:00
2026-06-12T06:45:00+00:00,2026-06-12T07:15:00+00:00,30,HDFCBANK,HDFCBANK.NS,758.0999755859375,758.9500122070312,757.7999877929688,757.9000244140625,747163,Yahoo Finance automated fallback,https://query1.finance.yahoo.com/v8/finance/chart/HDFCBANK.NS?period1=1778238506&period2=1783336106&interval=30m&events=history&includePrePost=false,2026-07-06T11:08:26.544444+00:00
2026-06-12T07:15:00+00:00,2026-06-12T07:45:00+00:00,30,HDFCBANK,HDFCBANK.NS,758.0499877929688,759.7999877929688,757.5,759.5499877929688,1597778,Yahoo Finance automated fallback,https://query1.finance.yahoo.com/v8/finance/chart/HDFCBANK.NS?period1=1778238506&period2=1783336106&interval=30m&events=history&includePrePost=false,2026-07-06T11:08:26.544444+00:00
2026-06-12T07:45:00+00:00,2026-06-12T08:15:00+00:00,30,HDFCBANK,HDFCBANK.NS,759.5,766.0,759.2000122070312,765.0499877929688,3481240,Yahoo Finance automated fallback,https://query1.finance.yahoo.com/v8/finance/chart/HDFCBANK.NS?period1=1778238506&period2=1783336106&interval=30m&events=history&includePrePost=false,2026-07-06T11:08:26.544444+00:00
2026-06-12T08:15:00+00:00,2026-06-12T08:45:00+00:00,30,HDFCBANK,HDFCBANK.NS,765.0499877929688,768.9000244140625,764.5499877929688,768.9000244140625,4575132,Yahoo Finance automated fallback,https://query1.finance.yahoo.com/v8/finance/chart/HDFCBANK.NS?period1=1778238506&period2=1783336106&interval=30m&events=history&includePrePost=false,2026-07-06T11:08:26.544444+00:00
2026-06-12T08:45:00+00:00,2026-06-12T09:15:00+00:00,30,HDFCBANK,HDFCBANK.NS,769.0,770.7999877929688,768.5499877929688,770.7000122070312,3079718,Yahoo Finance automated fallback,https://query1.finance.yahoo.com/v8/finance/chart/HDFCBANK.NS?period1=1778238506&period2=1783336106&interval=30m&events=history&includePrePost=false,2026-07-06T11:08:26.544444+00:00
2026-06-12T09:15:00+00:00,2026-06-12T09:45:00+00:00,30,HDFCBANK,HDFCBANK.NS,770.7000122070312,774.4000244140625,770.5,772.5,5877716,Yahoo Finance automated fallback,https://query1.finance.yahoo.com/v8/finance/chart/HDFCBANK.NS?period1=1778238506&period2=1783336106&interval=30m&events=history&includePrePost=false,2026-07-06T11:08:26.544444+00:00
2026-06-12T09:45:00+00:00,2026-06-12T10:15:00+00:00,30,HDFCBANK,HDFCBANK.NS,772.2999877929688,772.9500122070312,771.1500244140625,772.0,3145591,Yahoo Finance automated fallback,https://query1.finance.yahoo.com/v8/finance/chart/HDFCBANK.NS?period1=1778238506&period2=1783336106&interval=30m&events=history&includePrePost=false,2026-07-06T11:08:26.544444+00:00
2026-06-15T03:45:00+00:00,2026-06-15T04:15:00+00:00,30,HDFCBANK,HDFCBANK.NS,791.5499877929688,791.5499877929688,785.2999877929688,786.9500122070312,6703389,Yahoo Finance automated fallback,https://query1.finance.yahoo.com/v8/finance/chart/HDFCBANK.NS?period1=1778238506&period2=1783336106&interval=30m&events=history&includePrePost=false,2026-07-06T11:08:26.544444+00:00
2026-06-15T04:15:00+00:00,2026-06-15T04:45:00+00:00,30,HDFCBANK,HDFCBANK.NS,786.9000244140625,789.9500122070312,784.0999755859375,785.5,3910078,Yahoo Finance automated fallback,https://query1.finance.yahoo.com/v8/finance/chart/HDFCBANK.NS?period1=1778238506&period2=1783336106&interval=30m&events=history&includePrePost=false,2026-07-06T11:08:26.544444+00:00
2026-06-15T04:45:00+00:00,2026-06-15T05:15:00+00:00,30,HDFCBANK,HDFCBANK.NS,785.5,788.0,783.5499877929688,787.7000122070312,2076855,Yahoo Finance automated fallback,https://query1.finance.yahoo.com/v8/finance/chart/HDFCBANK.NS?period1=1778238506&period2=1783336106&interval=30m&events=history&includePrePost=false,2026-07-06T11:08:26.544444+00:00
2026-06-15T05:15:00+00:00,2026-06-15T05:45:00+00:00,30,HDFCBANK,HDFCBANK.NS,787.7999877929688,789.5,783.75,784.2000122070312,2285423,Yahoo Finance automated fallback,https://query1.finance.yahoo.com/v8/finance/chart/HDFCBANK.NS?period1=1778238506&period2=1783336106&interval=30m&events=history&includePrePost=false,2026-07-06T11:08:26.544444+00:00
2026-06-15T05:45:00+00:00,2026-06-15T06:15:00+00:00,30,HDFCBANK,HDFCBANK.NS,784.2000122070312,785.3499755859375,782.3499755859375,782.5999755859375,1813720,Yahoo Finance automated fallback,https://query1.finance.yahoo.com/v8/finance/chart/HDFCBANK.NS?period1=1778238506&period2=1783336106&interval=30m&events=history&includePrePost=false,2026-07-06T11:08:26.544444+00:00
2026-06-15T06:15:00+00:00,2026-06-15T06:45:00+00:00,30,HDFCBANK,HDFCBANK.NS,782.7000122070312,783.0,780.0,780.7000122070312,1952376,Yahoo Finance automated fallback,https://query1.finance.yahoo.com/v8/finance/chart/HDFCBANK.NS?period1=1778238506&period2=1783336106&interval=30m&events=history&includePrePost=false,2026-07-06T11:08:26.544444+00:00
2026-06-15T06:45:00+00:00,2026-06-15T07:15:00+00:00,30,HDFCBANK,HDFCBANK.NS,780.4000244140625,781.0,777.7000122070312,780.9000244140625,1710176,Yahoo Finance automated fallback,https://query1.finance.yahoo.com/v8/finance/chart/HDFCBANK.NS?period1=1778238506&period2=1783336106&interval=30m&events=history&includePrePost=false,2026-07-06T11:08:26.544444+00:00
2026-06-15T07:15:00+00:00,2026-06-15T07:45:00+00:00,30,HDFCBANK,HDFCBANK.NS,780.9000244140625,781.5,778.75,780.1500244140625,1395908,Yahoo Finance automated fallback,https://query1.finance.yahoo.com/v8/finance/chart/HDFCBANK.NS?period1=1778238506&period2=1783336106&interval=30m&events=history&includePrePost=false,2026-07-06T11:08:26.544444+00:00
2026-06-15T07:45:00+00:00,2026-06-15T08:15:00+00:00,30,HDFCBANK,HDFCBANK.NS,780.0,780.6500244140625,777.6500244140625,778.5,1269287,Yahoo Finance automated fallback,https://query1.finance.yahoo.com/v8/finance/chart/HDFCBANK.NS?period1=1778238506&period2=1783336106&interval=30m&events=history&includePrePost=false,2026-07-06T11:08:26.544444+00:00
2026-06-15T08:15:00+00:00,2026-06-15T08:45:00+00:00,30,HDFCBANK,HDFCBANK.NS,778.5499877929688,779.0,776.1500244140625,777.7000122070312,1777193,Yahoo Finance automated fallback,https://query1.finance.yahoo.com/v8/finance/chart/HDFCBANK.NS?period1=1778238506&period2=1783336106&interval=30m&events=history&includePrePost=false,2026-07-06T11:08:26.544444+00:00
2026-06-15T08:45:00+00:00,2026-06-15T09:15:00+00:00,30,HDFCBANK,HDFCBANK.NS,777.7000122070312,781.0,777.6500244140625,780.4000244140625,2254800,Yahoo Finance automated fallback,https://query1.finance.yahoo.com/v8/finance/chart/HDFCBANK.NS?period1=1778238506&period2=1783336106&interval=30m&events=history&includePrePost=false,2026-07-06T11:08:26.544444+00:00
2026-06-15T09:15:00+00:00,2026-06-15T09:45:00+00:00,30,HDFCBANK,HDFCBANK.NS,780.25,780.5999755859375,775.7000122070312,776.5999755859375,3376422,Yahoo Finance automated fallback,https://query1.finance.yahoo.com/v8/finance/chart/HDFCBANK.NS?period1=1778238506&period2=1783336106&interval=30m&events=history&includePrePost=false,2026-07-06T11:08:26.544444+00:00
2026-06-15T09:45:00+00:00,2026-06-15T10:15:00+00:00,30,HDFCBANK,HDFCBANK.NS,776.5999755859375,778.4500122070312,776.0999755859375,777.0999755859375,2645952,Yahoo Finance automated fallback,https://query1.finance.yahoo.com/v8/finance/chart/HDFCBANK.NS?period1=1778238506&period2=1783336106&interval=30m&events=history&includePrePost=false,2026-07-06T11:08:26.544444+00:00
2026-06-16T03:45:00+00:00,2026-06-16T04:15:00+00:00,30,HDFCBANK,HDFCBANK.NS,780.5,783.5499877929688,779.5,780.5499877929688,1611381,Yahoo Finance automated fallback,https://query1.finance.yahoo.com/v8/finance/chart/HDFCBANK.NS?period1=1778238506&period2=1783336106&interval=30m&events=history&includePrePost=false,2026-07-06T11:08:26.544444+00:00
2026-06-16T04:15:00+00:00,2026-06-16T04:45:00+00:00,30,HDFCBANK,HDFCBANK.NS,780.5499877929688,783.9000244140625,780.4500122070312,780.5999755859375,2537406,Yahoo Finance automated fallback,https://query1.finance.yahoo.com/v8/finance/chart/HDFCBANK.NS?period1=1778238506&period2=1783336106&interval=30m&events=history&includePrePost=false,2026-07-06T11:08:26.544444+00:00
2026-06-16T04:45:00+00:00,2026-06-16T05:15:00+00:00,30,HDFCBANK,HDFCBANK.NS,780.6500244140625,782.0,780.4500122070312,781.7000122070312,669087,Yahoo Finance automated fallback,https://query1.finance.yahoo.com/v8/finance/chart/HDFCBANK.NS?period1=1778238506&period2=1783336106&interval=30m&events=history&includePrePost=false,2026-07-06T11:08:26.544444+00:00
2026-06-16T05:15:00+00:00,2026-06-16T05:45:00+00:00,30,HDFCBANK,HDFCBANK.NS,781.7000122070312,783.7000122070312,781.5,782.0999755859375,1116220,Yahoo Finance automated fallback,https://query1.finance.yahoo.com/v8/finance/chart/HDFCBANK.NS?period1=1778238506&period2=1783336106&interval=30m&events=history&includePrePost=false,2026-07-06T11:08:26.544444+00:00
2026-06-16T05:45:00+00:00,2026-06-16T06:15:00+00:00,30,HDFCBANK,HDFCBANK.NS,781.9500122070312,786.0,781.5999755859375,786.0,1783374,Yahoo Finance automated fallback,https://query1.finance.yahoo.com/v8/finance/chart/HDFCBANK.NS?period1=1778238506&period2=1783336106&interval=30m&events=history&includePrePost=false,2026-07-06T11:08:26.544444+00:00
2026-06-16T06:15:00+00:00,2026-06-16T06:45:00+00:00,30,HDFCBANK,HDFCBANK.NS,785.8499755859375,787.5,784.0999755859375,784.0999755859375,2529885,Yahoo Finance automated fallback,https://query1.finance.yahoo.com/v8/finance/chart/HDFCBANK.NS?period1=1778238506&period2=1783336106&interval=30m&events=history&includePrePost=false,2026-07-06T11:08:26.544444+00:00
2026-06-16T06:45:00+00:00,2026-06-16T07:15:00+00:00,30,HDFCBANK,HDFCBANK.NS,784.0999755859375,785.7000122070312,783.5,784.7999877929688,2637808,Yahoo Finance automated fallback,https://query1.finance.yahoo.com/v8/finance/chart/HDFCBANK.NS?period1=1778238506&period2=1783336106&interval=30m&events=history&includePrePost=false,2026-07-06T11:08:26.544444+00:00
2026-06-16T07:15:00+00:00,2026-06-16T07:45:00+00:00,30,HDFCBANK,HDFCBANK.NS,785.1500244140625,786.9000244140625,784.6500244140625,786.9000244140625,1062615,Yahoo Finance automated fallback,https://query1.finance.yahoo.com/v8/finance/chart/HDFCBANK.NS?period1=1778238506&period2=1783336106&interval=30m&events=history&includePrePost=false,2026-07-06T11:08:26.544444+00:00
2026-06-16T07:45:00+00:00,2026-06-16T08:15:00+00:00,30,HDFCBANK,HDFCBANK.NS,786.9000244140625,787.7000122070312,786.0,786.2999877929688,2130775,Yahoo Finance automated fallback,https://query1.finance.yahoo.com/v8/finance/chart/HDFCBANK.NS?period1=1778238506&period2=1783336106&interval=30m&events=history&includePrePost=false,2026-07-06T11:08:26.544444+00:00
2026-06-16T08:15:00+00:00,2026-06-16T08:45:00+00:00,30,HDFCBANK,HDFCBANK.NS,786.2999877929688,787.25,785.5,787.0499877929688,1378454,Yahoo Finance automated fallback,https://query1.finance.yahoo.com/v8/finance/chart/HDFCBANK.NS?period1=1778238506&period2=1783336106&interval=30m&events=history&includePrePost=false,2026-07-06T11:08:26.544444+00:00
2026-06-16T08:45:00+00:00,2026-06-16T09:15:00+00:00,30,HDFCBANK,HDFCBANK.NS,787.0499877929688,787.4000244140625,785.25,785.25,1739686,Yahoo Finance automated fallback,https://query1.finance.yahoo.com/v8/finance/chart/HDFCBANK.NS?period1=1778238506&period2=1783336106&interval=30m&events=history&includePrePost=false,2026-07-06T11:08:26.544444+00:00
2026-06-16T09:15:00+00:00,2026-06-16T09:45:00+00:00,30,HDFCBANK,HDFCBANK.NS,784.9000244140625,786.7999877929688,783.4500122070312,785.2999877929688,5813794,Yahoo Finance automated fallback,https://query1.finance.yahoo.com/v8/finance/chart/HDFCBANK.NS?period1=1778238506&period2=1783336106&interval=30m&events=history&includePrePost=false,2026-07-06T11:08:26.544444+00:00
2026-06-16T09:45:00+00:00,2026-06-16T10:15:00+00:00,30,HDFCBANK,HDFCBANK.NS,785.25,785.25,784.0999755859375,784.7999877929688,1095240,Yahoo Finance automated fallback,https://query1.finance.yahoo.com/v8/finance/chart/HDFCBANK.NS?period1=1778238506&period2=1783336106&interval=30m&events=history&includePrePost=false,2026-07-06T11:08:26.544444+00:00
2026-06-17T03:45:00+00:00,2026-06-17T04:15:00+00:00,30,HDFCBANK,HDFCBANK.NS,787.0,787.5999755859375,783.2000122070312,785.8499755859375,2822015,Yahoo Finance automated fallback,https://query1.finance.yahoo.com/v8/finance/chart/HDFCBANK.NS?period1=1778238506&period2=1783336106&interval=30m&events=history&includePrePost=false,2026-07-06T11:08:26.544444+00:00
2026-06-17T04:15:00+00:00,2026-06-17T04:45:00+00:00,30,HDFCBANK,HDFCBANK.NS,785.7999877929688,786.8499755859375,784.5999755859375,785.9000244140625,1887580,Yahoo Finance automated fallback,https://query1.finance.yahoo.com/v8/finance/chart/HDFCBANK.NS?period1=1778238506&period2=1783336106&interval=30m&events=history&includePrePost=false,2026-07-06T11:08:26.544444+00:00
2026-06-17T04:45:00+00:00,2026-06-17T05:15:00+00:00,30,HDFCBANK,HDFCBANK.NS,785.9000244140625,792.0,785.5,790.7999877929688,4095097,Yahoo Finance automated fallback,https://query1.finance.yahoo.com/v8/finance/chart/HDFCBANK.NS?period1=1778238506&period2=1783336106&interval=30m&events=history&includePrePost=false,2026-07-06T11:08:26.544444+00:00
2026-06-17T05:15:00+00:00,2026-06-17T05:45:00+00:00,30,HDFCBANK,HDFCBANK.NS,790.9000244140625,791.4000244140625,788.9000244140625,791.0,2576759,Yahoo Finance automated fallback,https://query1.finance.yahoo.com/v8/finance/chart/HDFCBANK.NS?period1=1778238506&period2=1783336106&interval=30m&events=history&includePrePost=false,2026-07-06T11:08:26.544444+00:00
2026-06-17T05:45:00+00:00,2026-06-17T06:15:00+00:00,30,HDFCBANK,HDFCBANK.NS,791.1500244140625,794.2000122070312,790.2000122070312,793.6500244140625,3186107,Yahoo Finance automated fallback,https://query1.finance.yahoo.com/v8/finance/chart/HDFCBANK.NS?period1=1778238506&period2=1783336106&interval=30m&events=history&includePrePost=false,2026-07-06T11:08:26.544444+00:00
2026-06-17T06:15:00+00:00,2026-06-17T06:45:00+00:00,30,HDFCBANK,HDFCBANK.NS,793.9000244140625,794.2999877929688,789.6500244140625,790.0499877929688,2094212,Yahoo Finance automated fallback,https://query1.finance.yahoo.com/v8/finance/chart/HDFCBANK.NS?period1=1778238506&period2=1783336106&interval=30m&events=history&includePrePost=false,2026-07-06T11:08:26.544444+00:00
2026-06-17T06:45:00+00:00,2026-06-17T07:15:00+00:00,30,HDFCBANK,HDFCBANK.NS,790.0999755859375,790.75,788.7999877929688,789.25,1643325,Yahoo Finance automated fallback,https://query1.finance.yahoo.com/v8/finance/chart/HDFCBANK.NS?period1=1778238506&period2=1783336106&interval=30m&events=history&includePrePost=false,2026-07-06T11:08:26.544444+00:00
2026-06-17T07:15:00+00:00,2026-06-17T07:45:00+00:00,30,HDFCBANK,HDFCBANK.NS,789.2999877929688,790.25,788.0,788.0,1797239,Yahoo Finance automated fallback,https://query1.finance.yahoo.com/v8/finance/chart/HDFCBANK.NS?period1=1778238506&period2=1783336106&interval=30m&events=history&includePrePost=false,2026-07-06T11:08:26.544444+00:00
2026-06-17T07:45:00+00:00,2026-06-17T08:15:00+00:00,30,HDFCBANK,HDFCBANK.NS,788.0,789.9500122070312,787.7000122070312,789.1500244140625,1183941,Yahoo Finance automated fallback,https://query1.finance.yahoo.com/v8/finance/chart/HDFCBANK.NS?period1=1778238506&period2=1783336106&interval=30m&events=history&includePrePost=false,2026-07-06T11:08:26.544444+00:00
2026-06-17T08:15:00+00:00,2026-06-17T08:45:00+00:00,30,HDFCBANK,HDFCBANK.NS,789.1500244140625,789.7999877929688,788.5999755859375,789.0499877929688,1634669,Yahoo Finance automated fallback,https://query1.finance.yahoo.com/v8/finance/chart/HDFCBANK.NS?period1=1778238506&period2=1783336106&interval=30m&events=history&includePrePost=false,2026-07-06T11:08:26.544444+00:00
2026-06-17T08:45:00+00:00,2026-06-17T09:15:00+00:00,30,HDFCBANK,HDFCBANK.NS,789.0999755859375,789.4000244140625,786.25,786.5499877929688,2764675,Yahoo Finance automated fallback,https://query1.finance.yahoo.com/v8/finance/chart/HDFCBANK.NS?period1=1778238506&period2=1783336106&interval=30m&events=history&includePrePost=false,2026-07-06T11:08:26.544444+00:00
2026-06-17T09:15:00+00:00,2026-06-17T09:45:00+00:00,30,HDFCBANK,HDFCBANK.NS,786.5499877929688,788.2000122070312,786.0499877929688,787.5,3362650,Yahoo Finance automated fallback,https://query1.finance.yahoo.com/v8/finance/chart/HDFCBANK.NS?period1=1778238506&period2=1783336106&interval=30m&events=history&includePrePost=false,2026-07-06T11:08:26.544444+00:00
2026-06-17T09:45:00+00:00,2026-06-17T10:15:00+00:00,30,HDFCBANK,HDFCBANK.NS,787.5,787.5,785.8499755859375,786.0,2111184,Yahoo Finance automated fallback,https://query1.finance.yahoo.com/v8/finance/chart/HDFCBANK.NS?period1=1778238506&period2=1783336106&interval=30m&events=history&includePrePost=false,2026-07-06T11:08:26.544444+00:00
2026-06-18T03:45:00+00:00,2026-06-18T04:15:00+00:00,30,HDFCBANK,HDFCBANK.NS,786.5999755859375,798.25,786.4000244140625,798.0499877929688,2861310,Yahoo Finance automated fallback,https://query1.finance.yahoo.com/v8/finance/chart/HDFCBANK.NS?period1=1778238506&period2=1783336106&interval=30m&events=history&includePrePost=false,2026-07-06T11:08:26.544444+00:00
2026-06-18T04:15:00+00:00,2026-06-18T04:45:00+00:00,30,HDFCBANK,HDFCBANK.NS,798.1500244140625,802.8499755859375,798.0,802.0,4591252,Yahoo Finance automated fallback,https://query1.finance.yahoo.com/v8/finance/chart/HDFCBANK.NS?period1=1778238506&period2=1783336106&interval=30m&events=history&includePrePost=false,2026-07-06T11:08:26.544444+00:00
2026-06-18T04:45:00+00:00,2026-06-18T05:15:00+00:00,30,HDFCBANK,HDFCBANK.NS,802.0999755859375,802.7999877929688,796.6500244140625,797.5,3020312,Yahoo Finance automated fallback,https://query1.finance.yahoo.com/v8/finance/chart/HDFCBANK.NS?period1=1778238506&period2=1783336106&interval=30m&events=history&includePrePost=false,2026-07-06T11:08:26.544444+00:00
2026-06-18T05:15:00+00:00,2026-06-18T05:45:00+00:00,30,HDFCBANK,HDFCBANK.NS,797.5999755859375,799.6500244140625,797.2000122070312,799.2000122070312,2476101,Yahoo Finance automated fallback,https://query1.finance.yahoo.com/v8/finance/chart/HDFCBANK.NS?period1=1778238506&period2=1783336106&interval=30m&events=history&includePrePost=false,2026-07-06T11:08:26.544444+00:00
2026-06-18T05:45:00+00:00,2026-06-18T06:15:00+00:00,30,HDFCBANK,HDFCBANK.NS,799.2000122070312,799.2000122070312,795.1500244140625,796.0,2218886,Yahoo Finance automated fallback,https://query1.finance.yahoo.com/v8/finance/chart/HDFCBANK.NS?period1=1778238506&period2=1783336106&interval=30m&events=history&includePrePost=false,2026-07-06T11:08:26.544444+00:00
2026-06-18T06:15:00+00:00,2026-06-18T06:45:00+00:00,30,HDFCBANK,HDFCBANK.NS,795.9500122070312,798.5499877929688,794.9000244140625,797.2000122070312,2848087,Yahoo Finance automated fallback,https://query1.finance.yahoo.com/v8/finance/chart/HDFCBANK.NS?period1=1778238506&period2=1783336106&interval=30m&events=history&includePrePost=false,2026-07-06T11:08:26.544444+00:00
2026-06-18T06:45:00+00:00,2026-06-18T07:15:00+00:00,30,HDFCBANK,HDFCBANK.NS,797.2000122070312,798.3499755859375,795.5499877929688,795.9000244140625,2277442,Yahoo Finance automated fallback,https://query1.finance.yahoo.com/v8/finance/chart/HDFCBANK.NS?period1=1778238506&period2=1783336106&interval=30m&events=history&includePrePost=false,2026-07-06T11:08:26.544444+00:00
2026-06-18T07:15:00+00:00,2026-06-18T07:45:00+00:00,30,HDFCBANK,HDFCBANK.NS,795.9000244140625,797.2000122070312,795.2999877929688,796.4500122070312,1367803,Yahoo Finance automated fallback,https://query1.finance.yahoo.com/v8/finance/chart/HDFCBANK.NS?period1=1778238506&period2=1783336106&interval=30m&events=history&includePrePost=false,2026-07-06T11:08:26.544444+00:00
2026-06-18T07:45:00+00:00,2026-06-18T08:15:00+00:00,30,HDFCBANK,HDFCBANK.NS,796.4500122070312,796.9000244140625,794.9500122070312,795.9000244140625,3516007,Yahoo Finance automated fallback,https://query1.finance.yahoo.com/v8/finance/chart/HDFCBANK.NS?period1=1778238506&period2=1783336106&interval=30m&events=history&includePrePost=false,2026-07-06T11:08:26.544444+00:00
2026-06-18T08:15:00+00:00,2026-06-18T08:45:00+00:00,30,HDFCBANK,HDFCBANK.NS,795.7000122070312,796.4500122070312,794.2000122070312,794.5,2808282,Yahoo Finance automated fallback,https://query1.finance.yahoo.com/v8/finance/chart/HDFCBANK.NS?period1=1778238506&period2=1783336106&interval=30m&events=history&includePrePost=false,2026-07-06T11:08:26.544444+00:00
2026-06-18T08:45:00+00:00,2026-06-18T09:15:00+00:00,30,HDFCBANK,HDFCBANK.NS,794.4500122070312,795.5,793.5999755859375,794.5999755859375,2331502,Yahoo Finance automated fallback,https://query1.finance.yahoo.com/v8/finance/chart/HDFCBANK.NS?period1=1778238506&period2=1783336106&interval=30m&events=history&includePrePost=false,2026-07-06T11:08:26.544444+00:00
2026-06-18T09:15:00+00:00,2026-06-18T09:45:00+00:00,30,HDFCBANK,HDFCBANK.NS,794.5499877929688,800.0,794.1500244140625,799.6500244140625,6198495,Yahoo Finance automated fallback,https://query1.finance.yahoo.com/v8/finance/chart/HDFCBANK.NS?period1=1778238506&period2=1783336106&interval=30m&events=history&includePrePost=false,2026-07-06T11:08:26.544444+00:00
2026-06-18T09:45:00+00:00,2026-06-18T10:15:00+00:00,30,HDFCBANK,HDFCBANK.NS,799.6500244140625,801.5999755859375,799.5,800.9500122070312,3600474,Yahoo Finance automated fallback,https://query1.finance.yahoo.com/v8/finance/chart/HDFCBANK.NS?period1=1778238506&period2=1783336106&interval=30m&events=history&includePrePost=false,2026-07-06T11:08:26.544444+00:00
2026-06-19T03:45:00+00:00,2026-06-19T04:15:00+00:00,30,HDFCBANK,HDFCBANK.NS,787.4000244140625,789.0,781.0,782.7999877929688,3838053,Yahoo Finance automated fallback,https://query1.finance.yahoo.com/v8/finance/chart/HDFCBANK.NS?period1=1778238506&period2=1783336106&interval=30m&events=history&includePrePost=false,2026-07-06T11:08:26.544444+00:00
2026-06-19T04:15:00+00:00,2026-06-19T04:45:00+00:00,30,HDFCBANK,HDFCBANK.NS,782.7999877929688,783.5,781.0999755859375,782.4500122070312,2528035,Yahoo Finance automated fallback,https://query1.finance.yahoo.com/v8/finance/chart/HDFCBANK.NS?period1=1778238506&period2=1783336106&interval=30m&events=history&includePrePost=false,2026-07-06T11:08:26.544444+00:00
2026-06-19T04:45:00+00:00,2026-06-19T05:15:00+00:00,30,HDFCBANK,HDFCBANK.NS,782.5,783.0,780.0999755859375,780.8499755859375,1760232,Yahoo Finance automated fallback,https://query1.finance.yahoo.com/v8/finance/chart/HDFCBANK.NS?period1=1778238506&period2=1783336106&interval=30m&events=history&includePrePost=false,2026-07-06T11:08:26.544444+00:00
2026-06-19T05:15:00+00:00,2026-06-19T05:45:00+00:00,30,HDFCBANK,HDFCBANK.NS,780.8499755859375,781.3499755859375,779.2000122070312,780.4000244140625,2062454,Yahoo Finance automated fallback,https://query1.finance.yahoo.com/v8/finance/chart/HDFCBANK.NS?period1=1778238506&period2=1783336106&interval=30m&events=history&includePrePost=false,2026-07-06T11:08:26.544444+00:00
2026-06-19T05:45:00+00:00,2026-06-19T06:15:00+00:00,30,HDFCBANK,HDFCBANK.NS,780.4000244140625,780.5,777.7999877929688,778.9000244140625,1172168,Yahoo Finance automated fallback,https://query1.finance.yahoo.com/v8/finance/chart/HDFCBANK.NS?period1=1778238506&period2=1783336106&interval=30m&events=history&includePrePost=false,2026-07-06T11:08:26.544444+00:00
2026-06-19T06:15:00+00:00,2026-06-19T06:45:00+00:00,30,HDFCBANK,HDFCBANK.NS,778.7999877929688,778.9500122070312,777.5,777.7999877929688,857720,Yahoo Finance automated fallback,https://query1.finance.yahoo.com/v8/finance/chart/HDFCBANK.NS?period1=1778238506&period2=1783336106&interval=30m&events=history&includePrePost=false,2026-07-06T11:08:26.544444+00:00
2026-06-19T06:45:00+00:00,2026-06-19T07:15:00+00:00,30,HDFCBANK,HDFCBANK.NS,777.7999877929688,779.7000122070312,777.5,779.2999877929688,980965,Yahoo Finance automated fallback,https://query1.finance.yahoo.com/v8/finance/chart/HDFCBANK.NS?period1=1778238506&period2=1783336106&interval=30m&events=history&includePrePost=false,2026-07-06T11:08:26.544444+00:00
2026-06-19T07:15:00+00:00,2026-06-19T07:45:00+00:00,30,HDFCBANK,HDFCBANK.NS,779.3499755859375,779.4000244140625,776.5499877929688,777.0999755859375,1204621,Yahoo Finance automated fallback,https://query1.finance.yahoo.com/v8/finance/chart/HDFCBANK.NS?period1=1778238506&period2=1783336106&interval=30m&events=history&includePrePost=false,2026-07-06T11:08:26.544444+00:00
2026-06-19T07:45:00+00:00,2026-06-19T08:15:00+00:00,30,HDFCBANK,HDFCBANK.NS,777.1500244140625,778.5,776.4000244140625,777.7000122070312,1190807,Yahoo Finance automated fallback,https://query1.finance.yahoo.com/v8/finance/chart/HDFCBANK.NS?period1=1778238506&period2=1783336106&interval=30m&events=history&includePrePost=false,2026-07-06T11:08:26.544444+00:00
2026-06-19T08:15:00+00:00,2026-06-19T08:45:00+00:00,30,HDFCBANK,HDFCBANK.NS,777.7000122070312,780.0999755859375,777.2999877929688,779.0,1706914,Yahoo Finance automated fallback,https://query1.finance.yahoo.com/v8/finance/chart/HDFCBANK.NS?period1=1778238506&period2=1783336106&interval=30m&events=history&includePrePost=false,2026-07-06T11:08:26.544444+00:00
2026-06-19T08:45:00+00:00,2026-06-19T09:15:00+00:00,30,HDFCBANK,HDFCBANK.NS,779.2999877929688,780.0,778.0,779.5499877929688,1496974,Yahoo Finance automated fallback,https://query1.finance.yahoo.com/v8/finance/chart/HDFCBANK.NS?period1=1778238506&period2=1783336106&interval=30m&events=history&includePrePost=false,2026-07-06T11:08:26.544444+00:00
2026-06-19T09:15:00+00:00,2026-06-19T09:45:00+00:00,30,HDFCBANK,HDFCBANK.NS,779.6500244140625,781.9500122070312,777.5,780.0,7383878,Yahoo Finance automated fallback,https://query1.finance.yahoo.com/v8/finance/chart/HDFCBANK.NS?period1=1778238506&period2=1783336106&interval=30m&events=history&includePrePost=false,2026-07-06T11:08:26.544444+00:00
2026-06-19T09:45:00+00:00,2026-06-19T10:15:00+00:00,30,HDFCBANK,HDFCBANK.NS,779.7000122070312,781.0,779.1500244140625,781.0,4150049,Yahoo Finance automated fallback,https://query1.finance.yahoo.com/v8/finance/chart/HDFCBANK.NS?period1=1778238506&period2=1783336106&interval=30m&events=history&includePrePost=false,2026-07-06T11:08:26.544444+00:00
2026-06-22T03:45:00+00:00,2026-06-22T04:15:00+00:00,30,HDFCBANK,HDFCBANK.NS,788.0999755859375,788.0999755859375,784.1500244140625,784.4500122070312,2947483,Yahoo Finance automated fallback,https://query1.finance.yahoo.com/v8/finance/chart/HDFCBANK.NS?period1=1778238506&period2=1783336106&interval=30m&events=history&includePrePost=false,2026-07-06T11:08:26.544444+00:00
2026-06-22T04:15:00+00:00,2026-06-22T04:45:00+00:00,30,HDFCBANK,HDFCBANK.NS,784.4500122070312,785.4000244140625,783.0999755859375,785.1500244140625,1898896,Yahoo Finance automated fallback,https://query1.finance.yahoo.com/v8/finance/chart/HDFCBANK.NS?period1=1778238506&period2=1783336106&interval=30m&events=history&includePrePost=false,2026-07-06T11:08:26.544444+00:00
2026-06-22T04:45:00+00:00,2026-06-22T05:15:00+00:00,30,HDFCBANK,HDFCBANK.NS,785.1500244140625,788.1500244140625,785.0,786.75,1986815,Yahoo Finance automated fallback,https://query1.finance.yahoo.com/v8/finance/chart/HDFCBANK.NS?period1=1778238506&period2=1783336106&interval=30m&events=history&includePrePost=false,2026-07-06T11:08:26.544444+00:00
2026-06-22T05:15:00+00:00,2026-06-22T05:45:00+00:00,30,HDFCBANK,HDFCBANK.NS,786.75,789.25,786.2999877929688,787.9000244140625,2011944,Yahoo Finance automated fallback,https://query1.finance.yahoo.com/v8/finance/chart/HDFCBANK.NS?period1=1778238506&period2=1783336106&interval=30m&events=history&includePrePost=false,2026-07-06T11:08:26.544444+00:00
2026-06-22T05:45:00+00:00,2026-06-22T06:15:00+00:00,30,HDFCBANK,HDFCBANK.NS,787.75,788.0,785.7000122070312,786.2999877929688,1236793,Yahoo Finance automated fallback,https://query1.finance.yahoo.com/v8/finance/chart/HDFCBANK.NS?period1=1778238506&period2=1783336106&interval=30m&events=history&includePrePost=false,2026-07-06T11:08:26.544444+00:00
2026-06-22T06:15:00+00:00,2026-06-22T06:45:00+00:00,30,HDFCBANK,HDFCBANK.NS,786.0499877929688,786.25,785.0,785.3499755859375,1221392,Yahoo Finance automated fallback,https://query1.finance.yahoo.com/v8/finance/chart/HDFCBANK.NS?period1=1778238506&period2=1783336106&interval=30m&events=history&includePrePost=false,2026-07-06T11:08:26.544444+00:00
2026-06-22T06:45:00+00:00,2026-06-22T07:15:00+00:00,30,HDFCBANK,HDFCBANK.NS,785.3499755859375,785.7999877929688,784.5999755859375,785.0499877929688,848120,Yahoo Finance automated fallback,https://query1.finance.yahoo.com/v8/finance/chart/HDFCBANK.NS?period1=1778238506&period2=1783336106&interval=30m&events=history&includePrePost=false,2026-07-06T11:08:26.544444+00:00
2026-06-22T07:15:00+00:00,2026-06-22T07:45:00+00:00,30,HDFCBANK,HDFCBANK.NS,785.0,785.9000244140625,784.3499755859375,785.0,1009328,Yahoo Finance automated fallback,https://query1.finance.yahoo.com/v8/finance/chart/HDFCBANK.NS?period1=1778238506&period2=1783336106&interval=30m&events=history&includePrePost=false,2026-07-06T11:08:26.544444+00:00
2026-06-22T07:45:00+00:00,2026-06-22T08:15:00+00:00,30,HDFCBANK,HDFCBANK.NS,785.0,786.8499755859375,784.7999877929688,786.7000122070312,1587240,Yahoo Finance automated fallback,https://query1.finance.yahoo.com/v8/finance/chart/HDFCBANK.NS?period1=1778238506&period2=1783336106&interval=30m&events=history&includePrePost=false,2026-07-06T11:08:26.544444+00:00
2026-06-22T08:15:00+00:00,2026-06-22T08:45:00+00:00,30,HDFCBANK,HDFCBANK.NS,786.7000122070312,789.4500122070312,786.25,786.7000122070312,3654046,Yahoo Finance automated fallback,https://query1.finance.yahoo.com/v8/finance/chart/HDFCBANK.NS?period1=1778238506&period2=1783336106&interval=30m&events=history&includePrePost=false,2026-07-06T11:08:26.544444+00:00
2026-06-22T08:45:00+00:00,2026-06-22T09:15:00+00:00,30,HDFCBANK,HDFCBANK.NS,787.0,788.5,786.7000122070312,787.7000122070312,1132755,Yahoo Finance automated fallback,https://query1.finance.yahoo.com/v8/finance/chart/HDFCBANK.NS?period1=1778238506&period2=1783336106&interval=30m&events=history&includePrePost=false,2026-07-06T11:08:26.544444+00:00
2026-06-22T09:15:00+00:00,2026-06-22T09:45:00+00:00,30,HDFCBANK,HDFCBANK.NS,787.9000244140625,787.9000244140625,785.9000244140625,786.6500244140625,1888336,Yahoo Finance automated fallback,https://query1.finance.yahoo.com/v8/finance/chart/HDFCBANK.NS?period1=1778238506&period2=1783336106&interval=30m&events=history&includePrePost=false,2026-07-06T11:08:26.544444+00:00
2026-06-22T09:45:00+00:00,2026-06-22T10:15:00+00:00,30,HDFCBANK,HDFCBANK.NS,786.5999755859375,786.7000122070312,785.5,785.5999755859375,1390906,Yahoo Finance automated fallback,https://query1.finance.yahoo.com/v8/finance/chart/HDFCBANK.NS?period1=1778238506&period2=1783336106&interval=30m&events=history&includePrePost=false,2026-07-06T11:08:26.544444+00:00
2026-06-23T03:45:00+00:00,2026-06-23T04:15:00+00:00,30,HDFCBANK,HDFCBANK.NS,784.0,787.0,782.4500122070312,786.5499877929688,1624344,Yahoo Finance automated fallback,https://query1.finance.yahoo.com/v8/finance/chart/HDFCBANK.NS?period1=1778238506&period2=1783336106&interval=30m&events=history&includePrePost=false,2026-07-06T11:08:26.544444+00:00
2026-06-23T04:15:00+00:00,2026-06-23T04:45:00+00:00,30,HDFCBANK,HDFCBANK.NS,786.9500122070312,790.7999877929688,786.25,788.2999877929688,3609763,Yahoo Finance automated fallback,https://query1.finance.yahoo.com/v8/finance/chart/HDFCBANK.NS?period1=1778238506&period2=1783336106&interval=30m&events=history&includePrePost=false,2026-07-06T11:08:26.544444+00:00
2026-06-23T04:45:00+00:00,2026-06-23T05:15:00+00:00,30,HDFCBANK,HDFCBANK.NS,788.4500122070312,790.5,787.7000122070312,789.7000122070312,2102600,Yahoo Finance automated fallback,https://query1.finance.yahoo.com/v8/finance/chart/HDFCBANK.NS?period1=1778238506&period2=1783336106&interval=30m&events=history&includePrePost=false,2026-07-06T11:08:26.544444+00:00
2026-06-23T05:15:00+00:00,2026-06-23T05:45:00+00:00,30,HDFCBANK,HDFCBANK.NS,789.7000122070312,789.7999877929688,786.7000122070312,787.0,1773735,Yahoo Finance automated fallback,https://query1.finance.yahoo.com/v8/finance/chart/HDFCBANK.NS?period1=1778238506&period2=1783336106&interval=30m&events=history&includePrePost=false,2026-07-06T11:08:26.544444+00:00
2026-06-23T05:45:00+00:00,2026-06-23T06:15:00+00:00,30,HDFCBANK,HDFCBANK.NS,786.9500122070312,787.1500244140625,785.5999755859375,785.9000244140625,1585160,Yahoo Finance automated fallback,https://query1.finance.yahoo.com/v8/finance/chart/HDFCBANK.NS?period1=1778238506&period2=1783336106&interval=30m&events=history&includePrePost=false,2026-07-06T11:08:26.544444+00:00
2026-06-23T06:15:00+00:00,2026-06-23T06:45:00+00:00,30,HDFCBANK,HDFCBANK.NS,785.7999877929688,785.8499755859375,779.0,781.0,2659773,Yahoo Finance automated fallback,https://query1.finance.yahoo.com/v8/finance/chart/HDFCBANK.NS?period1=1778238506&period2=1783336106&interval=30m&events=history&includePrePost=false,2026-07-06T11:08:26.544444+00:00
2026-06-23T06:45:00+00:00,2026-06-23T07:15:00+00:00,30,HDFCBANK,HDFCBANK.NS,780.7999877929688,781.5,778.0,779.75,2530020,Yahoo Finance automated fallback,https://query1.finance.yahoo.com/v8/finance/chart/HDFCBANK.NS?period1=1778238506&period2=1783336106&interval=30m&events=history&includePrePost=false,2026-07-06T11:08:26.544444+00:00
2026-06-23T07:15:00+00:00,2026-06-23T07:45:00+00:00,30,HDFCBANK,HDFCBANK.NS,779.5999755859375,780.2000122070312,778.1500244140625,779.2999877929688,1007695,Yahoo Finance automated fallback,https://query1.finance.yahoo.com/v8/finance/chart/HDFCBANK.NS?period1=1778238506&period2=1783336106&interval=30m&events=history&includePrePost=false,2026-07-06T11:08:26.544444+00:00
2026-06-23T07:45:00+00:00,2026-06-23T08:15:00+00:00,30,HDFCBANK,HDFCBANK.NS,779.4000244140625,779.9000244140625,775.0,776.6500244140625,1351887,Yahoo Finance automated fallback,https://query1.finance.yahoo.com/v8/finance/chart/HDFCBANK.NS?period1=1778238506&period2=1783336106&interval=30m&events=history&includePrePost=false,2026-07-06T11:08:26.544444+00:00
2026-06-23T08:15:00+00:00,2026-06-23T08:45:00+00:00,30,HDFCBANK,HDFCBANK.NS,776.6500244140625,778.2000122070312,775.75,777.8499755859375,1352367,Yahoo Finance automated fallback,https://query1.finance.yahoo.com/v8/finance/chart/HDFCBANK.NS?period1=1778238506&period2=1783336106&interval=30m&events=history&includePrePost=false,2026-07-06T11:08:26.544444+00:00
2026-06-23T08:45:00+00:00,2026-06-23T09:15:00+00:00,30,HDFCBANK,HDFCBANK.NS,777.9000244140625,778.0999755859375,776.5499877929688,777.8499755859375,1238970,Yahoo Finance automated fallback,https://query1.finance.yahoo.com/v8/finance/chart/HDFCBANK.NS?period1=1778238506&period2=1783336106&interval=30m&events=history&includePrePost=false,2026-07-06T11:08:26.544444+00:00
2026-06-23T09:15:00+00:00,2026-06-23T09:45:00+00:00,30,HDFCBANK,HDFCBANK.NS,777.5999755859375,778.2000122070312,773.5499877929688,775.2000122070312,3890395,Yahoo Finance automated fallback,https://query1.finance.yahoo.com/v8/finance/chart/HDFCBANK.NS?period1=1778238506&period2=1783336106&interval=30m&events=history&includePrePost=false,2026-07-06T11:08:26.544444+00:00
2026-06-23T09:45:00+00:00,2026-06-23T10:15:00+00:00,30,HDFCBANK,HDFCBANK.NS,775.25,775.5499877929688,772.6500244140625,772.9000244140625,1687233,Yahoo Finance automated fallback,https://query1.finance.yahoo.com/v8/finance/chart/HDFCBANK.NS?period1=1778238506&period2=1783336106&interval=30m&events=history&includePrePost=false,2026-07-06T11:08:26.544444+00:00
2026-06-24T03:45:00+00:00,2026-06-24T04:15:00+00:00,30,HDFCBANK,HDFCBANK.NS,773.2000122070312,780.5,772.6500244140625,779.2999877929688,2049110,Yahoo Finance automated fallback,https://query1.finance.yahoo.com/v8/finance/chart/HDFCBANK.NS?period1=1778238506&period2=1783336106&interval=30m&events=history&includePrePost=false,2026-07-06T11:08:26.544444+00:00
2026-06-24T04:15:00+00:00,2026-06-24T04:45:00+00:00,30,HDFCBANK,HDFCBANK.NS,779.25,783.0,777.4500122070312,783.0,2083357,Yahoo Finance automated fallback,https://query1.finance.yahoo.com/v8/finance/chart/HDFCBANK.NS?period1=1778238506&period2=1783336106&interval=30m&events=history&includePrePost=false,2026-07-06T11:08:26.544444+00:00
2026-06-24T04:45:00+00:00,2026-06-24T05:15:00+00:00,30,HDFCBANK,HDFCBANK.NS,783.0,785.5,782.2999877929688,784.9500122070312,1653384,Yahoo Finance automated fallback,https://query1.finance.yahoo.com/v8/finance/chart/HDFCBANK.NS?period1=1778238506&period2=1783336106&interval=30m&events=history&includePrePost=false,2026-07-06T11:08:26.544444+00:00
2026-06-24T05:15:00+00:00,2026-06-24T05:45:00+00:00,30,HDFCBANK,HDFCBANK.NS,784.8499755859375,790.7999877929688,784.6500244140625,789.0,3236459,Yahoo Finance automated fallback,https://query1.finance.yahoo.com/v8/finance/chart/HDFCBANK.NS?period1=1778238506&period2=1783336106&interval=30m&events=history&includePrePost=false,2026-07-06T11:08:26.544444+00:00
2026-06-24T05:45:00+00:00,2026-06-24T06:15:00+00:00,30,HDFCBANK,HDFCBANK.NS,789.0999755859375,791.5499877929688,788.2999877929688,791.1500244140625,3316103,Yahoo Finance automated fallback,https://query1.finance.yahoo.com/v8/finance/chart/HDFCBANK.NS?period1=1778238506&period2=1783336106&interval=30m&events=history&includePrePost=false,2026-07-06T11:08:26.544444+00:00
2026-06-24T06:15:00+00:00,2026-06-24T06:45:00+00:00,30,HDFCBANK,HDFCBANK.NS,791.1500244140625,791.75,788.0499877929688,789.0999755859375,1963482,Yahoo Finance automated fallback,https://query1.finance.yahoo.com/v8/finance/chart/HDFCBANK.NS?period1=1778238506&period2=1783336106&interval=30m&events=history&includePrePost=false,2026-07-06T11:08:26.544444+00:00
2026-06-24T06:45:00+00:00,2026-06-24T07:15:00+00:00,30,HDFCBANK,HDFCBANK.NS,789.25,791.2000122070312,788.7000122070312,790.75,1638989,Yahoo Finance automated fallback,https://query1.finance.yahoo.com/v8/finance/chart/HDFCBANK.NS?period1=1778238506&period2=1783336106&interval=30m&events=history&includePrePost=false,2026-07-06T11:08:26.544444+00:00
2026-06-24T07:15:00+00:00,2026-06-24T07:45:00+00:00,30,HDFCBANK,HDFCBANK.NS,790.75,790.7999877929688,788.9000244140625,789.5999755859375,1478005,Yahoo Finance automated fallback,https://query1.finance.yahoo.com/v8/finance/chart/HDFCBANK.NS?period1=1778238506&period2=1783336106&interval=30m&events=history&includePrePost=false,2026-07-06T11:08:26.544444+00:00
2026-06-24T07:45:00+00:00,2026-06-24T08:15:00+00:00,30,HDFCBANK,HDFCBANK.NS,789.5,791.2999877929688,789.25,790.1500244140625,1465435,Yahoo Finance automated fallback,https://query1.finance.yahoo.com/v8/finance/chart/HDFCBANK.NS?period1=1778238506&period2=1783336106&interval=30m&events=history&includePrePost=false,2026-07-06T11:08:26.544444+00:00
2026-06-24T08:15:00+00:00,2026-06-24T08:45:00+00:00,30,HDFCBANK,HDFCBANK.NS,790.25,790.5,788.0999755859375,789.75,2047306,Yahoo Finance automated fallback,https://query1.finance.yahoo.com/v8/finance/chart/HDFCBANK.NS?period1=1778238506&period2=1783336106&interval=30m&events=history&includePrePost=false,2026-07-06T11:08:26.544444+00:00
2026-06-24T08:45:00+00:00,2026-06-24T09:15:00+00:00,30,HDFCBANK,HDFCBANK.NS,789.75,792.9000244140625,789.2000122070312,792.3499755859375,3491877,Yahoo Finance automated fallback,https://query1.finance.yahoo.com/v8/finance/chart/HDFCBANK.NS?period1=1778238506&period2=1783336106&interval=30m&events=history&includePrePost=false,2026-07-06T11:08:26.544444+00:00
2026-06-24T09:15:00+00:00,2026-06-24T09:45:00+00:00,30,HDFCBANK,HDFCBANK.NS,792.2000122070312,794.75,791.5999755859375,792.4500122070312,5668313,Yahoo Finance automated fallback,https://query1.finance.yahoo.com/v8/finance/chart/HDFCBANK.NS?period1=1778238506&period2=1783336106&interval=30m&events=history&includePrePost=false,2026-07-06T11:08:26.544444+00:00
2026-06-24T09:45:00+00:00,2026-06-24T10:15:00+00:00,30,HDFCBANK,HDFCBANK.NS,792.5,794.2000122070312,792.1500244140625,792.9000244140625,3261914,Yahoo Finance automated fallback,https://query1.finance.yahoo.com/v8/finance/chart/HDFCBANK.NS?period1=1778238506&period2=1783336106&interval=30m&events=history&includePrePost=false,2026-07-06T11:08:26.544444+00:00
2026-06-25T03:45:00+00:00,2026-06-25T04:15:00+00:00,30,HDFCBANK,HDFCBANK.NS,797.5499877929688,801.5,796.1500244140625,797.6500244140625,5855663,Yahoo Finance automated fallback,https://query1.finance.yahoo.com/v8/finance/chart/HDFCBANK.NS?period1=1778238506&period2=1783336106&interval=30m&events=history&includePrePost=false,2026-07-06T11:08:26.544444+00:00
2026-06-25T04:15:00+00:00,2026-06-25T04:45:00+00:00,30,HDFCBANK,HDFCBANK.NS,797.6500244140625,800.6500244140625,796.7999877929688,798.9000244140625,4199512,Yahoo Finance automated fallback,https://query1.finance.yahoo.com/v8/finance/chart/HDFCBANK.NS?period1=1778238506&period2=1783336106&interval=30m&events=history&includePrePost=false,2026-07-06T11:08:26.544444+00:00
2026-06-25T04:45:00+00:00,2026-06-25T05:15:00+00:00,30,HDFCBANK,HDFCBANK.NS,798.8499755859375,799.5,797.5499877929688,798.7000122070312,1717541,Yahoo Finance automated fallback,https://query1.finance.yahoo.com/v8/finance/chart/HDFCBANK.NS?period1=1778238506&period2=1783336106&interval=30m&events=history&includePrePost=false,2026-07-06T11:08:26.544444+00:00
2026-06-25T05:15:00+00:00,2026-06-25T05:45:00+00:00,30,HDFCBANK,HDFCBANK.NS,798.7999877929688,799.9000244140625,797.5,797.7000122070312,1965059,Yahoo Finance automated fallback,https://query1.finance.yahoo.com/v8/finance/chart/HDFCBANK.NS?period1=1778238506&period2=1783336106&interval=30m&events=history&includePrePost=false,2026-07-06T11:08:26.544444+00:00
2026-06-25T05:45:00+00:00,2026-06-25T06:15:00+00:00,30,HDFCBANK,HDFCBANK.NS,797.7000122070312,799.7000122070312,797.2000122070312,799.7000122070312,2404400,Yahoo Finance automated fallback,https://query1.finance.yahoo.com/v8/finance/chart/HDFCBANK.NS?period1=1778238506&period2=1783336106&interval=30m&events=history&includePrePost=false,2026-07-06T11:08:26.544444+00:00
2026-06-25T06:15:00+00:00,2026-06-25T06:45:00+00:00,30,HDFCBANK,HDFCBANK.NS,799.7000122070312,804.4500122070312,799.4500122070312,803.25,4655167,Yahoo Finance automated fallback,https://query1.finance.yahoo.com/v8/finance/chart/HDFCBANK.NS?period1=1778238506&period2=1783336106&interval=30m&events=history&includePrePost=false,2026-07-06T11:08:26.544444+00:00
2026-06-25T06:45:00+00:00,2026-06-25T07:15:00+00:00,30,HDFCBANK,HDFCBANK.NS,803.2999877929688,803.9000244140625,800.0,800.5,2777858,Yahoo Finance automated fallback,https://query1.finance.yahoo.com/v8/finance/chart/HDFCBANK.NS?period1=1778238506&period2=1783336106&interval=30m&events=history&includePrePost=false,2026-07-06T11:08:26.544444+00:00
2026-06-25T07:15:00+00:00,2026-06-25T07:45:00+00:00,30,HDFCBANK,HDFCBANK.NS,800.4500122070312,802.6500244140625,800.0,801.9500122070312,2944353,Yahoo Finance automated fallback,https://query1.finance.yahoo.com/v8/finance/chart/HDFCBANK.NS?period1=1778238506&period2=1783336106&interval=30m&events=history&includePrePost=false,2026-07-06T11:08:26.544444+00:00
2026-06-25T07:45:00+00:00,2026-06-25T08:15:00+00:00,30,HDFCBANK,HDFCBANK.NS,801.75,803.0,801.0,802.5999755859375,3533427,Yahoo Finance automated fallback,https://query1.finance.yahoo.com/v8/finance/chart/HDFCBANK.NS?period1=1778238506&period2=1783336106&interval=30m&events=history&includePrePost=false,2026-07-06T11:08:26.544444+00:00
2026-06-25T08:15:00+00:00,2026-06-25T08:45:00+00:00,30,HDFCBANK,HDFCBANK.NS,802.5,802.7999877929688,798.4000244140625,798.5999755859375,2497807,Yahoo Finance automated fallback,https://query1.finance.yahoo.com/v8/finance/chart/HDFCBANK.NS?period1=1778238506&period2=1783336106&interval=30m&events=history&includePrePost=false,2026-07-06T11:08:26.544444+00:00
2026-06-25T08:45:00+00:00,2026-06-25T09:15:00+00:00,30,HDFCBANK,HDFCBANK.NS,798.5499877929688,799.9500122070312,796.75,798.2000122070312,4625561,Yahoo Finance automated fallback,https://query1.finance.yahoo.com/v8/finance/chart/HDFCBANK.NS?period1=1778238506&period2=1783336106&interval=30m&events=history&includePrePost=false,2026-07-06T11:08:26.544444+00:00
2026-06-25T09:15:00+00:00,2026-06-25T09:45:00+00:00,30,HDFCBANK,HDFCBANK.NS,798.2999877929688,799.9500122070312,794.9500122070312,796.0,6001292,Yahoo Finance automated fallback,https://query1.finance.yahoo.com/v8/finance/chart/HDFCBANK.NS?period1=1778238506&period2=1783336106&interval=30m&events=history&includePrePost=false,2026-07-06T11:08:26.544444+00:00
2026-06-25T09:45:00+00:00,2026-06-25T10:15:00+00:00,30,HDFCBANK,HDFCBANK.NS,795.9500122070312,797.2999877929688,795.5,796.0,2220995,Yahoo Finance automated fallback,https://query1.finance.yahoo.com/v8/finance/chart/HDFCBANK.NS?period1=1778238506&period2=1783336106&interval=30m&events=history&includePrePost=false,2026-07-06T11:08:26.544444+00:00
2026-06-29T03:45:00+00:00,2026-06-29T04:15:00+00:00,30,HDFCBANK,HDFCBANK.NS,799.9000244140625,802.6500244140625,793.4000244140625,798.8499755859375,2979820,Yahoo Finance automated fallback,https://query1.finance.yahoo.com/v8/finance/chart/HDFCBANK.NS?period1=1778238506&period2=1783336106&interval=30m&events=history&includePrePost=false,2026-07-06T11:08:26.544444+00:00
2026-06-29T04:15:00+00:00,2026-06-29T04:45:00+00:00,30,HDFCBANK,HDFCBANK.NS,799.0,799.25,794.25,796.2000122070312,1690301,Yahoo Finance automated fallback,https://query1.finance.yahoo.com/v8/finance/chart/HDFCBANK.NS?period1=1778238506&period2=1783336106&interval=30m&events=history&includePrePost=false,2026-07-06T11:08:26.544444+00:00
2026-06-29T04:45:00+00:00,2026-06-29T05:15:00+00:00,30,HDFCBANK,HDFCBANK.NS,796.2000122070312,805.5999755859375,795.0499877929688,805.5499877929688,6495882,Yahoo Finance automated fallback,https://query1.finance.yahoo.com/v8/finance/chart/HDFCBANK.NS?period1=1778238506&period2=1783336106&interval=30m&events=history&includePrePost=false,2026-07-06T11:08:26.544444+00:00
2026-06-29T05:15:00+00:00,2026-06-29T05:45:00+00:00,30,HDFCBANK,HDFCBANK.NS,805.5999755859375,805.5999755859375,801.0,804.25,3389628,Yahoo Finance automated fallback,https://query1.finance.yahoo.com/v8/finance/chart/HDFCBANK.NS?period1=1778238506&period2=1783336106&interval=30m&events=history&includePrePost=false,2026-07-06T11:08:26.544444+00:00
2026-06-29T05:45:00+00:00,2026-06-29T06:15:00+00:00,30,HDFCBANK,HDFCBANK.NS,804.25,805.9000244140625,800.6500244140625,800.9000244140625,2282439,Yahoo Finance automated fallback,https://query1.finance.yahoo.com/v8/finance/chart/HDFCBANK.NS?period1=1778238506&period2=1783336106&interval=30m&events=history&includePrePost=false,2026-07-06T11:08:26.544444+00:00
2026-06-29T06:15:00+00:00,2026-06-29T06:45:00+00:00,30,HDFCBANK,HDFCBANK.NS,800.9000244140625,801.2000122070312,798.5999755859375,798.75,1608876,Yahoo Finance automated fallback,https://query1.finance.yahoo.com/v8/finance/chart/HDFCBANK.NS?period1=1778238506&period2=1783336106&interval=30m&events=history&includePrePost=false,2026-07-06T11:08:26.544444+00:00
2026-06-29T06:45:00+00:00,2026-06-29T07:15:00+00:00,30,HDFCBANK,HDFCBANK.NS,798.75,798.8499755859375,794.5499877929688,795.7999877929688,1916969,Yahoo Finance automated fallback,https://query1.finance.yahoo.com/v8/finance/chart/HDFCBANK.NS?period1=1778238506&period2=1783336106&interval=30m&events=history&includePrePost=false,2026-07-06T11:08:26.544444+00:00
2026-06-29T07:15:00+00:00,2026-06-29T07:45:00+00:00,30,HDFCBANK,HDFCBANK.NS,795.75,797.3499755859375,794.5499877929688,796.7999877929688,1220711,Yahoo Finance automated fallback,https://query1.finance.yahoo.com/v8/finance/chart/HDFCBANK.NS?period1=1778238506&period2=1783336106&interval=30m&events=history&includePrePost=false,2026-07-06T11:08:26.544444+00:00
2026-06-29T07:45:00+00:00,2026-06-29T08:15:00+00:00,30,HDFCBANK,HDFCBANK.NS,796.9000244140625,798.1500244140625,795.8499755859375,796.25,1790375,Yahoo Finance automated fallback,https://query1.finance.yahoo.com/v8/finance/chart/HDFCBANK.NS?period1=1778238506&period2=1783336106&interval=30m&events=history&includePrePost=false,2026-07-06T11:08:26.544444+00:00
2026-06-29T08:15:00+00:00,2026-06-29T08:45:00+00:00,30,HDFCBANK,HDFCBANK.NS,796.2000122070312,798.6500244140625,796.0499877929688,797.4500122070312,1474645,Yahoo Finance automated fallback,https://query1.finance.yahoo.com/v8/finance/chart/HDFCBANK.NS?period1=1778238506&period2=1783336106&interval=30m&events=history&includePrePost=false,2026-07-06T11:08:26.544444+00:00
2026-06-29T08:45:00+00:00,2026-06-29T09:15:00+00:00,30,HDFCBANK,HDFCBANK.NS,797.5,798.75,796.7000122070312,797.6500244140625,2083586,Yahoo Finance automated fallback,https://query1.finance.yahoo.com/v8/finance/chart/HDFCBANK.NS?period1=1778238506&period2=1783336106&interval=30m&events=history&includePrePost=false,2026-07-06T11:08:26.544444+00:00
2026-06-29T09:15:00+00:00,2026-06-29T09:45:00+00:00,30,HDFCBANK,HDFCBANK.NS,797.7000122070312,799.9000244140625,795.6500244140625,798.8499755859375,9674608,Yahoo Finance automated fallback,https://query1.finance.yahoo.com/v8/finance/chart/HDFCBANK.NS?period1=1778238506&period2=1783336106&interval=30m&events=history&includePrePost=false,2026-07-06T11:08:26.544444+00:00
2026-06-29T09:45:00+00:00,2026-06-29T10:15:00+00:00,30,HDFCBANK,HDFCBANK.NS,798.8499755859375,799.6500244140625,796.5,797.3499755859375,5915664,Yahoo Finance automated fallback,https://query1.finance.yahoo.com/v8/finance/chart/HDFCBANK.NS?period1=1778238506&period2=1783336106&interval=30m&events=history&includePrePost=false,2026-07-06T11:08:26.544444+00:00
2026-06-30T03:45:00+00:00,2026-06-30T04:15:00+00:00,30,HDFCBANK,HDFCBANK.NS,806.0499877929688,806.0499877929688,794.1500244140625,794.75,2609667,Yahoo Finance automated fallback,https://query1.finance.yahoo.com/v8/finance/chart/HDFCBANK.NS?period1=1778238506&period2=1783336106&interval=30m&events=history&includePrePost=false,2026-07-06T11:08:26.544444+00:00
2026-06-30T04:15:00+00:00,2026-06-30T04:45:00+00:00,30,HDFCBANK,HDFCBANK.NS,794.75,796.9500122070312,792.9500122070312,794.6500244140625,1988153,Yahoo Finance automated fallback,https://query1.finance.yahoo.com/v8/finance/chart/HDFCBANK.NS?period1=1778238506&period2=1783336106&interval=30m&events=history&includePrePost=false,2026-07-06T11:08:26.544444+00:00
2026-06-30T04:45:00+00:00,2026-06-30T05:15:00+00:00,30,HDFCBANK,HDFCBANK.NS,794.6500244140625,797.9000244140625,794.0999755859375,796.5999755859375,1973821,Yahoo Finance automated fallback,https://query1.finance.yahoo.com/v8/finance/chart/HDFCBANK.NS?period1=1778238506&period2=1783336106&interval=30m&events=history&includePrePost=false,2026-07-06T11:08:26.544444+00:00
2026-06-30T05:15:00+00:00,2026-06-30T05:45:00+00:00,30,HDFCBANK,HDFCBANK.NS,796.75,797.5,794.25,797.1500244140625,1457318,Yahoo Finance automated fallback,https://query1.finance.yahoo.com/v8/finance/chart/HDFCBANK.NS?period1=1778238506&period2=1783336106&interval=30m&events=history&includePrePost=false,2026-07-06T11:08:26.544444+00:00
2026-06-30T05:45:00+00:00,2026-06-30T06:15:00+00:00,30,HDFCBANK,HDFCBANK.NS,797.1500244140625,799.9000244140625,796.6500244140625,799.25,2891637,Yahoo Finance automated fallback,https://query1.finance.yahoo.com/v8/finance/chart/HDFCBANK.NS?period1=1778238506&period2=1783336106&interval=30m&events=history&includePrePost=false,2026-07-06T11:08:26.544444+00:00
2026-06-30T06:15:00+00:00,2026-06-30T06:45:00+00:00,30,HDFCBANK,HDFCBANK.NS,799.5,800.4500122070312,798.5499877929688,799.9000244140625,2149220,Yahoo Finance automated fallback,https://query1.finance.yahoo.com/v8/finance/chart/HDFCBANK.NS?period1=1778238506&period2=1783336106&interval=30m&events=history&includePrePost=false,2026-07-06T11:08:26.544444+00:00
2026-06-30T06:45:00+00:00,2026-06-30T07:15:00+00:00,30,HDFCBANK,HDFCBANK.NS,799.6500244140625,800.4000244140625,797.7000122070312,799.75,2236791,Yahoo Finance automated fallback,https://query1.finance.yahoo.com/v8/finance/chart/HDFCBANK.NS?period1=1778238506&period2=1783336106&interval=30m&events=history&includePrePost=false,2026-07-06T11:08:26.544444+00:00
2026-06-30T07:15:00+00:00,2026-06-30T07:45:00+00:00,30,HDFCBANK,HDFCBANK.NS,799.75,800.5499877929688,798.4500122070312,799.2999877929688,2908056,Yahoo Finance automated fallback,https://query1.finance.yahoo.com/v8/finance/chart/HDFCBANK.NS?period1=1778238506&period2=1783336106&interval=30m&events=history&includePrePost=false,2026-07-06T11:08:26.544444+00:00
2026-06-30T07:45:00+00:00,2026-06-30T08:15:00+00:00,30,HDFCBANK,HDFCBANK.NS,799.25,800.0499877929688,798.0499877929688,799.5,1672565,Yahoo Finance automated fallback,https://query1.finance.yahoo.com/v8/finance/chart/HDFCBANK.NS?period1=1778238506&period2=1783336106&interval=30m&events=history&includePrePost=false,2026-07-06T11:08:26.544444+00:00
2026-06-30T08:15:00+00:00,2026-06-30T08:45:00+00:00,30,HDFCBANK,HDFCBANK.NS,799.5499877929688,799.7000122070312,796.5999755859375,798.7000122070312,2525215,Yahoo Finance automated fallback,https://query1.finance.yahoo.com/v8/finance/chart/HDFCBANK.NS?period1=1778238506&period2=1783336106&interval=30m&events=history&includePrePost=false,2026-07-06T11:08:26.544444+00:00
2026-06-30T08:45:00+00:00,2026-06-30T09:15:00+00:00,30,HDFCBANK,HDFCBANK.NS,798.7000122070312,801.6500244140625,798.4500122070312,800.8499755859375,4621733,Yahoo Finance automated fallback,https://query1.finance.yahoo.com/v8/finance/chart/HDFCBANK.NS?period1=1778238506&period2=1783336106&interval=30m&events=history&includePrePost=false,2026-07-06T11:08:26.544444+00:00
2026-06-30T09:15:00+00:00,2026-06-30T09:45:00+00:00,30,HDFCBANK,HDFCBANK.NS,800.5999755859375,801.0499877929688,796.5499877929688,797.5499877929688,10066567,Yahoo Finance automated fallback,https://query1.finance.yahoo.com/v8/finance/chart/HDFCBANK.NS?period1=1778238506&period2=1783336106&interval=30m&events=history&includePrePost=false,2026-07-06T11:08:26.544444+00:00
2026-06-30T09:45:00+00:00,2026-06-30T10:15:00+00:00,30,HDFCBANK,HDFCBANK.NS,797.5,800.5,797.2999877929688,800.4500122070312,5949935,Yahoo Finance automated fallback,https://query1.finance.yahoo.com/v8/finance/chart/HDFCBANK.NS?period1=1778238506&period2=1783336106&interval=30m&events=history&includePrePost=false,2026-07-06T11:08:26.544444+00:00
2026-07-01T03:45:00+00:00,2026-07-01T04:15:00+00:00,30,HDFCBANK,HDFCBANK.NS,795.7999877929688,800.9000244140625,795.7999877929688,799.9000244140625,871481,Yahoo Finance automated fallback,https://query1.finance.yahoo.com/v8/finance/chart/HDFCBANK.NS?period1=1778238506&period2=1783336106&interval=30m&events=history&includePrePost=false,2026-07-06T11:08:26.544444+00:00
2026-07-01T04:15:00+00:00,2026-07-01T04:45:00+00:00,30,HDFCBANK,HDFCBANK.NS,799.9000244140625,800.25,796.1500244140625,797.6500244140625,1677633,Yahoo Finance automated fallback,https://query1.finance.yahoo.com/v8/finance/chart/HDFCBANK.NS?period1=1778238506&period2=1783336106&interval=30m&events=history&includePrePost=false,2026-07-06T11:08:26.544444+00:00
2026-07-01T04:45:00+00:00,2026-07-01T05:15:00+00:00,30,HDFCBANK,HDFCBANK.NS,797.6500244140625,799.5,795.0999755859375,795.5,2317225,Yahoo Finance automated fallback,https://query1.finance.yahoo.com/v8/finance/chart/HDFCBANK.NS?period1=1778238506&period2=1783336106&interval=30m&events=history&includePrePost=false,2026-07-06T11:08:26.544444+00:00
2026-07-01T05:15:00+00:00,2026-07-01T05:45:00+00:00,30,HDFCBANK,HDFCBANK.NS,795.5,798.0,795.0999755859375,797.9000244140625,825241,Yahoo Finance automated fallback,https://query1.finance.yahoo.com/v8/finance/chart/HDFCBANK.NS?period1=1778238506&period2=1783336106&interval=30m&events=history&includePrePost=false,2026-07-06T11:08:26.544444+00:00
2026-07-01T05:45:00+00:00,2026-07-01T06:15:00+00:00,30,HDFCBANK,HDFCBANK.NS,798.0,798.75,797.0999755859375,798.25,705185,Yahoo Finance automated fallback,https://query1.finance.yahoo.com/v8/finance/chart/HDFCBANK.NS?period1=1778238506&period2=1783336106&interval=30m&events=history&includePrePost=false,2026-07-06T11:08:26.544444+00:00
2026-07-01T06:15:00+00:00,2026-07-01T06:45:00+00:00,30,HDFCBANK,HDFCBANK.NS,798.2000122070312,802.25,797.9000244140625,800.7999877929688,2558834,Yahoo Finance automated fallback,https://query1.finance.yahoo.com/v8/finance/chart/HDFCBANK.NS?period1=1778238506&period2=1783336106&interval=30m&events=history&includePrePost=false,2026-07-06T11:08:26.544444+00:00
2026-07-01T06:45:00+00:00,2026-07-01T07:15:00+00:00,30,HDFCBANK,HDFCBANK.NS,800.7999877929688,801.7000122070312,799.5999755859375,800.3499755859375,1418696,Yahoo Finance automated fallback,https://query1.finance.yahoo.com/v8/finance/chart/HDFCBANK.NS?period1=1778238506&period2=1783336106&interval=30m&events=history&includePrePost=false,2026-07-06T11:08:26.544444+00:00
2026-07-01T07:15:00+00:00,2026-07-01T07:45:00+00:00,30,HDFCBANK,HDFCBANK.NS,800.3499755859375,801.5,799.7999877929688,801.4500122070312,987247,Yahoo Finance automated fallback,https://query1.finance.yahoo.com/v8/finance/chart/HDFCBANK.NS?period1=1778238506&period2=1783336106&interval=30m&events=history&includePrePost=false,2026-07-06T11:08:26.544444+00:00
2026-07-01T07:45:00+00:00,2026-07-01T08:15:00+00:00,30,HDFCBANK,HDFCBANK.NS,801.5,801.5999755859375,798.7999877929688,799.5,1503239,Yahoo Finance automated fallback,https://query1.finance.yahoo.com/v8/finance/chart/HDFCBANK.NS?period1=1778238506&period2=1783336106&interval=30m&events=history&includePrePost=false,2026-07-06T11:08:26.544444+00:00
2026-07-01T08:15:00+00:00,2026-07-01T08:45:00+00:00,30,HDFCBANK,HDFCBANK.NS,799.5,799.75,797.9000244140625,799.0499877929688,2172654,Yahoo Finance automated fallback,https://query1.finance.yahoo.com/v8/finance/chart/HDFCBANK.NS?period1=1778238506&period2=1783336106&interval=30m&events=history&includePrePost=false,2026-07-06T11:08:26.544444+00:00
2026-07-01T08:45:00+00:00,2026-07-01T09:15:00+00:00,30,HDFCBANK,HDFCBANK.NS,799.0,799.3499755859375,795.75,796.4000244140625,1863506,Yahoo Finance automated fallback,https://query1.finance.yahoo.com/v8/finance/chart/HDFCBANK.NS?period1=1778238506&period2=1783336106&interval=30m&events=history&includePrePost=false,2026-07-06T11:08:26.544444+00:00
2026-07-01T09:15:00+00:00,2026-07-01T09:45:00+00:00,30,HDFCBANK,HDFCBANK.NS,796.4000244140625,798.0,795.3499755859375,796.25,3828022,Yahoo Finance automated fallback,https://query1.finance.yahoo.com/v8/finance/chart/HDFCBANK.NS?period1=1778238506&period2=1783336106&interval=30m&events=history&includePrePost=false,2026-07-06T11:08:26.544444+00:00
2026-07-01T09:45:00+00:00,2026-07-01T10:15:00+00:00,30,HDFCBANK,HDFCBANK.NS,796.3499755859375,796.7000122070312,795.5499877929688,796.1500244140625,3446313,Yahoo Finance automated fallback,https://query1.finance.yahoo.com/v8/finance/chart/HDFCBANK.NS?period1=1778238506&period2=1783336106&interval=30m&events=history&includePrePost=false,2026-07-06T11:08:26.544444+00:00
2026-07-02T03:45:00+00:00,2026-07-02T04:15:00+00:00,30,HDFCBANK,HDFCBANK.NS,795.2999877929688,805.4500122070312,795.25,803.1500244140625,2537819,Yahoo Finance automated fallback,https://query1.finance.yahoo.com/v8/finance/chart/HDFCBANK.NS?period1=1778238506&period2=1783336106&interval=30m&events=history&includePrePost=false,2026-07-06T11:08:26.544444+00:00
2026-07-02T04:15:00+00:00,2026-07-02T04:45:00+00:00,30,HDFCBANK,HDFCBANK.NS,803.0999755859375,805.0,799.0,799.0,2653680,Yahoo Finance automated fallback,https://query1.finance.yahoo.com/v8/finance/chart/HDFCBANK.NS?period1=1778238506&period2=1783336106&interval=30m&events=history&includePrePost=false,2026-07-06T11:08:26.544444+00:00
2026-07-02T04:45:00+00:00,2026-07-02T05:15:00+00:00,30,HDFCBANK,HDFCBANK.NS,799.0499877929688,801.4000244140625,798.0,800.9000244140625,1617004,Yahoo Finance automated fallback,https://query1.finance.yahoo.com/v8/finance/chart/HDFCBANK.NS?period1=1778238506&period2=1783336106&interval=30m&events=history&includePrePost=false,2026-07-06T11:08:26.544444+00:00
2026-07-02T05:15:00+00:00,2026-07-02T05:45:00+00:00,30,HDFCBANK,HDFCBANK.NS,800.9000244140625,801.0499877929688,796.75,798.8499755859375,1783977,Yahoo Finance automated fallback,https://query1.finance.yahoo.com/v8/finance/chart/HDFCBANK.NS?period1=1778238506&period2=1783336106&interval=30m&events=history&includePrePost=false,2026-07-06T11:08:26.544444+00:00
2026-07-02T05:45:00+00:00,2026-07-02T06:15:00+00:00,30,HDFCBANK,HDFCBANK.NS,798.8499755859375,800.4000244140625,798.0,798.9000244140625,2055849,Yahoo Finance automated fallback,https://query1.finance.yahoo.com/v8/finance/chart/HDFCBANK.NS?period1=1778238506&period2=1783336106&interval=30m&events=history&includePrePost=false,2026-07-06T11:08:26.544444+00:00
2026-07-02T06:15:00+00:00,2026-07-02T06:45:00+00:00,30,HDFCBANK,HDFCBANK.NS,798.9000244140625,799.0,797.5,798.2999877929688,2291654,Yahoo Finance automated fallback,https://query1.finance.yahoo.com/v8/finance/chart/HDFCBANK.NS?period1=1778238506&period2=1783336106&interval=30m&events=history&includePrePost=false,2026-07-06T11:08:26.544444+00:00
2026-07-02T06:45:00+00:00,2026-07-02T07:15:00+00:00,30,HDFCBANK,HDFCBANK.NS,798.2999877929688,799.9000244140625,797.7000122070312,798.3499755859375,2121746,Yahoo Finance automated fallback,https://query1.finance.yahoo.com/v8/finance/chart/HDFCBANK.NS?period1=1778238506&period2=1783336106&interval=30m&events=history&includePrePost=false,2026-07-06T11:08:26.544444+00:00
2026-07-02T07:15:00+00:00,2026-07-02T07:45:00+00:00,30,HDFCBANK,HDFCBANK.NS,798.2000122070312,799.1500244140625,797.6500244140625,798.0,1874913,Yahoo Finance automated fallback,https://query1.finance.yahoo.com/v8/finance/chart/HDFCBANK.NS?period1=1778238506&period2=1783336106&interval=30m&events=history&includePrePost=false,2026-07-06T11:08:26.544444+00:00
2026-07-02T07:45:00+00:00,2026-07-02T08:15:00+00:00,30,HDFCBANK,HDFCBANK.NS,798.0,798.75,795.5499877929688,795.9500122070312,2377817,Yahoo Finance automated fallback,https://query1.finance.yahoo.com/v8/finance/chart/HDFCBANK.NS?period1=1778238506&period2=1783336106&interval=30m&events=history&includePrePost=false,2026-07-06T11:08:26.544444+00:00
2026-07-02T08:15:00+00:00,2026-07-02T08:45:00+00:00,30,HDFCBANK,HDFCBANK.NS,795.9500122070312,796.4000244140625,794.5499877929688,795.8499755859375,2379036,Yahoo Finance automated fallback,https://query1.finance.yahoo.com/v8/finance/chart/HDFCBANK.NS?period1=1778238506&period2=1783336106&interval=30m&events=history&includePrePost=false,2026-07-06T11:08:26.544444+00:00
2026-07-02T08:45:00+00:00,2026-07-02T09:15:00+00:00,30,HDFCBANK,HDFCBANK.NS,795.8499755859375,797.2000122070312,794.7000122070312,796.4000244140625,3100112,Yahoo Finance automated fallback,https://query1.finance.yahoo.com/v8/finance/chart/HDFCBANK.NS?period1=1778238506&period2=1783336106&interval=30m&events=history&includePrePost=false,2026-07-06T11:08:26.544444+00:00
2026-07-02T09:15:00+00:00,2026-07-02T09:45:00+00:00,30,HDFCBANK,HDFCBANK.NS,796.3499755859375,797.7999877929688,795.3499755859375,795.75,5007923,Yahoo Finance automated fallback,https://query1.finance.yahoo.com/v8/finance/chart/HDFCBANK.NS?period1=1778238506&period2=1783336106&interval=30m&events=history&includePrePost=false,2026-07-06T11:08:26.544444+00:00
2026-07-02T09:45:00+00:00,2026-07-02T10:15:00+00:00,30,HDFCBANK,HDFCBANK.NS,795.7000122070312,796.0499877929688,794.0999755859375,795.0,2364170,Yahoo Finance automated fallback,https://query1.finance.yahoo.com/v8/finance/chart/HDFCBANK.NS?period1=1778238506&period2=1783336106&interval=30m&events=history&includePrePost=false,2026-07-06T11:08:26.544444+00:00
2026-07-03T03:45:00+00:00,2026-07-03T04:15:00+00:00,30,HDFCBANK,HDFCBANK.NS,800.0999755859375,804.9000244140625,798.7000122070312,802.4000244140625,2391252,Yahoo Finance automated fallback,https://query1.finance.yahoo.com/v8/finance/chart/HDFCBANK.NS?period1=1778238506&period2=1783336106&interval=30m&events=history&includePrePost=false,2026-07-06T11:08:26.544444+00:00
2026-07-03T04:15:00+00:00,2026-07-03T04:45:00+00:00,30,HDFCBANK,HDFCBANK.NS,802.5,805.0,802.0499877929688,804.4000244140625,1676582,Yahoo Finance automated fallback,https://query1.finance.yahoo.com/v8/finance/chart/HDFCBANK.NS?period1=1778238506&period2=1783336106&interval=30m&events=history&includePrePost=false,2026-07-06T11:08:26.544444+00:00
2026-07-03T04:45:00+00:00,2026-07-03T05:15:00+00:00,30,HDFCBANK,HDFCBANK.NS,804.3499755859375,807.0,802.8499755859375,803.7000122070312,3080179,Yahoo Finance automated fallback,https://query1.finance.yahoo.com/v8/finance/chart/HDFCBANK.NS?period1=1778238506&period2=1783336106&interval=30m&events=history&includePrePost=false,2026-07-06T11:08:26.544444+00:00
2026-07-03T05:15:00+00:00,2026-07-03T05:45:00+00:00,30,HDFCBANK,HDFCBANK.NS,803.7000122070312,804.9500122070312,802.75,803.0,1367735,Yahoo Finance automated fallback,https://query1.finance.yahoo.com/v8/finance/chart/HDFCBANK.NS?period1=1778238506&period2=1783336106&interval=30m&events=history&includePrePost=false,2026-07-06T11:08:26.544444+00:00
2026-07-03T05:45:00+00:00,2026-07-03T06:15:00+00:00,30,HDFCBANK,HDFCBANK.NS,803.0999755859375,804.1500244140625,802.7999877929688,802.9000244140625,1228821,Yahoo Finance automated fallback,https://query1.finance.yahoo.com/v8/finance/chart/HDFCBANK.NS?period1=1778238506&period2=1783336106&interval=30m&events=history&includePrePost=false,2026-07-06T11:08:26.544444+00:00
2026-07-03T06:15:00+00:00,2026-07-03T06:45:00+00:00,30,HDFCBANK,HDFCBANK.NS,802.9500122070312,804.9500122070312,802.9000244140625,804.5499877929688,1486869,Yahoo Finance automated fallback,https://query1.finance.yahoo.com/v8/finance/chart/HDFCBANK.NS?period1=1778238506&period2=1783336106&interval=30m&events=history&includePrePost=false,2026-07-06T11:08:26.544444+00:00
2026-07-03T06:45:00+00:00,2026-07-03T07:15:00+00:00,30,HDFCBANK,HDFCBANK.NS,804.4500122070312,804.5499877929688,801.5499877929688,802.75,3808415,Yahoo Finance automated fallback,https://query1.finance.yahoo.com/v8/finance/chart/HDFCBANK.NS?period1=1778238506&period2=1783336106&interval=30m&events=history&includePrePost=false,2026-07-06T11:08:26.544444+00:00
2026-07-03T07:15:00+00:00,2026-07-03T07:45:00+00:00,30,HDFCBANK,HDFCBANK.NS,802.75,803.0,801.5,802.5999755859375,1271449,Yahoo Finance automated fallback,https://query1.finance.yahoo.com/v8/finance/chart/HDFCBANK.NS?period1=1778238506&period2=1783336106&interval=30m&events=history&includePrePost=false,2026-07-06T11:08:26.544444+00:00
2026-07-03T07:45:00+00:00,2026-07-03T08:15:00+00:00,30,HDFCBANK,HDFCBANK.NS,802.5499877929688,802.5999755859375,801.0999755859375,802.2000122070312,1255102,Yahoo Finance automated fallback,https://query1.finance.yahoo.com/v8/finance/chart/HDFCBANK.NS?period1=1778238506&period2=1783336106&interval=30m&events=history&includePrePost=false,2026-07-06T11:08:26.544444+00:00
2026-07-03T08:15:00+00:00,2026-07-03T08:45:00+00:00,30,HDFCBANK,HDFCBANK.NS,802.4000244140625,803.2999877929688,802.0,802.75,1351427,Yahoo Finance automated fallback,https://query1.finance.yahoo.com/v8/finance/chart/HDFCBANK.NS?period1=1778238506&period2=1783336106&interval=30m&events=history&includePrePost=false,2026-07-06T11:08:26.544444+00:00
2026-07-03T08:45:00+00:00,2026-07-03T09:15:00+00:00,30,HDFCBANK,HDFCBANK.NS,802.7999877929688,803.0,801.75,802.5999755859375,1277635,Yahoo Finance automated fallback,https://query1.finance.yahoo.com/v8/finance/chart/HDFCBANK.NS?period1=1778238506&period2=1783336106&interval=30m&events=history&includePrePost=false,2026-07-06T11:08:26.544444+00:00
2026-07-03T09:15:00+00:00,2026-07-03T09:45:00+00:00,30,HDFCBANK,HDFCBANK.NS,802.7999877929688,802.8499755859375,800.3499755859375,800.9500122070312,2687264,Yahoo Finance automated fallback,https://query1.finance.yahoo.com/v8/finance/chart/HDFCBANK.NS?period1=1778238506&period2=1783336106&interval=30m&events=history&includePrePost=false,2026-07-06T11:08:26.544444+00:00
2026-07-03T09:45:00+00:00,2026-07-03T10:15:00+00:00,30,HDFCBANK,HDFCBANK.NS,800.9500122070312,801.5,800.5999755859375,801.5,1513159,Yahoo Finance automated fallback,https://query1.finance.yahoo.com/v8/finance/chart/HDFCBANK.NS?period1=1778238506&period2=1783336106&interval=30m&events=history&includePrePost=false,2026-07-06T11:08:26.544444+00:00
2026-07-06T03:45:00+00:00,2026-07-06T04:15:00+00:00,30,HDFCBANK,HDFCBANK.NS,805.9000244140625,819.5499877929688,805.9000244140625,819.2000122070312,7050013,Yahoo Finance automated fallback,https://query1.finance.yahoo.com/v8/finance/chart/HDFCBANK.NS?period1=1778238506&period2=1783336106&interval=30m&events=history&includePrePost=false,2026-07-06T11:08:26.544444+00:00
2026-07-06T04:15:00+00:00,2026-07-06T04:45:00+00:00,30,HDFCBANK,HDFCBANK.NS,819.2999877929688,824.4500122070312,818.9000244140625,821.0,7637115,Yahoo Finance automated fallback,https://query1.finance.yahoo.com/v8/finance/chart/HDFCBANK.NS?period1=1778238506&period2=1783336106&interval=30m&events=history&includePrePost=false,2026-07-06T11:08:26.544444+00:00
2026-07-06T04:45:00+00:00,2026-07-06T05:15:00+00:00,30,HDFCBANK,HDFCBANK.NS,821.0,824.25,820.75,822.75,4930892,Yahoo Finance automated fallback,https://query1.finance.yahoo.com/v8/finance/chart/HDFCBANK.NS?period1=1778238506&period2=1783336106&interval=30m&events=history&includePrePost=false,2026-07-06T11:08:26.544444+00:00
2026-07-06T05:15:00+00:00,2026-07-06T05:45:00+00:00,30,HDFCBANK,HDFCBANK.NS,822.75,825.25,822.25,822.5,6918543,Yahoo Finance automated fallback,https://query1.finance.yahoo.com/v8/finance/chart/HDFCBANK.NS?period1=1778238506&period2=1783336106&interval=30m&events=history&includePrePost=false,2026-07-06T11:08:26.544444+00:00
2026-07-06T05:45:00+00:00,2026-07-06T06:15:00+00:00,30,HDFCBANK,HDFCBANK.NS,822.5,825.7999877929688,822.2999877929688,825.4500122070312,4198845,Yahoo Finance automated fallback,https://query1.finance.yahoo.com/v8/finance/chart/HDFCBANK.NS?period1=1778238506&period2=1783336106&interval=30m&events=history&includePrePost=false,2026-07-06T11:08:26.544444+00:00
2026-07-06T06:15:00+00:00,2026-07-06T06:45:00+00:00,30,HDFCBANK,HDFCBANK.NS,825.4500122070312,827.7000122070312,825.1500244140625,827.5999755859375,3322795,Yahoo Finance automated fallback,https://query1.finance.yahoo.com/v8/finance/chart/HDFCBANK.NS?period1=1778238506&period2=1783336106&interval=30m&events=history&includePrePost=false,2026-07-06T11:08:26.544444+00:00
2026-07-06T06:45:00+00:00,2026-07-06T07:15:00+00:00,30,HDFCBANK,HDFCBANK.NS,827.5,828.9000244140625,826.6500244140625,827.75,4428221,Yahoo Finance automated fallback,https://query1.finance.yahoo.com/v8/finance/chart/HDFCBANK.NS?period1=1778238506&period2=1783336106&interval=30m&events=history&includePrePost=false,2026-07-06T11:08:26.544444+00:00
2026-07-06T07:15:00+00:00,2026-07-06T07:45:00+00:00,30,HDFCBANK,HDFCBANK.NS,827.75,830.8499755859375,826.0999755859375,829.5499877929688,3422050,Yahoo Finance automated fallback,https://query1.finance.yahoo.com/v8/finance/chart/HDFCBANK.NS?period1=1778238506&period2=1783336106&interval=30m&events=history&includePrePost=false,2026-07-06T11:08:26.544444+00:00
2026-07-06T07:45:00+00:00,2026-07-06T08:15:00+00:00,30,HDFCBANK,HDFCBANK.NS,829.5999755859375,830.0,829.0,829.5,2421658,Yahoo Finance automated fallback,https://query1.finance.yahoo.com/v8/finance/chart/HDFCBANK.NS?period1=1778238506&period2=1783336106&interval=30m&events=history&includePrePost=false,2026-07-06T11:08:26.544444+00:00
2026-07-06T08:15:00+00:00,2026-07-06T08:45:00+00:00,30,HDFCBANK,HDFCBANK.NS,829.5,830.9000244140625,828.5,828.7000122070312,2954172,Yahoo Finance automated fallback,https://query1.finance.yahoo.com/v8/finance/chart/HDFCBANK.NS?period1=1778238506&period2=1783336106&interval=30m&events=history&includePrePost=false,2026-07-06T11:08:26.544444+00:00
2026-07-06T08:45:00+00:00,2026-07-06T09:15:00+00:00,30,HDFCBANK,HDFCBANK.NS,828.5999755859375,830.9000244140625,828.5999755859375,830.25,2848202,Yahoo Finance automated fallback,https://query1.finance.yahoo.com/v8/finance/chart/HDFCBANK.NS?period1=1778238506&period2=1783336106&interval=30m&events=history&includePrePost=false,2026-07-06T11:08:26.544444+00:00
2026-07-06T09:15:00+00:00,2026-07-06T09:45:00+00:00,30,HDFCBANK,HDFCBANK.NS,830.1500244140625,831.5,828.5999755859375,830.3499755859375,5130297,Yahoo Finance automated fallback,https://query1.finance.yahoo.com/v8/finance/chart/HDFCBANK.NS?period1=1778238506&period2=1783336106&interval=30m&events=history&includePrePost=false,2026-07-06T11:08:26.544444+00:00
2026-07-06T09:45:00+00:00,2026-07-06T10:15:00+00:00,30,HDFCBANK,HDFCBANK.NS,830.3499755859375,830.4000244140625,826.3499755859375,828.0,4225872,Yahoo Finance automated fallback,https://query1.finance.yahoo.com/v8/finance/chart/HDFCBANK.NS?period1=1778238506&period2=1783336106&interval=30m&events=history&includePrePost=false,2026-07-06T11:08:26.544444+00:00
2026-07-06T10:00:00+00:00,2026-07-06T10:30:00+00:00,30,HDFCBANK,HDFCBANK.NS,829.8499755859375,829.8499755859375,829.8499755859375,829.8499755859375,0,Yahoo Finance automated fallback,https://query1.finance.yahoo.com/v8/finance/chart/HDFCBANK.NS?period1=1778238506&period2=1783336106&interval=30m&events=history&includePrePost=false,2026-07-06T11:08:26.544444+00:00
