Interval Start,Interval End,Interval Minutes,Symbol,Ticker,Open,High,Low,Close,Volume,Source,Source URL,Fetch Timestamp
2026-05-11T03:45:00+00:00,2026-05-11T04:15:00+00:00,30,ICICIBANK,ICICIBANK.NS,1258.699951171875,1262.300048828125,1253.9000244140625,1255.199951171875,1090468,Yahoo Finance automated fallback,https://query1.finance.yahoo.com/v8/finance/chart/ICICIBANK.NS?period1=1778238506&period2=1783336106&interval=30m&events=history&includePrePost=false,2026-07-06T11:08:26.544444+00:00
2026-05-11T04:15:00+00:00,2026-05-11T04:45:00+00:00,30,ICICIBANK,ICICIBANK.NS,1255.0999755859375,1259.699951171875,1255.0999755859375,1258.199951171875,561138,Yahoo Finance automated fallback,https://query1.finance.yahoo.com/v8/finance/chart/ICICIBANK.NS?period1=1778238506&period2=1783336106&interval=30m&events=history&includePrePost=false,2026-07-06T11:08:26.544444+00:00
2026-05-11T04:45:00+00:00,2026-05-11T05:15:00+00:00,30,ICICIBANK,ICICIBANK.NS,1258.199951171875,1261.5,1257.5999755859375,1260.5,537040,Yahoo Finance automated fallback,https://query1.finance.yahoo.com/v8/finance/chart/ICICIBANK.NS?period1=1778238506&period2=1783336106&interval=30m&events=history&includePrePost=false,2026-07-06T11:08:26.544444+00:00
2026-05-11T05:15:00+00:00,2026-05-11T05:45:00+00:00,30,ICICIBANK,ICICIBANK.NS,1260.5,1268.0999755859375,1259.5999755859375,1267.699951171875,1612075,Yahoo Finance automated fallback,https://query1.finance.yahoo.com/v8/finance/chart/ICICIBANK.NS?period1=1778238506&period2=1783336106&interval=30m&events=history&includePrePost=false,2026-07-06T11:08:26.544444+00:00
2026-05-11T05:45:00+00:00,2026-05-11T06:15:00+00:00,30,ICICIBANK,ICICIBANK.NS,1267.699951171875,1272.0,1266.4000244140625,1270.9000244140625,1386744,Yahoo Finance automated fallback,https://query1.finance.yahoo.com/v8/finance/chart/ICICIBANK.NS?period1=1778238506&period2=1783336106&interval=30m&events=history&includePrePost=false,2026-07-06T11:08:26.544444+00:00
2026-05-11T06:15:00+00:00,2026-05-11T06:45:00+00:00,30,ICICIBANK,ICICIBANK.NS,1271.0,1273.5,1270.0,1271.0999755859375,1619201,Yahoo Finance automated fallback,https://query1.finance.yahoo.com/v8/finance/chart/ICICIBANK.NS?period1=1778238506&period2=1783336106&interval=30m&events=history&includePrePost=false,2026-07-06T11:08:26.544444+00:00
2026-05-11T06:45:00+00:00,2026-05-11T07:15:00+00:00,30,ICICIBANK,ICICIBANK.NS,1271.0999755859375,1271.9000244140625,1267.0999755859375,1271.300048828125,1116799,Yahoo Finance automated fallback,https://query1.finance.yahoo.com/v8/finance/chart/ICICIBANK.NS?period1=1778238506&period2=1783336106&interval=30m&events=history&includePrePost=false,2026-07-06T11:08:26.544444+00:00
2026-05-11T07:15:00+00:00,2026-05-11T07:45:00+00:00,30,ICICIBANK,ICICIBANK.NS,1271.4000244140625,1275.300048828125,1270.5,1275.300048828125,1817025,Yahoo Finance automated fallback,https://query1.finance.yahoo.com/v8/finance/chart/ICICIBANK.NS?period1=1778238506&period2=1783336106&interval=30m&events=history&includePrePost=false,2026-07-06T11:08:26.544444+00:00
2026-05-11T07:45:00+00:00,2026-05-11T08:15:00+00:00,30,ICICIBANK,ICICIBANK.NS,1275.0,1275.5,1271.0,1273.9000244140625,1017890,Yahoo Finance automated fallback,https://query1.finance.yahoo.com/v8/finance/chart/ICICIBANK.NS?period1=1778238506&period2=1783336106&interval=30m&events=history&includePrePost=false,2026-07-06T11:08:26.544444+00:00
2026-05-11T08:15:00+00:00,2026-05-11T08:45:00+00:00,30,ICICIBANK,ICICIBANK.NS,1274.0999755859375,1275.699951171875,1271.0,1271.699951171875,1546575,Yahoo Finance automated fallback,https://query1.finance.yahoo.com/v8/finance/chart/ICICIBANK.NS?period1=1778238506&period2=1783336106&interval=30m&events=history&includePrePost=false,2026-07-06T11:08:26.544444+00:00
2026-05-11T08:45:00+00:00,2026-05-11T09:15:00+00:00,30,ICICIBANK,ICICIBANK.NS,1271.5,1273.5999755859375,1270.0,1270.0999755859375,1545100,Yahoo Finance automated fallback,https://query1.finance.yahoo.com/v8/finance/chart/ICICIBANK.NS?period1=1778238506&period2=1783336106&interval=30m&events=history&includePrePost=false,2026-07-06T11:08:26.544444+00:00
2026-05-11T09:15:00+00:00,2026-05-11T09:45:00+00:00,30,ICICIBANK,ICICIBANK.NS,1270.0,1271.4000244140625,1264.199951171875,1265.5999755859375,2888599,Yahoo Finance automated fallback,https://query1.finance.yahoo.com/v8/finance/chart/ICICIBANK.NS?period1=1778238506&period2=1783336106&interval=30m&events=history&includePrePost=false,2026-07-06T11:08:26.544444+00:00
2026-05-11T09:45:00+00:00,2026-05-11T10:15:00+00:00,30,ICICIBANK,ICICIBANK.NS,1266.199951171875,1267.699951171875,1265.199951171875,1267.5999755859375,1294982,Yahoo Finance automated fallback,https://query1.finance.yahoo.com/v8/finance/chart/ICICIBANK.NS?period1=1778238506&period2=1783336106&interval=30m&events=history&includePrePost=false,2026-07-06T11:08:26.544444+00:00
2026-05-12T03:45:00+00:00,2026-05-12T04:15:00+00:00,30,ICICIBANK,ICICIBANK.NS,1256.0,1259.800048828125,1247.9000244140625,1248.199951171875,1349645,Yahoo Finance automated fallback,https://query1.finance.yahoo.com/v8/finance/chart/ICICIBANK.NS?period1=1778238506&period2=1783336106&interval=30m&events=history&includePrePost=false,2026-07-06T11:08:26.544444+00:00
2026-05-12T04:15:00+00:00,2026-05-12T04:45:00+00:00,30,ICICIBANK,ICICIBANK.NS,1248.199951171875,1249.800048828125,1245.199951171875,1249.199951171875,947280,Yahoo Finance automated fallback,https://query1.finance.yahoo.com/v8/finance/chart/ICICIBANK.NS?period1=1778238506&period2=1783336106&interval=30m&events=history&includePrePost=false,2026-07-06T11:08:26.544444+00:00
2026-05-12T04:45:00+00:00,2026-05-12T05:15:00+00:00,30,ICICIBANK,ICICIBANK.NS,1249.4000244140625,1250.800048828125,1244.300048828125,1246.699951171875,934097,Yahoo Finance automated fallback,https://query1.finance.yahoo.com/v8/finance/chart/ICICIBANK.NS?period1=1778238506&period2=1783336106&interval=30m&events=history&includePrePost=false,2026-07-06T11:08:26.544444+00:00
2026-05-12T05:15:00+00:00,2026-05-12T05:45:00+00:00,30,ICICIBANK,ICICIBANK.NS,1246.5999755859375,1246.699951171875,1242.0,1244.199951171875,591579,Yahoo Finance automated fallback,https://query1.finance.yahoo.com/v8/finance/chart/ICICIBANK.NS?period1=1778238506&period2=1783336106&interval=30m&events=history&includePrePost=false,2026-07-06T11:08:26.544444+00:00
2026-05-12T05:45:00+00:00,2026-05-12T06:15:00+00:00,30,ICICIBANK,ICICIBANK.NS,1244.199951171875,1245.5999755859375,1241.5999755859375,1244.5,861234,Yahoo Finance automated fallback,https://query1.finance.yahoo.com/v8/finance/chart/ICICIBANK.NS?period1=1778238506&period2=1783336106&interval=30m&events=history&includePrePost=false,2026-07-06T11:08:26.544444+00:00
2026-05-12T06:15:00+00:00,2026-05-12T06:45:00+00:00,30,ICICIBANK,ICICIBANK.NS,1244.5,1245.5999755859375,1243.4000244140625,1244.5999755859375,522153,Yahoo Finance automated fallback,https://query1.finance.yahoo.com/v8/finance/chart/ICICIBANK.NS?period1=1778238506&period2=1783336106&interval=30m&events=history&includePrePost=false,2026-07-06T11:08:26.544444+00:00
2026-05-12T06:45:00+00:00,2026-05-12T07:15:00+00:00,30,ICICIBANK,ICICIBANK.NS,1244.300048828125,1246.199951171875,1241.199951171875,1244.5999755859375,969447,Yahoo Finance automated fallback,https://query1.finance.yahoo.com/v8/finance/chart/ICICIBANK.NS?period1=1778238506&period2=1783336106&interval=30m&events=history&includePrePost=false,2026-07-06T11:08:26.544444+00:00
2026-05-12T07:15:00+00:00,2026-05-12T07:45:00+00:00,30,ICICIBANK,ICICIBANK.NS,1244.5999755859375,1246.0999755859375,1243.4000244140625,1245.5999755859375,905218,Yahoo Finance automated fallback,https://query1.finance.yahoo.com/v8/finance/chart/ICICIBANK.NS?period1=1778238506&period2=1783336106&interval=30m&events=history&includePrePost=false,2026-07-06T11:08:26.544444+00:00
2026-05-12T07:45:00+00:00,2026-05-12T08:15:00+00:00,30,ICICIBANK,ICICIBANK.NS,1245.5999755859375,1247.699951171875,1243.300048828125,1244.0,1547691,Yahoo Finance automated fallback,https://query1.finance.yahoo.com/v8/finance/chart/ICICIBANK.NS?period1=1778238506&period2=1783336106&interval=30m&events=history&includePrePost=false,2026-07-06T11:08:26.544444+00:00
2026-05-12T08:15:00+00:00,2026-05-12T08:45:00+00:00,30,ICICIBANK,ICICIBANK.NS,1244.5,1245.9000244140625,1241.699951171875,1242.800048828125,1325048,Yahoo Finance automated fallback,https://query1.finance.yahoo.com/v8/finance/chart/ICICIBANK.NS?period1=1778238506&period2=1783336106&interval=30m&events=history&includePrePost=false,2026-07-06T11:08:26.544444+00:00
2026-05-12T08:45:00+00:00,2026-05-12T09:15:00+00:00,30,ICICIBANK,ICICIBANK.NS,1243.0999755859375,1246.5999755859375,1242.0999755859375,1245.0999755859375,1785484,Yahoo Finance automated fallback,https://query1.finance.yahoo.com/v8/finance/chart/ICICIBANK.NS?period1=1778238506&period2=1783336106&interval=30m&events=history&includePrePost=false,2026-07-06T11:08:26.544444+00:00
2026-05-12T09:15:00+00:00,2026-05-12T09:45:00+00:00,30,ICICIBANK,ICICIBANK.NS,1245.0,1248.0999755859375,1238.0999755859375,1239.0,6565002,Yahoo Finance automated fallback,https://query1.finance.yahoo.com/v8/finance/chart/ICICIBANK.NS?period1=1778238506&period2=1783336106&interval=30m&events=history&includePrePost=false,2026-07-06T11:08:26.544444+00:00
2026-05-12T09:45:00+00:00,2026-05-12T10:15:00+00:00,30,ICICIBANK,ICICIBANK.NS,1239.0,1244.800048828125,1238.5999755859375,1244.4000244140625,1752622,Yahoo Finance automated fallback,https://query1.finance.yahoo.com/v8/finance/chart/ICICIBANK.NS?period1=1778238506&period2=1783336106&interval=30m&events=history&includePrePost=false,2026-07-06T11:08:26.544444+00:00
2026-05-13T03:45:00+00:00,2026-05-13T04:15:00+00:00,30,ICICIBANK,ICICIBANK.NS,1240.9000244140625,1247.5,1227.199951171875,1232.800048828125,1661602,Yahoo Finance automated fallback,https://query1.finance.yahoo.com/v8/finance/chart/ICICIBANK.NS?period1=1778238506&period2=1783336106&interval=30m&events=history&includePrePost=false,2026-07-06T11:08:26.544444+00:00
2026-05-13T04:15:00+00:00,2026-05-13T04:45:00+00:00,30,ICICIBANK,ICICIBANK.NS,1232.800048828125,1235.699951171875,1232.699951171875,1234.199951171875,892855,Yahoo Finance automated fallback,https://query1.finance.yahoo.com/v8/finance/chart/ICICIBANK.NS?period1=1778238506&period2=1783336106&interval=30m&events=history&includePrePost=false,2026-07-06T11:08:26.544444+00:00
2026-05-13T04:45:00+00:00,2026-05-13T05:15:00+00:00,30,ICICIBANK,ICICIBANK.NS,1234.300048828125,1242.4000244140625,1234.199951171875,1242.0,1468343,Yahoo Finance automated fallback,https://query1.finance.yahoo.com/v8/finance/chart/ICICIBANK.NS?period1=1778238506&period2=1783336106&interval=30m&events=history&includePrePost=false,2026-07-06T11:08:26.544444+00:00
2026-05-13T05:15:00+00:00,2026-05-13T05:45:00+00:00,30,ICICIBANK,ICICIBANK.NS,1242.0999755859375,1242.0999755859375,1234.300048828125,1239.300048828125,1068748,Yahoo Finance automated fallback,https://query1.finance.yahoo.com/v8/finance/chart/ICICIBANK.NS?period1=1778238506&period2=1783336106&interval=30m&events=history&includePrePost=false,2026-07-06T11:08:26.544444+00:00
2026-05-13T05:45:00+00:00,2026-05-13T06:15:00+00:00,30,ICICIBANK,ICICIBANK.NS,1239.300048828125,1241.9000244140625,1236.9000244140625,1241.4000244140625,956261,Yahoo Finance automated fallback,https://query1.finance.yahoo.com/v8/finance/chart/ICICIBANK.NS?period1=1778238506&period2=1783336106&interval=30m&events=history&includePrePost=false,2026-07-06T11:08:26.544444+00:00
2026-05-13T06:15:00+00:00,2026-05-13T06:45:00+00:00,30,ICICIBANK,ICICIBANK.NS,1241.5999755859375,1241.9000244140625,1238.5999755859375,1241.9000244140625,1169631,Yahoo Finance automated fallback,https://query1.finance.yahoo.com/v8/finance/chart/ICICIBANK.NS?period1=1778238506&period2=1783336106&interval=30m&events=history&includePrePost=false,2026-07-06T11:08:26.544444+00:00
2026-05-13T06:45:00+00:00,2026-05-13T07:15:00+00:00,30,ICICIBANK,ICICIBANK.NS,1242.0,1245.0,1240.199951171875,1242.800048828125,1710674,Yahoo Finance automated fallback,https://query1.finance.yahoo.com/v8/finance/chart/ICICIBANK.NS?period1=1778238506&period2=1783336106&interval=30m&events=history&includePrePost=false,2026-07-06T11:08:26.544444+00:00
2026-05-13T07:15:00+00:00,2026-05-13T07:45:00+00:00,30,ICICIBANK,ICICIBANK.NS,1242.5999755859375,1249.0,1242.0999755859375,1243.0,1851855,Yahoo Finance automated fallback,https://query1.finance.yahoo.com/v8/finance/chart/ICICIBANK.NS?period1=1778238506&period2=1783336106&interval=30m&events=history&includePrePost=false,2026-07-06T11:08:26.544444+00:00
2026-05-13T07:45:00+00:00,2026-05-13T08:15:00+00:00,30,ICICIBANK,ICICIBANK.NS,1243.199951171875,1244.300048828125,1240.800048828125,1242.5999755859375,754875,Yahoo Finance automated fallback,https://query1.finance.yahoo.com/v8/finance/chart/ICICIBANK.NS?period1=1778238506&period2=1783336106&interval=30m&events=history&includePrePost=false,2026-07-06T11:08:26.544444+00:00
2026-05-13T08:15:00+00:00,2026-05-13T08:45:00+00:00,30,ICICIBANK,ICICIBANK.NS,1242.5,1243.699951171875,1241.4000244140625,1242.5,985451,Yahoo Finance automated fallback,https://query1.finance.yahoo.com/v8/finance/chart/ICICIBANK.NS?period1=1778238506&period2=1783336106&interval=30m&events=history&includePrePost=false,2026-07-06T11:08:26.544444+00:00
2026-05-13T08:45:00+00:00,2026-05-13T09:15:00+00:00,30,ICICIBANK,ICICIBANK.NS,1242.199951171875,1242.699951171875,1238.699951171875,1239.4000244140625,979360,Yahoo Finance automated fallback,https://query1.finance.yahoo.com/v8/finance/chart/ICICIBANK.NS?period1=1778238506&period2=1783336106&interval=30m&events=history&includePrePost=false,2026-07-06T11:08:26.544444+00:00
2026-05-13T09:15:00+00:00,2026-05-13T09:45:00+00:00,30,ICICIBANK,ICICIBANK.NS,1239.5,1240.9000244140625,1234.0999755859375,1237.699951171875,2510152,Yahoo Finance automated fallback,https://query1.finance.yahoo.com/v8/finance/chart/ICICIBANK.NS?period1=1778238506&period2=1783336106&interval=30m&events=history&includePrePost=false,2026-07-06T11:08:26.544444+00:00
2026-05-13T09:45:00+00:00,2026-05-13T10:15:00+00:00,30,ICICIBANK,ICICIBANK.NS,1237.0999755859375,1237.800048828125,1233.5999755859375,1235.699951171875,2595942,Yahoo Finance automated fallback,https://query1.finance.yahoo.com/v8/finance/chart/ICICIBANK.NS?period1=1778238506&period2=1783336106&interval=30m&events=history&includePrePost=false,2026-07-06T11:08:26.544444+00:00
2026-05-14T03:45:00+00:00,2026-05-14T04:15:00+00:00,30,ICICIBANK,ICICIBANK.NS,1240.0999755859375,1248.699951171875,1240.0999755859375,1242.699951171875,507190,Yahoo Finance automated fallback,https://query1.finance.yahoo.com/v8/finance/chart/ICICIBANK.NS?period1=1778238506&period2=1783336106&interval=30m&events=history&includePrePost=false,2026-07-06T11:08:26.544444+00:00
2026-05-14T04:15:00+00:00,2026-05-14T04:45:00+00:00,30,ICICIBANK,ICICIBANK.NS,1242.800048828125,1243.9000244140625,1238.300048828125,1241.0999755859375,1007837,Yahoo Finance automated fallback,https://query1.finance.yahoo.com/v8/finance/chart/ICICIBANK.NS?period1=1778238506&period2=1783336106&interval=30m&events=history&includePrePost=false,2026-07-06T11:08:26.544444+00:00
2026-05-14T04:45:00+00:00,2026-05-14T05:15:00+00:00,30,ICICIBANK,ICICIBANK.NS,1241.0999755859375,1243.0,1239.5,1239.800048828125,584312,Yahoo Finance automated fallback,https://query1.finance.yahoo.com/v8/finance/chart/ICICIBANK.NS?period1=1778238506&period2=1783336106&interval=30m&events=history&includePrePost=false,2026-07-06T11:08:26.544444+00:00
2026-05-14T05:15:00+00:00,2026-05-14T05:45:00+00:00,30,ICICIBANK,ICICIBANK.NS,1239.800048828125,1240.4000244140625,1236.4000244140625,1239.199951171875,541171,Yahoo Finance automated fallback,https://query1.finance.yahoo.com/v8/finance/chart/ICICIBANK.NS?period1=1778238506&period2=1783336106&interval=30m&events=history&includePrePost=false,2026-07-06T11:08:26.544444+00:00
2026-05-14T05:45:00+00:00,2026-05-14T06:15:00+00:00,30,ICICIBANK,ICICIBANK.NS,1239.0,1254.5999755859375,1239.0,1254.4000244140625,3302905,Yahoo Finance automated fallback,https://query1.finance.yahoo.com/v8/finance/chart/ICICIBANK.NS?period1=1778238506&period2=1783336106&interval=30m&events=history&includePrePost=false,2026-07-06T11:08:26.544444+00:00
2026-05-14T06:15:00+00:00,2026-05-14T06:45:00+00:00,30,ICICIBANK,ICICIBANK.NS,1254.4000244140625,1256.0,1251.0,1254.9000244140625,1104673,Yahoo Finance automated fallback,https://query1.finance.yahoo.com/v8/finance/chart/ICICIBANK.NS?period1=1778238506&period2=1783336106&interval=30m&events=history&includePrePost=false,2026-07-06T11:08:26.544444+00:00
2026-05-14T06:45:00+00:00,2026-05-14T07:15:00+00:00,30,ICICIBANK,ICICIBANK.NS,1254.9000244140625,1256.699951171875,1251.5,1253.0,754355,Yahoo Finance automated fallback,https://query1.finance.yahoo.com/v8/finance/chart/ICICIBANK.NS?period1=1778238506&period2=1783336106&interval=30m&events=history&includePrePost=false,2026-07-06T11:08:26.544444+00:00
2026-05-14T07:15:00+00:00,2026-05-14T07:45:00+00:00,30,ICICIBANK,ICICIBANK.NS,1252.9000244140625,1253.4000244140625,1249.4000244140625,1251.800048828125,801819,Yahoo Finance automated fallback,https://query1.finance.yahoo.com/v8/finance/chart/ICICIBANK.NS?period1=1778238506&period2=1783336106&interval=30m&events=history&includePrePost=false,2026-07-06T11:08:26.544444+00:00
2026-05-14T07:45:00+00:00,2026-05-14T08:15:00+00:00,30,ICICIBANK,ICICIBANK.NS,1251.699951171875,1256.0,1249.9000244140625,1255.800048828125,1228998,Yahoo Finance automated fallback,https://query1.finance.yahoo.com/v8/finance/chart/ICICIBANK.NS?period1=1778238506&period2=1783336106&interval=30m&events=history&includePrePost=false,2026-07-06T11:08:26.544444+00:00
2026-05-14T08:15:00+00:00,2026-05-14T08:45:00+00:00,30,ICICIBANK,ICICIBANK.NS,1255.800048828125,1256.4000244140625,1251.199951171875,1252.0,1421718,Yahoo Finance automated fallback,https://query1.finance.yahoo.com/v8/finance/chart/ICICIBANK.NS?period1=1778238506&period2=1783336106&interval=30m&events=history&includePrePost=false,2026-07-06T11:08:26.544444+00:00
2026-05-14T08:45:00+00:00,2026-05-14T09:15:00+00:00,30,ICICIBANK,ICICIBANK.NS,1252.0,1254.0,1251.199951171875,1252.5,1123159,Yahoo Finance automated fallback,https://query1.finance.yahoo.com/v8/finance/chart/ICICIBANK.NS?period1=1778238506&period2=1783336106&interval=30m&events=history&includePrePost=false,2026-07-06T11:08:26.544444+00:00
2026-05-14T09:15:00+00:00,2026-05-14T09:45:00+00:00,30,ICICIBANK,ICICIBANK.NS,1252.4000244140625,1252.9000244140625,1242.4000244140625,1243.0999755859375,2689613,Yahoo Finance automated fallback,https://query1.finance.yahoo.com/v8/finance/chart/ICICIBANK.NS?period1=1778238506&period2=1783336106&interval=30m&events=history&includePrePost=false,2026-07-06T11:08:26.544444+00:00
2026-05-14T09:45:00+00:00,2026-05-14T10:15:00+00:00,30,ICICIBANK,ICICIBANK.NS,1243.4000244140625,1249.4000244140625,1242.0999755859375,1246.0,1060257,Yahoo Finance automated fallback,https://query1.finance.yahoo.com/v8/finance/chart/ICICIBANK.NS?period1=1778238506&period2=1783336106&interval=30m&events=history&includePrePost=false,2026-07-06T11:08:26.544444+00:00
2026-05-15T03:45:00+00:00,2026-05-15T04:15:00+00:00,30,ICICIBANK,ICICIBANK.NS,1254.199951171875,1254.199951171875,1243.5,1251.800048828125,840523,Yahoo Finance automated fallback,https://query1.finance.yahoo.com/v8/finance/chart/ICICIBANK.NS?period1=1778238506&period2=1783336106&interval=30m&events=history&includePrePost=false,2026-07-06T11:08:26.544444+00:00
2026-05-15T04:15:00+00:00,2026-05-15T04:45:00+00:00,30,ICICIBANK,ICICIBANK.NS,1252.0,1252.300048828125,1248.199951171875,1250.5,542772,Yahoo Finance automated fallback,https://query1.finance.yahoo.com/v8/finance/chart/ICICIBANK.NS?period1=1778238506&period2=1783336106&interval=30m&events=history&includePrePost=false,2026-07-06T11:08:26.544444+00:00
2026-05-15T04:45:00+00:00,2026-05-15T05:15:00+00:00,30,ICICIBANK,ICICIBANK.NS,1250.4000244140625,1251.800048828125,1249.0999755859375,1250.0999755859375,548769,Yahoo Finance automated fallback,https://query1.finance.yahoo.com/v8/finance/chart/ICICIBANK.NS?period1=1778238506&period2=1783336106&interval=30m&events=history&includePrePost=false,2026-07-06T11:08:26.544444+00:00
2026-05-15T05:15:00+00:00,2026-05-15T05:45:00+00:00,30,ICICIBANK,ICICIBANK.NS,1250.0999755859375,1251.300048828125,1245.0,1245.800048828125,333013,Yahoo Finance automated fallback,https://query1.finance.yahoo.com/v8/finance/chart/ICICIBANK.NS?period1=1778238506&period2=1783336106&interval=30m&events=history&includePrePost=false,2026-07-06T11:08:26.544444+00:00
2026-05-15T05:45:00+00:00,2026-05-15T06:15:00+00:00,30,ICICIBANK,ICICIBANK.NS,1245.4000244140625,1247.199951171875,1242.5,1246.5,552197,Yahoo Finance automated fallback,https://query1.finance.yahoo.com/v8/finance/chart/ICICIBANK.NS?period1=1778238506&period2=1783336106&interval=30m&events=history&includePrePost=false,2026-07-06T11:08:26.544444+00:00
2026-05-15T06:15:00+00:00,2026-05-15T06:45:00+00:00,30,ICICIBANK,ICICIBANK.NS,1246.5,1248.9000244140625,1244.699951171875,1248.0999755859375,770546,Yahoo Finance automated fallback,https://query1.finance.yahoo.com/v8/finance/chart/ICICIBANK.NS?period1=1778238506&period2=1783336106&interval=30m&events=history&includePrePost=false,2026-07-06T11:08:26.544444+00:00
2026-05-15T06:45:00+00:00,2026-05-15T07:15:00+00:00,30,ICICIBANK,ICICIBANK.NS,1248.0999755859375,1251.0,1246.5,1250.199951171875,1184548,Yahoo Finance automated fallback,https://query1.finance.yahoo.com/v8/finance/chart/ICICIBANK.NS?period1=1778238506&period2=1783336106&interval=30m&events=history&includePrePost=false,2026-07-06T11:08:26.544444+00:00
2026-05-15T07:15:00+00:00,2026-05-15T07:45:00+00:00,30,ICICIBANK,ICICIBANK.NS,1250.199951171875,1251.0,1250.0999755859375,1251.0,307201,Yahoo Finance automated fallback,https://query1.finance.yahoo.com/v8/finance/chart/ICICIBANK.NS?period1=1778238506&period2=1783336106&interval=30m&events=history&includePrePost=false,2026-07-06T11:08:26.544444+00:00
2026-05-15T07:45:00+00:00,2026-05-15T08:15:00+00:00,30,ICICIBANK,ICICIBANK.NS,1251.0,1252.300048828125,1250.0,1250.300048828125,659722,Yahoo Finance automated fallback,https://query1.finance.yahoo.com/v8/finance/chart/ICICIBANK.NS?period1=1778238506&period2=1783336106&interval=30m&events=history&includePrePost=false,2026-07-06T11:08:26.544444+00:00
2026-05-15T08:15:00+00:00,2026-05-15T08:45:00+00:00,30,ICICIBANK,ICICIBANK.NS,1250.5999755859375,1251.9000244140625,1248.9000244140625,1251.0,719221,Yahoo Finance automated fallback,https://query1.finance.yahoo.com/v8/finance/chart/ICICIBANK.NS?period1=1778238506&period2=1783336106&interval=30m&events=history&includePrePost=false,2026-07-06T11:08:26.544444+00:00
2026-05-15T08:45:00+00:00,2026-05-15T09:15:00+00:00,30,ICICIBANK,ICICIBANK.NS,1251.0,1252.0999755859375,1250.0,1250.199951171875,1062048,Yahoo Finance automated fallback,https://query1.finance.yahoo.com/v8/finance/chart/ICICIBANK.NS?period1=1778238506&period2=1783336106&interval=30m&events=history&includePrePost=false,2026-07-06T11:08:26.544444+00:00
2026-05-15T09:15:00+00:00,2026-05-15T09:45:00+00:00,30,ICICIBANK,ICICIBANK.NS,1250.300048828125,1250.5999755859375,1242.0999755859375,1243.800048828125,2462906,Yahoo Finance automated fallback,https://query1.finance.yahoo.com/v8/finance/chart/ICICIBANK.NS?period1=1778238506&period2=1783336106&interval=30m&events=history&includePrePost=false,2026-07-06T11:08:26.544444+00:00
2026-05-15T09:45:00+00:00,2026-05-15T10:15:00+00:00,30,ICICIBANK,ICICIBANK.NS,1243.9000244140625,1247.9000244140625,1242.199951171875,1244.5,875874,Yahoo Finance automated fallback,https://query1.finance.yahoo.com/v8/finance/chart/ICICIBANK.NS?period1=1778238506&period2=1783336106&interval=30m&events=history&includePrePost=false,2026-07-06T11:08:26.544444+00:00
2026-05-18T03:45:00+00:00,2026-05-18T04:15:00+00:00,30,ICICIBANK,ICICIBANK.NS,1235.5,1240.4000244140625,1234.0999755859375,1237.199951171875,659445,Yahoo Finance automated fallback,https://query1.finance.yahoo.com/v8/finance/chart/ICICIBANK.NS?period1=1778238506&period2=1783336106&interval=30m&events=history&includePrePost=false,2026-07-06T11:08:26.544444+00:00
2026-05-18T04:15:00+00:00,2026-05-18T04:45:00+00:00,30,ICICIBANK,ICICIBANK.NS,1237.199951171875,1237.699951171875,1233.300048828125,1234.800048828125,519984,Yahoo Finance automated fallback,https://query1.finance.yahoo.com/v8/finance/chart/ICICIBANK.NS?period1=1778238506&period2=1783336106&interval=30m&events=history&includePrePost=false,2026-07-06T11:08:26.544444+00:00
2026-05-18T04:45:00+00:00,2026-05-18T05:15:00+00:00,30,ICICIBANK,ICICIBANK.NS,1234.699951171875,1236.5,1234.4000244140625,1235.699951171875,637430,Yahoo Finance automated fallback,https://query1.finance.yahoo.com/v8/finance/chart/ICICIBANK.NS?period1=1778238506&period2=1783336106&interval=30m&events=history&includePrePost=false,2026-07-06T11:08:26.544444+00:00
2026-05-18T05:15:00+00:00,2026-05-18T05:45:00+00:00,30,ICICIBANK,ICICIBANK.NS,1235.800048828125,1238.0,1235.4000244140625,1236.9000244140625,530729,Yahoo Finance automated fallback,https://query1.finance.yahoo.com/v8/finance/chart/ICICIBANK.NS?period1=1778238506&period2=1783336106&interval=30m&events=history&includePrePost=false,2026-07-06T11:08:26.544444+00:00
2026-05-18T05:45:00+00:00,2026-05-18T06:15:00+00:00,30,ICICIBANK,ICICIBANK.NS,1236.9000244140625,1243.199951171875,1236.5,1240.0,1223249,Yahoo Finance automated fallback,https://query1.finance.yahoo.com/v8/finance/chart/ICICIBANK.NS?period1=1778238506&period2=1783336106&interval=30m&events=history&includePrePost=false,2026-07-06T11:08:26.544444+00:00
2026-05-18T06:15:00+00:00,2026-05-18T06:45:00+00:00,30,ICICIBANK,ICICIBANK.NS,1239.9000244140625,1240.0999755859375,1234.9000244140625,1238.800048828125,612474,Yahoo Finance automated fallback,https://query1.finance.yahoo.com/v8/finance/chart/ICICIBANK.NS?period1=1778238506&period2=1783336106&interval=30m&events=history&includePrePost=false,2026-07-06T11:08:26.544444+00:00
2026-05-18T06:45:00+00:00,2026-05-18T07:15:00+00:00,30,ICICIBANK,ICICIBANK.NS,1238.4000244140625,1242.5999755859375,1237.0999755859375,1241.199951171875,810296,Yahoo Finance automated fallback,https://query1.finance.yahoo.com/v8/finance/chart/ICICIBANK.NS?period1=1778238506&period2=1783336106&interval=30m&events=history&includePrePost=false,2026-07-06T11:08:26.544444+00:00
2026-05-18T07:15:00+00:00,2026-05-18T07:45:00+00:00,30,ICICIBANK,ICICIBANK.NS,1241.199951171875,1246.699951171875,1240.9000244140625,1246.5,1650155,Yahoo Finance automated fallback,https://query1.finance.yahoo.com/v8/finance/chart/ICICIBANK.NS?period1=1778238506&period2=1783336106&interval=30m&events=history&includePrePost=false,2026-07-06T11:08:26.544444+00:00
2026-05-18T07:45:00+00:00,2026-05-18T08:15:00+00:00,30,ICICIBANK,ICICIBANK.NS,1246.4000244140625,1248.9000244140625,1245.0,1247.199951171875,799235,Yahoo Finance automated fallback,https://query1.finance.yahoo.com/v8/finance/chart/ICICIBANK.NS?period1=1778238506&period2=1783336106&interval=30m&events=history&includePrePost=false,2026-07-06T11:08:26.544444+00:00
2026-05-18T08:15:00+00:00,2026-05-18T08:45:00+00:00,30,ICICIBANK,ICICIBANK.NS,1247.199951171875,1251.0999755859375,1246.800048828125,1249.5999755859375,982699,Yahoo Finance automated fallback,https://query1.finance.yahoo.com/v8/finance/chart/ICICIBANK.NS?period1=1778238506&period2=1783336106&interval=30m&events=history&includePrePost=false,2026-07-06T11:08:26.544444+00:00
2026-05-18T08:45:00+00:00,2026-05-18T09:15:00+00:00,30,ICICIBANK,ICICIBANK.NS,1249.5999755859375,1251.4000244140625,1247.699951171875,1249.0,1136373,Yahoo Finance automated fallback,https://query1.finance.yahoo.com/v8/finance/chart/ICICIBANK.NS?period1=1778238506&period2=1783336106&interval=30m&events=history&includePrePost=false,2026-07-06T11:08:26.544444+00:00
2026-05-18T09:15:00+00:00,2026-05-18T09:45:00+00:00,30,ICICIBANK,ICICIBANK.NS,1249.0,1253.699951171875,1246.9000244140625,1248.9000244140625,2565744,Yahoo Finance automated fallback,https://query1.finance.yahoo.com/v8/finance/chart/ICICIBANK.NS?period1=1778238506&period2=1783336106&interval=30m&events=history&includePrePost=false,2026-07-06T11:08:26.544444+00:00
2026-05-18T09:45:00+00:00,2026-05-18T10:15:00+00:00,30,ICICIBANK,ICICIBANK.NS,1248.9000244140625,1253.5,1248.5999755859375,1251.0999755859375,821401,Yahoo Finance automated fallback,https://query1.finance.yahoo.com/v8/finance/chart/ICICIBANK.NS?period1=1778238506&period2=1783336106&interval=30m&events=history&includePrePost=false,2026-07-06T11:08:26.544444+00:00
2026-05-19T03:45:00+00:00,2026-05-19T04:15:00+00:00,30,ICICIBANK,ICICIBANK.NS,1251.699951171875,1256.199951171875,1242.0,1244.699951171875,1436127,Yahoo Finance automated fallback,https://query1.finance.yahoo.com/v8/finance/chart/ICICIBANK.NS?period1=1778238506&period2=1783336106&interval=30m&events=history&includePrePost=false,2026-07-06T11:08:26.544444+00:00
2026-05-19T04:15:00+00:00,2026-05-19T04:45:00+00:00,30,ICICIBANK,ICICIBANK.NS,1244.800048828125,1244.800048828125,1233.699951171875,1242.5,21381713,Yahoo Finance automated fallback,https://query1.finance.yahoo.com/v8/finance/chart/ICICIBANK.NS?period1=1778238506&period2=1783336106&interval=30m&events=history&includePrePost=false,2026-07-06T11:08:26.544444+00:00
2026-05-19T04:45:00+00:00,2026-05-19T05:15:00+00:00,30,ICICIBANK,ICICIBANK.NS,1242.4000244140625,1243.699951171875,1240.0999755859375,1242.699951171875,900980,Yahoo Finance automated fallback,https://query1.finance.yahoo.com/v8/finance/chart/ICICIBANK.NS?period1=1778238506&period2=1783336106&interval=30m&events=history&includePrePost=false,2026-07-06T11:08:26.544444+00:00
2026-05-19T05:15:00+00:00,2026-05-19T05:45:00+00:00,30,ICICIBANK,ICICIBANK.NS,1242.699951171875,1242.800048828125,1238.0999755859375,1239.800048828125,808020,Yahoo Finance automated fallback,https://query1.finance.yahoo.com/v8/finance/chart/ICICIBANK.NS?period1=1778238506&period2=1783336106&interval=30m&events=history&includePrePost=false,2026-07-06T11:08:26.544444+00:00
2026-05-19T05:45:00+00:00,2026-05-19T06:15:00+00:00,30,ICICIBANK,ICICIBANK.NS,1240.0999755859375,1242.0,1237.0,1241.699951171875,1042083,Yahoo Finance automated fallback,https://query1.finance.yahoo.com/v8/finance/chart/ICICIBANK.NS?period1=1778238506&period2=1783336106&interval=30m&events=history&includePrePost=false,2026-07-06T11:08:26.544444+00:00
2026-05-19T06:15:00+00:00,2026-05-19T06:45:00+00:00,30,ICICIBANK,ICICIBANK.NS,1241.9000244140625,1243.4000244140625,1241.0999755859375,1241.9000244140625,1225529,Yahoo Finance automated fallback,https://query1.finance.yahoo.com/v8/finance/chart/ICICIBANK.NS?period1=1778238506&period2=1783336106&interval=30m&events=history&includePrePost=false,2026-07-06T11:08:26.544444+00:00
2026-05-19T06:45:00+00:00,2026-05-19T07:15:00+00:00,30,ICICIBANK,ICICIBANK.NS,1241.9000244140625,1245.800048828125,1241.199951171875,1245.4000244140625,958690,Yahoo Finance automated fallback,https://query1.finance.yahoo.com/v8/finance/chart/ICICIBANK.NS?period1=1778238506&period2=1783336106&interval=30m&events=history&includePrePost=false,2026-07-06T11:08:26.544444+00:00
2026-05-19T07:15:00+00:00,2026-05-19T07:45:00+00:00,30,ICICIBANK,ICICIBANK.NS,1245.4000244140625,1248.699951171875,1244.5999755859375,1245.4000244140625,2029591,Yahoo Finance automated fallback,https://query1.finance.yahoo.com/v8/finance/chart/ICICIBANK.NS?period1=1778238506&period2=1783336106&interval=30m&events=history&includePrePost=false,2026-07-06T11:08:26.544444+00:00
2026-05-19T07:45:00+00:00,2026-05-19T08:15:00+00:00,30,ICICIBANK,ICICIBANK.NS,1245.4000244140625,1247.800048828125,1244.0,1245.5,1028088,Yahoo Finance automated fallback,https://query1.finance.yahoo.com/v8/finance/chart/ICICIBANK.NS?period1=1778238506&period2=1783336106&interval=30m&events=history&includePrePost=false,2026-07-06T11:08:26.544444+00:00
2026-05-19T08:15:00+00:00,2026-05-19T08:45:00+00:00,30,ICICIBANK,ICICIBANK.NS,1245.5,1248.4000244140625,1245.0999755859375,1246.5,1897505,Yahoo Finance automated fallback,https://query1.finance.yahoo.com/v8/finance/chart/ICICIBANK.NS?period1=1778238506&period2=1783336106&interval=30m&events=history&includePrePost=false,2026-07-06T11:08:26.544444+00:00
2026-05-19T08:45:00+00:00,2026-05-19T09:15:00+00:00,30,ICICIBANK,ICICIBANK.NS,1246.300048828125,1248.0,1244.5999755859375,1245.4000244140625,1359709,Yahoo Finance automated fallback,https://query1.finance.yahoo.com/v8/finance/chart/ICICIBANK.NS?period1=1778238506&period2=1783336106&interval=30m&events=history&includePrePost=false,2026-07-06T11:08:26.544444+00:00
2026-05-19T09:15:00+00:00,2026-05-19T09:45:00+00:00,30,ICICIBANK,ICICIBANK.NS,1245.4000244140625,1245.4000244140625,1237.199951171875,1240.9000244140625,3518860,Yahoo Finance automated fallback,https://query1.finance.yahoo.com/v8/finance/chart/ICICIBANK.NS?period1=1778238506&period2=1783336106&interval=30m&events=history&includePrePost=false,2026-07-06T11:08:26.544444+00:00
2026-05-19T09:45:00+00:00,2026-05-19T10:15:00+00:00,30,ICICIBANK,ICICIBANK.NS,1240.699951171875,1243.5,1240.0999755859375,1242.9000244140625,990758,Yahoo Finance automated fallback,https://query1.finance.yahoo.com/v8/finance/chart/ICICIBANK.NS?period1=1778238506&period2=1783336106&interval=30m&events=history&includePrePost=false,2026-07-06T11:08:26.544444+00:00
2026-05-20T03:45:00+00:00,2026-05-20T04:15:00+00:00,30,ICICIBANK,ICICIBANK.NS,1228.5999755859375,1233.5999755859375,1223.9000244140625,1233.5999755859375,702361,Yahoo Finance automated fallback,https://query1.finance.yahoo.com/v8/finance/chart/ICICIBANK.NS?period1=1778238506&period2=1783336106&interval=30m&events=history&includePrePost=false,2026-07-06T11:08:26.544444+00:00
2026-05-20T04:15:00+00:00,2026-05-20T04:45:00+00:00,30,ICICIBANK,ICICIBANK.NS,1233.5999755859375,1233.800048828125,1229.0,1230.0,678032,Yahoo Finance automated fallback,https://query1.finance.yahoo.com/v8/finance/chart/ICICIBANK.NS?period1=1778238506&period2=1783336106&interval=30m&events=history&includePrePost=false,2026-07-06T11:08:26.544444+00:00
2026-05-20T04:45:00+00:00,2026-05-20T05:15:00+00:00,30,ICICIBANK,ICICIBANK.NS,1230.0999755859375,1233.199951171875,1228.0,1230.9000244140625,606171,Yahoo Finance automated fallback,https://query1.finance.yahoo.com/v8/finance/chart/ICICIBANK.NS?period1=1778238506&period2=1783336106&interval=30m&events=history&includePrePost=false,2026-07-06T11:08:26.544444+00:00
2026-05-20T05:15:00+00:00,2026-05-20T05:45:00+00:00,30,ICICIBANK,ICICIBANK.NS,1231.0,1235.300048828125,1228.800048828125,1233.199951171875,784822,Yahoo Finance automated fallback,https://query1.finance.yahoo.com/v8/finance/chart/ICICIBANK.NS?period1=1778238506&period2=1783336106&interval=30m&events=history&includePrePost=false,2026-07-06T11:08:26.544444+00:00
2026-05-20T05:45:00+00:00,2026-05-20T06:15:00+00:00,30,ICICIBANK,ICICIBANK.NS,1233.0,1235.5999755859375,1232.0,1233.300048828125,505999,Yahoo Finance automated fallback,https://query1.finance.yahoo.com/v8/finance/chart/ICICIBANK.NS?period1=1778238506&period2=1783336106&interval=30m&events=history&includePrePost=false,2026-07-06T11:08:26.544444+00:00
2026-05-20T06:15:00+00:00,2026-05-20T06:45:00+00:00,30,ICICIBANK,ICICIBANK.NS,1233.5999755859375,1235.800048828125,1230.0,1231.199951171875,1282070,Yahoo Finance automated fallback,https://query1.finance.yahoo.com/v8/finance/chart/ICICIBANK.NS?period1=1778238506&period2=1783336106&interval=30m&events=history&includePrePost=false,2026-07-06T11:08:26.544444+00:00
2026-05-20T06:45:00+00:00,2026-05-20T07:15:00+00:00,30,ICICIBANK,ICICIBANK.NS,1231.5,1233.4000244140625,1229.5,1230.800048828125,537516,Yahoo Finance automated fallback,https://query1.finance.yahoo.com/v8/finance/chart/ICICIBANK.NS?period1=1778238506&period2=1783336106&interval=30m&events=history&includePrePost=false,2026-07-06T11:08:26.544444+00:00
2026-05-20T07:15:00+00:00,2026-05-20T07:45:00+00:00,30,ICICIBANK,ICICIBANK.NS,1230.300048828125,1231.9000244140625,1229.199951171875,1229.5,919335,Yahoo Finance automated fallback,https://query1.finance.yahoo.com/v8/finance/chart/ICICIBANK.NS?period1=1778238506&period2=1783336106&interval=30m&events=history&includePrePost=false,2026-07-06T11:08:26.544444+00:00
2026-05-20T07:45:00+00:00,2026-05-20T08:15:00+00:00,30,ICICIBANK,ICICIBANK.NS,1229.300048828125,1230.4000244140625,1226.699951171875,1228.5,2222189,Yahoo Finance automated fallback,https://query1.finance.yahoo.com/v8/finance/chart/ICICIBANK.NS?period1=1778238506&period2=1783336106&interval=30m&events=history&includePrePost=false,2026-07-06T11:08:26.544444+00:00
2026-05-20T08:15:00+00:00,2026-05-20T08:45:00+00:00,30,ICICIBANK,ICICIBANK.NS,1229.0,1232.9000244140625,1227.5999755859375,1232.4000244140625,1416923,Yahoo Finance automated fallback,https://query1.finance.yahoo.com/v8/finance/chart/ICICIBANK.NS?period1=1778238506&period2=1783336106&interval=30m&events=history&includePrePost=false,2026-07-06T11:08:26.544444+00:00
2026-05-20T08:45:00+00:00,2026-05-20T09:15:00+00:00,30,ICICIBANK,ICICIBANK.NS,1232.4000244140625,1236.699951171875,1231.4000244140625,1236.699951171875,1374425,Yahoo Finance automated fallback,https://query1.finance.yahoo.com/v8/finance/chart/ICICIBANK.NS?period1=1778238506&period2=1783336106&interval=30m&events=history&includePrePost=false,2026-07-06T11:08:26.544444+00:00
2026-05-20T09:15:00+00:00,2026-05-20T09:45:00+00:00,30,ICICIBANK,ICICIBANK.NS,1236.0999755859375,1238.9000244140625,1235.5,1237.300048828125,2173073,Yahoo Finance automated fallback,https://query1.finance.yahoo.com/v8/finance/chart/ICICIBANK.NS?period1=1778238506&period2=1783336106&interval=30m&events=history&includePrePost=false,2026-07-06T11:08:26.544444+00:00
2026-05-20T09:45:00+00:00,2026-05-20T10:15:00+00:00,30,ICICIBANK,ICICIBANK.NS,1237.5999755859375,1238.300048828125,1236.0,1236.0,1153667,Yahoo Finance automated fallback,https://query1.finance.yahoo.com/v8/finance/chart/ICICIBANK.NS?period1=1778238506&period2=1783336106&interval=30m&events=history&includePrePost=false,2026-07-06T11:08:26.544444+00:00
2026-05-21T03:45:00+00:00,2026-05-21T04:15:00+00:00,30,ICICIBANK,ICICIBANK.NS,1246.300048828125,1246.5999755859375,1240.300048828125,1245.199951171875,651563,Yahoo Finance automated fallback,https://query1.finance.yahoo.com/v8/finance/chart/ICICIBANK.NS?period1=1778238506&period2=1783336106&interval=30m&events=history&includePrePost=false,2026-07-06T11:08:26.544444+00:00
2026-05-21T04:15:00+00:00,2026-05-21T04:45:00+00:00,30,ICICIBANK,ICICIBANK.NS,1245.0999755859375,1246.0999755859375,1242.5999755859375,1244.699951171875,604466,Yahoo Finance automated fallback,https://query1.finance.yahoo.com/v8/finance/chart/ICICIBANK.NS?period1=1778238506&period2=1783336106&interval=30m&events=history&includePrePost=false,2026-07-06T11:08:26.544444+00:00
2026-05-21T04:45:00+00:00,2026-05-21T05:15:00+00:00,30,ICICIBANK,ICICIBANK.NS,1244.800048828125,1246.4000244140625,1244.0,1245.300048828125,569390,Yahoo Finance automated fallback,https://query1.finance.yahoo.com/v8/finance/chart/ICICIBANK.NS?period1=1778238506&period2=1783336106&interval=30m&events=history&includePrePost=false,2026-07-06T11:08:26.544444+00:00
2026-05-21T05:15:00+00:00,2026-05-21T05:45:00+00:00,30,ICICIBANK,ICICIBANK.NS,1245.300048828125,1246.0999755859375,1242.0999755859375,1242.800048828125,602741,Yahoo Finance automated fallback,https://query1.finance.yahoo.com/v8/finance/chart/ICICIBANK.NS?period1=1778238506&period2=1783336106&interval=30m&events=history&includePrePost=false,2026-07-06T11:08:26.544444+00:00
2026-05-21T05:45:00+00:00,2026-05-21T06:15:00+00:00,30,ICICIBANK,ICICIBANK.NS,1242.800048828125,1248.300048828125,1239.4000244140625,1248.300048828125,566583,Yahoo Finance automated fallback,https://query1.finance.yahoo.com/v8/finance/chart/ICICIBANK.NS?period1=1778238506&period2=1783336106&interval=30m&events=history&includePrePost=false,2026-07-06T11:08:26.544444+00:00
2026-05-21T06:15:00+00:00,2026-05-21T06:45:00+00:00,30,ICICIBANK,ICICIBANK.NS,1248.0,1248.300048828125,1244.5999755859375,1245.0,470764,Yahoo Finance automated fallback,https://query1.finance.yahoo.com/v8/finance/chart/ICICIBANK.NS?period1=1778238506&period2=1783336106&interval=30m&events=history&includePrePost=false,2026-07-06T11:08:26.544444+00:00
2026-05-21T06:45:00+00:00,2026-05-21T07:15:00+00:00,30,ICICIBANK,ICICIBANK.NS,1244.5,1246.9000244140625,1238.199951171875,1240.199951171875,1878011,Yahoo Finance automated fallback,https://query1.finance.yahoo.com/v8/finance/chart/ICICIBANK.NS?period1=1778238506&period2=1783336106&interval=30m&events=history&includePrePost=false,2026-07-06T11:08:26.544444+00:00
2026-05-21T07:15:00+00:00,2026-05-21T07:45:00+00:00,30,ICICIBANK,ICICIBANK.NS,1240.5999755859375,1240.5999755859375,1234.4000244140625,1237.9000244140625,968726,Yahoo Finance automated fallback,https://query1.finance.yahoo.com/v8/finance/chart/ICICIBANK.NS?period1=1778238506&period2=1783336106&interval=30m&events=history&includePrePost=false,2026-07-06T11:08:26.544444+00:00
2026-05-21T07:45:00+00:00,2026-05-21T08:15:00+00:00,30,ICICIBANK,ICICIBANK.NS,1238.0,1242.0,1235.5999755859375,1241.0,813488,Yahoo Finance automated fallback,https://query1.finance.yahoo.com/v8/finance/chart/ICICIBANK.NS?period1=1778238506&period2=1783336106&interval=30m&events=history&includePrePost=false,2026-07-06T11:08:26.544444+00:00
2026-05-21T08:15:00+00:00,2026-05-21T08:45:00+00:00,30,ICICIBANK,ICICIBANK.NS,1241.0,1241.9000244140625,1238.0,1239.800048828125,767282,Yahoo Finance automated fallback,https://query1.finance.yahoo.com/v8/finance/chart/ICICIBANK.NS?period1=1778238506&period2=1783336106&interval=30m&events=history&includePrePost=false,2026-07-06T11:08:26.544444+00:00
2026-05-21T08:45:00+00:00,2026-05-21T09:15:00+00:00,30,ICICIBANK,ICICIBANK.NS,1240.0,1245.4000244140625,1239.0,1243.800048828125,1637221,Yahoo Finance automated fallback,https://query1.finance.yahoo.com/v8/finance/chart/ICICIBANK.NS?period1=1778238506&period2=1783336106&interval=30m&events=history&includePrePost=false,2026-07-06T11:08:26.544444+00:00
2026-05-21T09:15:00+00:00,2026-05-21T09:45:00+00:00,30,ICICIBANK,ICICIBANK.NS,1243.800048828125,1245.800048828125,1241.199951171875,1242.0,3470100,Yahoo Finance automated fallback,https://query1.finance.yahoo.com/v8/finance/chart/ICICIBANK.NS?period1=1778238506&period2=1783336106&interval=30m&events=history&includePrePost=false,2026-07-06T11:08:26.544444+00:00
2026-05-21T09:45:00+00:00,2026-05-21T10:15:00+00:00,30,ICICIBANK,ICICIBANK.NS,1241.4000244140625,1244.5,1240.0,1242.800048828125,1125172,Yahoo Finance automated fallback,https://query1.finance.yahoo.com/v8/finance/chart/ICICIBANK.NS?period1=1778238506&period2=1783336106&interval=30m&events=history&includePrePost=false,2026-07-06T11:08:26.544444+00:00
2026-05-22T03:45:00+00:00,2026-05-22T04:15:00+00:00,30,ICICIBANK,ICICIBANK.NS,1244.699951171875,1264.699951171875,1244.699951171875,1262.5,1713178,Yahoo Finance automated fallback,https://query1.finance.yahoo.com/v8/finance/chart/ICICIBANK.NS?period1=1778238506&period2=1783336106&interval=30m&events=history&includePrePost=false,2026-07-06T11:08:26.544444+00:00
2026-05-22T04:15:00+00:00,2026-05-22T04:45:00+00:00,30,ICICIBANK,ICICIBANK.NS,1262.699951171875,1267.0,1262.199951171875,1266.4000244140625,1082426,Yahoo Finance automated fallback,https://query1.finance.yahoo.com/v8/finance/chart/ICICIBANK.NS?period1=1778238506&period2=1783336106&interval=30m&events=history&includePrePost=false,2026-07-06T11:08:26.544444+00:00
2026-05-22T04:45:00+00:00,2026-05-22T05:15:00+00:00,30,ICICIBANK,ICICIBANK.NS,1266.4000244140625,1267.800048828125,1263.0,1264.5999755859375,713422,Yahoo Finance automated fallback,https://query1.finance.yahoo.com/v8/finance/chart/ICICIBANK.NS?period1=1778238506&period2=1783336106&interval=30m&events=history&includePrePost=false,2026-07-06T11:08:26.544444+00:00
2026-05-22T05:15:00+00:00,2026-05-22T05:45:00+00:00,30,ICICIBANK,ICICIBANK.NS,1264.5999755859375,1265.0,1261.699951171875,1262.9000244140625,525119,Yahoo Finance automated fallback,https://query1.finance.yahoo.com/v8/finance/chart/ICICIBANK.NS?period1=1778238506&period2=1783336106&interval=30m&events=history&includePrePost=false,2026-07-06T11:08:26.544444+00:00
2026-05-22T05:45:00+00:00,2026-05-22T06:15:00+00:00,30,ICICIBANK,ICICIBANK.NS,1263.199951171875,1263.9000244140625,1259.5999755859375,1263.800048828125,762965,Yahoo Finance automated fallback,https://query1.finance.yahoo.com/v8/finance/chart/ICICIBANK.NS?period1=1778238506&period2=1783336106&interval=30m&events=history&includePrePost=false,2026-07-06T11:08:26.544444+00:00
2026-05-22T06:15:00+00:00,2026-05-22T06:45:00+00:00,30,ICICIBANK,ICICIBANK.NS,1263.699951171875,1267.5,1263.4000244140625,1267.0999755859375,448917,Yahoo Finance automated fallback,https://query1.finance.yahoo.com/v8/finance/chart/ICICIBANK.NS?period1=1778238506&period2=1783336106&interval=30m&events=history&includePrePost=false,2026-07-06T11:08:26.544444+00:00
2026-05-22T06:45:00+00:00,2026-05-22T07:15:00+00:00,30,ICICIBANK,ICICIBANK.NS,1267.199951171875,1268.4000244140625,1265.0999755859375,1266.5999755859375,846463,Yahoo Finance automated fallback,https://query1.finance.yahoo.com/v8/finance/chart/ICICIBANK.NS?period1=1778238506&period2=1783336106&interval=30m&events=history&includePrePost=false,2026-07-06T11:08:26.544444+00:00
2026-05-22T07:15:00+00:00,2026-05-22T07:45:00+00:00,30,ICICIBANK,ICICIBANK.NS,1266.9000244140625,1270.5,1266.199951171875,1266.5,1164282,Yahoo Finance automated fallback,https://query1.finance.yahoo.com/v8/finance/chart/ICICIBANK.NS?period1=1778238506&period2=1783336106&interval=30m&events=history&includePrePost=false,2026-07-06T11:08:26.544444+00:00
2026-05-22T07:45:00+00:00,2026-05-22T08:15:00+00:00,30,ICICIBANK,ICICIBANK.NS,1267.0999755859375,1269.800048828125,1266.0,1268.9000244140625,609632,Yahoo Finance automated fallback,https://query1.finance.yahoo.com/v8/finance/chart/ICICIBANK.NS?period1=1778238506&period2=1783336106&interval=30m&events=history&includePrePost=false,2026-07-06T11:08:26.544444+00:00
2026-05-22T08:15:00+00:00,2026-05-22T08:45:00+00:00,30,ICICIBANK,ICICIBANK.NS,1269.0,1270.699951171875,1267.300048828125,1268.0999755859375,897109,Yahoo Finance automated fallback,https://query1.finance.yahoo.com/v8/finance/chart/ICICIBANK.NS?period1=1778238506&period2=1783336106&interval=30m&events=history&includePrePost=false,2026-07-06T11:08:26.544444+00:00
2026-05-22T08:45:00+00:00,2026-05-22T09:15:00+00:00,30,ICICIBANK,ICICIBANK.NS,1268.0999755859375,1268.800048828125,1262.4000244140625,1262.5,540010,Yahoo Finance automated fallback,https://query1.finance.yahoo.com/v8/finance/chart/ICICIBANK.NS?period1=1778238506&period2=1783336106&interval=30m&events=history&includePrePost=false,2026-07-06T11:08:26.544444+00:00
2026-05-22T09:15:00+00:00,2026-05-22T09:45:00+00:00,30,ICICIBANK,ICICIBANK.NS,1262.699951171875,1263.9000244140625,1261.5999755859375,1263.5999755859375,1137066,Yahoo Finance automated fallback,https://query1.finance.yahoo.com/v8/finance/chart/ICICIBANK.NS?period1=1778238506&period2=1783336106&interval=30m&events=history&includePrePost=false,2026-07-06T11:08:26.544444+00:00
2026-05-22T09:45:00+00:00,2026-05-22T10:15:00+00:00,30,ICICIBANK,ICICIBANK.NS,1263.699951171875,1268.800048828125,1263.4000244140625,1267.199951171875,893047,Yahoo Finance automated fallback,https://query1.finance.yahoo.com/v8/finance/chart/ICICIBANK.NS?period1=1778238506&period2=1783336106&interval=30m&events=history&includePrePost=false,2026-07-06T11:08:26.544444+00:00
2026-05-25T03:45:00+00:00,2026-05-25T04:15:00+00:00,30,ICICIBANK,ICICIBANK.NS,1275.9000244140625,1284.300048828125,1275.9000244140625,1281.0999755859375,2574839,Yahoo Finance automated fallback,https://query1.finance.yahoo.com/v8/finance/chart/ICICIBANK.NS?period1=1778238506&period2=1783336106&interval=30m&events=history&includePrePost=false,2026-07-06T11:08:26.544444+00:00
2026-05-25T04:15:00+00:00,2026-05-25T04:45:00+00:00,30,ICICIBANK,ICICIBANK.NS,1281.300048828125,1281.4000244140625,1273.699951171875,1276.699951171875,1539753,Yahoo Finance automated fallback,https://query1.finance.yahoo.com/v8/finance/chart/ICICIBANK.NS?period1=1778238506&period2=1783336106&interval=30m&events=history&includePrePost=false,2026-07-06T11:08:26.544444+00:00
2026-05-25T04:45:00+00:00,2026-05-25T05:15:00+00:00,30,ICICIBANK,ICICIBANK.NS,1276.5,1282.5999755859375,1276.4000244140625,1281.5,924141,Yahoo Finance automated fallback,https://query1.finance.yahoo.com/v8/finance/chart/ICICIBANK.NS?period1=1778238506&period2=1783336106&interval=30m&events=history&includePrePost=false,2026-07-06T11:08:26.544444+00:00
2026-05-25T05:15:00+00:00,2026-05-25T05:45:00+00:00,30,ICICIBANK,ICICIBANK.NS,1281.4000244140625,1282.5,1277.5,1280.699951171875,717667,Yahoo Finance automated fallback,https://query1.finance.yahoo.com/v8/finance/chart/ICICIBANK.NS?period1=1778238506&period2=1783336106&interval=30m&events=history&includePrePost=false,2026-07-06T11:08:26.544444+00:00
2026-05-25T05:45:00+00:00,2026-05-25T06:15:00+00:00,30,ICICIBANK,ICICIBANK.NS,1280.5,1280.699951171875,1277.699951171875,1278.5999755859375,533992,Yahoo Finance automated fallback,https://query1.finance.yahoo.com/v8/finance/chart/ICICIBANK.NS?period1=1778238506&period2=1783336106&interval=30m&events=history&includePrePost=false,2026-07-06T11:08:26.544444+00:00
2026-05-25T06:15:00+00:00,2026-05-25T06:45:00+00:00,30,ICICIBANK,ICICIBANK.NS,1278.800048828125,1280.699951171875,1277.5999755859375,1278.199951171875,377295,Yahoo Finance automated fallback,https://query1.finance.yahoo.com/v8/finance/chart/ICICIBANK.NS?period1=1778238506&period2=1783336106&interval=30m&events=history&includePrePost=false,2026-07-06T11:08:26.544444+00:00
2026-05-25T06:45:00+00:00,2026-05-25T07:15:00+00:00,30,ICICIBANK,ICICIBANK.NS,1278.300048828125,1278.9000244140625,1277.0999755859375,1277.4000244140625,288796,Yahoo Finance automated fallback,https://query1.finance.yahoo.com/v8/finance/chart/ICICIBANK.NS?period1=1778238506&period2=1783336106&interval=30m&events=history&includePrePost=false,2026-07-06T11:08:26.544444+00:00
2026-05-25T07:15:00+00:00,2026-05-25T07:45:00+00:00,30,ICICIBANK,ICICIBANK.NS,1277.5,1282.0,1276.800048828125,1281.300048828125,566803,Yahoo Finance automated fallback,https://query1.finance.yahoo.com/v8/finance/chart/ICICIBANK.NS?period1=1778238506&period2=1783336106&interval=30m&events=history&includePrePost=false,2026-07-06T11:08:26.544444+00:00
2026-05-25T07:45:00+00:00,2026-05-25T08:15:00+00:00,30,ICICIBANK,ICICIBANK.NS,1281.300048828125,1283.0,1280.5,1281.5999755859375,611700,Yahoo Finance automated fallback,https://query1.finance.yahoo.com/v8/finance/chart/ICICIBANK.NS?period1=1778238506&period2=1783336106&interval=30m&events=history&includePrePost=false,2026-07-06T11:08:26.544444+00:00
2026-05-25T08:15:00+00:00,2026-05-25T08:45:00+00:00,30,ICICIBANK,ICICIBANK.NS,1281.4000244140625,1284.5999755859375,1281.300048828125,1283.699951171875,1139067,Yahoo Finance automated fallback,https://query1.finance.yahoo.com/v8/finance/chart/ICICIBANK.NS?period1=1778238506&period2=1783336106&interval=30m&events=history&includePrePost=false,2026-07-06T11:08:26.544444+00:00
2026-05-25T08:45:00+00:00,2026-05-25T09:15:00+00:00,30,ICICIBANK,ICICIBANK.NS,1283.699951171875,1287.0999755859375,1283.4000244140625,1287.0,474712,Yahoo Finance automated fallback,https://query1.finance.yahoo.com/v8/finance/chart/ICICIBANK.NS?period1=1778238506&period2=1783336106&interval=30m&events=history&includePrePost=false,2026-07-06T11:08:26.544444+00:00
2026-05-25T09:15:00+00:00,2026-05-25T09:45:00+00:00,30,ICICIBANK,ICICIBANK.NS,1287.0,1293.0,1286.699951171875,1292.4000244140625,1893904,Yahoo Finance automated fallback,https://query1.finance.yahoo.com/v8/finance/chart/ICICIBANK.NS?period1=1778238506&period2=1783336106&interval=30m&events=history&includePrePost=false,2026-07-06T11:08:26.544444+00:00
2026-05-25T09:45:00+00:00,2026-05-25T10:15:00+00:00,30,ICICIBANK,ICICIBANK.NS,1292.4000244140625,1293.5,1290.699951171875,1291.800048828125,939630,Yahoo Finance automated fallback,https://query1.finance.yahoo.com/v8/finance/chart/ICICIBANK.NS?period1=1778238506&period2=1783336106&interval=30m&events=history&includePrePost=false,2026-07-06T11:08:26.544444+00:00
2026-05-26T03:45:00+00:00,2026-05-26T04:15:00+00:00,30,ICICIBANK,ICICIBANK.NS,1289.800048828125,1301.800048828125,1283.0999755859375,1299.300048828125,1943550,Yahoo Finance automated fallback,https://query1.finance.yahoo.com/v8/finance/chart/ICICIBANK.NS?period1=1778238506&period2=1783336106&interval=30m&events=history&includePrePost=false,2026-07-06T11:08:26.544444+00:00
2026-05-26T04:15:00+00:00,2026-05-26T04:45:00+00:00,30,ICICIBANK,ICICIBANK.NS,1299.699951171875,1299.800048828125,1293.5,1293.5999755859375,1115353,Yahoo Finance automated fallback,https://query1.finance.yahoo.com/v8/finance/chart/ICICIBANK.NS?period1=1778238506&period2=1783336106&interval=30m&events=history&includePrePost=false,2026-07-06T11:08:26.544444+00:00
2026-05-26T04:45:00+00:00,2026-05-26T05:15:00+00:00,30,ICICIBANK,ICICIBANK.NS,1293.5999755859375,1296.300048828125,1291.0999755859375,1296.0999755859375,957329,Yahoo Finance automated fallback,https://query1.finance.yahoo.com/v8/finance/chart/ICICIBANK.NS?period1=1778238506&period2=1783336106&interval=30m&events=history&includePrePost=false,2026-07-06T11:08:26.544444+00:00
2026-05-26T05:15:00+00:00,2026-05-26T05:45:00+00:00,30,ICICIBANK,ICICIBANK.NS,1296.0999755859375,1297.5999755859375,1295.0999755859375,1297.199951171875,982155,Yahoo Finance automated fallback,https://query1.finance.yahoo.com/v8/finance/chart/ICICIBANK.NS?period1=1778238506&period2=1783336106&interval=30m&events=history&includePrePost=false,2026-07-06T11:08:26.544444+00:00
2026-05-26T05:45:00+00:00,2026-05-26T06:15:00+00:00,30,ICICIBANK,ICICIBANK.NS,1297.0999755859375,1298.5,1293.199951171875,1295.5,977038,Yahoo Finance automated fallback,https://query1.finance.yahoo.com/v8/finance/chart/ICICIBANK.NS?period1=1778238506&period2=1783336106&interval=30m&events=history&includePrePost=false,2026-07-06T11:08:26.544444+00:00
2026-05-26T06:15:00+00:00,2026-05-26T06:45:00+00:00,30,ICICIBANK,ICICIBANK.NS,1295.5,1295.699951171875,1288.4000244140625,1289.4000244140625,709420,Yahoo Finance automated fallback,https://query1.finance.yahoo.com/v8/finance/chart/ICICIBANK.NS?period1=1778238506&period2=1783336106&interval=30m&events=history&includePrePost=false,2026-07-06T11:08:26.544444+00:00
2026-05-26T06:45:00+00:00,2026-05-26T07:15:00+00:00,30,ICICIBANK,ICICIBANK.NS,1289.5,1292.800048828125,1288.9000244140625,1289.699951171875,758378,Yahoo Finance automated fallback,https://query1.finance.yahoo.com/v8/finance/chart/ICICIBANK.NS?period1=1778238506&period2=1783336106&interval=30m&events=history&includePrePost=false,2026-07-06T11:08:26.544444+00:00
2026-05-26T07:15:00+00:00,2026-05-26T07:45:00+00:00,30,ICICIBANK,ICICIBANK.NS,1290.0999755859375,1290.300048828125,1286.4000244140625,1286.699951171875,1146894,Yahoo Finance automated fallback,https://query1.finance.yahoo.com/v8/finance/chart/ICICIBANK.NS?period1=1778238506&period2=1783336106&interval=30m&events=history&includePrePost=false,2026-07-06T11:08:26.544444+00:00
2026-05-26T07:45:00+00:00,2026-05-26T08:15:00+00:00,30,ICICIBANK,ICICIBANK.NS,1286.9000244140625,1289.199951171875,1283.800048828125,1283.800048828125,1444927,Yahoo Finance automated fallback,https://query1.finance.yahoo.com/v8/finance/chart/ICICIBANK.NS?period1=1778238506&period2=1783336106&interval=30m&events=history&includePrePost=false,2026-07-06T11:08:26.544444+00:00
2026-05-26T08:15:00+00:00,2026-05-26T08:45:00+00:00,30,ICICIBANK,ICICIBANK.NS,1283.9000244140625,1285.5999755859375,1281.0,1282.0,1588978,Yahoo Finance automated fallback,https://query1.finance.yahoo.com/v8/finance/chart/ICICIBANK.NS?period1=1778238506&period2=1783336106&interval=30m&events=history&includePrePost=false,2026-07-06T11:08:26.544444+00:00
2026-05-26T08:45:00+00:00,2026-05-26T09:15:00+00:00,30,ICICIBANK,ICICIBANK.NS,1282.300048828125,1283.0999755859375,1279.5,1280.9000244140625,1489811,Yahoo Finance automated fallback,https://query1.finance.yahoo.com/v8/finance/chart/ICICIBANK.NS?period1=1778238506&period2=1783336106&interval=30m&events=history&includePrePost=false,2026-07-06T11:08:26.544444+00:00
2026-05-26T09:15:00+00:00,2026-05-26T09:45:00+00:00,30,ICICIBANK,ICICIBANK.NS,1281.0,1282.5999755859375,1276.5999755859375,1278.800048828125,4030132,Yahoo Finance automated fallback,https://query1.finance.yahoo.com/v8/finance/chart/ICICIBANK.NS?period1=1778238506&period2=1783336106&interval=30m&events=history&includePrePost=false,2026-07-06T11:08:26.544444+00:00
2026-05-26T09:45:00+00:00,2026-05-26T10:15:00+00:00,30,ICICIBANK,ICICIBANK.NS,1279.300048828125,1280.9000244140625,1278.0,1280.9000244140625,727864,Yahoo Finance automated fallback,https://query1.finance.yahoo.com/v8/finance/chart/ICICIBANK.NS?period1=1778238506&period2=1783336106&interval=30m&events=history&includePrePost=false,2026-07-06T11:08:26.544444+00:00
2026-05-27T03:45:00+00:00,2026-05-27T04:15:00+00:00,30,ICICIBANK,ICICIBANK.NS,1285.0999755859375,1286.800048828125,1274.300048828125,1282.9000244140625,759204,Yahoo Finance automated fallback,https://query1.finance.yahoo.com/v8/finance/chart/ICICIBANK.NS?period1=1778238506&period2=1783336106&interval=30m&events=history&includePrePost=false,2026-07-06T11:08:26.544444+00:00
2026-05-27T04:15:00+00:00,2026-05-27T04:45:00+00:00,30,ICICIBANK,ICICIBANK.NS,1283.0,1288.4000244140625,1280.300048828125,1288.4000244140625,761530,Yahoo Finance automated fallback,https://query1.finance.yahoo.com/v8/finance/chart/ICICIBANK.NS?period1=1778238506&period2=1783336106&interval=30m&events=history&includePrePost=false,2026-07-06T11:08:26.544444+00:00
2026-05-27T04:45:00+00:00,2026-05-27T05:15:00+00:00,30,ICICIBANK,ICICIBANK.NS,1288.300048828125,1293.4000244140625,1287.800048828125,1288.800048828125,1280095,Yahoo Finance automated fallback,https://query1.finance.yahoo.com/v8/finance/chart/ICICIBANK.NS?period1=1778238506&period2=1783336106&interval=30m&events=history&includePrePost=false,2026-07-06T11:08:26.544444+00:00
2026-05-27T05:15:00+00:00,2026-05-27T05:45:00+00:00,30,ICICIBANK,ICICIBANK.NS,1288.9000244140625,1291.9000244140625,1285.5999755859375,1286.5,859706,Yahoo Finance automated fallback,https://query1.finance.yahoo.com/v8/finance/chart/ICICIBANK.NS?period1=1778238506&period2=1783336106&interval=30m&events=history&includePrePost=false,2026-07-06T11:08:26.544444+00:00
2026-05-27T05:45:00+00:00,2026-05-27T06:15:00+00:00,30,ICICIBANK,ICICIBANK.NS,1286.0999755859375,1290.4000244140625,1285.800048828125,1287.699951171875,622239,Yahoo Finance automated fallback,https://query1.finance.yahoo.com/v8/finance/chart/ICICIBANK.NS?period1=1778238506&period2=1783336106&interval=30m&events=history&includePrePost=false,2026-07-06T11:08:26.544444+00:00
2026-05-27T06:15:00+00:00,2026-05-27T06:45:00+00:00,30,ICICIBANK,ICICIBANK.NS,1287.699951171875,1289.0,1283.4000244140625,1283.5999755859375,502226,Yahoo Finance automated fallback,https://query1.finance.yahoo.com/v8/finance/chart/ICICIBANK.NS?period1=1778238506&period2=1783336106&interval=30m&events=history&includePrePost=false,2026-07-06T11:08:26.544444+00:00
2026-05-27T06:45:00+00:00,2026-05-27T07:15:00+00:00,30,ICICIBANK,ICICIBANK.NS,1283.5999755859375,1286.5999755859375,1282.4000244140625,1284.199951171875,744938,Yahoo Finance automated fallback,https://query1.finance.yahoo.com/v8/finance/chart/ICICIBANK.NS?period1=1778238506&period2=1783336106&interval=30m&events=history&includePrePost=false,2026-07-06T11:08:26.544444+00:00
2026-05-27T07:15:00+00:00,2026-05-27T07:45:00+00:00,30,ICICIBANK,ICICIBANK.NS,1284.300048828125,1284.5,1279.0,1279.199951171875,1767506,Yahoo Finance automated fallback,https://query1.finance.yahoo.com/v8/finance/chart/ICICIBANK.NS?period1=1778238506&period2=1783336106&interval=30m&events=history&includePrePost=false,2026-07-06T11:08:26.544444+00:00
2026-05-27T07:45:00+00:00,2026-05-27T08:15:00+00:00,30,ICICIBANK,ICICIBANK.NS,1279.199951171875,1279.5999755859375,1274.0999755859375,1274.199951171875,3837761,Yahoo Finance automated fallback,https://query1.finance.yahoo.com/v8/finance/chart/ICICIBANK.NS?period1=1778238506&period2=1783336106&interval=30m&events=history&includePrePost=false,2026-07-06T11:08:26.544444+00:00
2026-05-27T08:15:00+00:00,2026-05-27T08:45:00+00:00,30,ICICIBANK,ICICIBANK.NS,1274.5999755859375,1277.5,1270.5999755859375,1270.5999755859375,963267,Yahoo Finance automated fallback,https://query1.finance.yahoo.com/v8/finance/chart/ICICIBANK.NS?period1=1778238506&period2=1783336106&interval=30m&events=history&includePrePost=false,2026-07-06T11:08:26.544444+00:00
2026-05-27T08:45:00+00:00,2026-05-27T09:15:00+00:00,30,ICICIBANK,ICICIBANK.NS,1270.5999755859375,1275.0999755859375,1266.800048828125,1267.199951171875,2122504,Yahoo Finance automated fallback,https://query1.finance.yahoo.com/v8/finance/chart/ICICIBANK.NS?period1=1778238506&period2=1783336106&interval=30m&events=history&includePrePost=false,2026-07-06T11:08:26.544444+00:00
2026-05-27T09:15:00+00:00,2026-05-27T09:45:00+00:00,30,ICICIBANK,ICICIBANK.NS,1267.0999755859375,1274.0,1267.0,1274.0,2510158,Yahoo Finance automated fallback,https://query1.finance.yahoo.com/v8/finance/chart/ICICIBANK.NS?period1=1778238506&period2=1783336106&interval=30m&events=history&includePrePost=false,2026-07-06T11:08:26.544444+00:00
2026-05-27T09:45:00+00:00,2026-05-27T10:15:00+00:00,30,ICICIBANK,ICICIBANK.NS,1274.0999755859375,1274.699951171875,1270.199951171875,1272.699951171875,1067751,Yahoo Finance automated fallback,https://query1.finance.yahoo.com/v8/finance/chart/ICICIBANK.NS?period1=1778238506&period2=1783336106&interval=30m&events=history&includePrePost=false,2026-07-06T11:08:26.544444+00:00
2026-05-29T03:45:00+00:00,2026-05-29T04:15:00+00:00,30,ICICIBANK,ICICIBANK.NS,1281.4000244140625,1287.699951171875,1275.800048828125,1276.699951171875,1355403,Yahoo Finance automated fallback,https://query1.finance.yahoo.com/v8/finance/chart/ICICIBANK.NS?period1=1778238506&period2=1783336106&interval=30m&events=history&includePrePost=false,2026-07-06T11:08:26.544444+00:00
2026-05-29T04:15:00+00:00,2026-05-29T04:45:00+00:00,30,ICICIBANK,ICICIBANK.NS,1276.699951171875,1280.0,1274.4000244140625,1280.0,894140,Yahoo Finance automated fallback,https://query1.finance.yahoo.com/v8/finance/chart/ICICIBANK.NS?period1=1778238506&period2=1783336106&interval=30m&events=history&includePrePost=false,2026-07-06T11:08:26.544444+00:00
2026-05-29T04:45:00+00:00,2026-05-29T05:15:00+00:00,30,ICICIBANK,ICICIBANK.NS,1280.0,1284.4000244140625,1278.699951171875,1279.9000244140625,1065656,Yahoo Finance automated fallback,https://query1.finance.yahoo.com/v8/finance/chart/ICICIBANK.NS?period1=1778238506&period2=1783336106&interval=30m&events=history&includePrePost=false,2026-07-06T11:08:26.544444+00:00
2026-05-29T05:15:00+00:00,2026-05-29T05:45:00+00:00,30,ICICIBANK,ICICIBANK.NS,1279.9000244140625,1281.0999755859375,1277.5,1280.300048828125,654760,Yahoo Finance automated fallback,https://query1.finance.yahoo.com/v8/finance/chart/ICICIBANK.NS?period1=1778238506&period2=1783336106&interval=30m&events=history&includePrePost=false,2026-07-06T11:08:26.544444+00:00
2026-05-29T05:45:00+00:00,2026-05-29T06:15:00+00:00,30,ICICIBANK,ICICIBANK.NS,1280.0,1283.5,1279.699951171875,1283.300048828125,778660,Yahoo Finance automated fallback,https://query1.finance.yahoo.com/v8/finance/chart/ICICIBANK.NS?period1=1778238506&period2=1783336106&interval=30m&events=history&includePrePost=false,2026-07-06T11:08:26.544444+00:00
2026-05-29T06:15:00+00:00,2026-05-29T06:45:00+00:00,30,ICICIBANK,ICICIBANK.NS,1283.0,1285.9000244140625,1280.300048828125,1281.0999755859375,533778,Yahoo Finance automated fallback,https://query1.finance.yahoo.com/v8/finance/chart/ICICIBANK.NS?period1=1778238506&period2=1783336106&interval=30m&events=history&includePrePost=false,2026-07-06T11:08:26.544444+00:00
2026-05-29T06:45:00+00:00,2026-05-29T07:15:00+00:00,30,ICICIBANK,ICICIBANK.NS,1281.0999755859375,1281.300048828125,1279.5999755859375,1280.0999755859375,399966,Yahoo Finance automated fallback,https://query1.finance.yahoo.com/v8/finance/chart/ICICIBANK.NS?period1=1778238506&period2=1783336106&interval=30m&events=history&includePrePost=false,2026-07-06T11:08:26.544444+00:00
2026-05-29T07:15:00+00:00,2026-05-29T07:45:00+00:00,30,ICICIBANK,ICICIBANK.NS,1280.0999755859375,1280.199951171875,1273.199951171875,1273.5999755859375,501550,Yahoo Finance automated fallback,https://query1.finance.yahoo.com/v8/finance/chart/ICICIBANK.NS?period1=1778238506&period2=1783336106&interval=30m&events=history&includePrePost=false,2026-07-06T11:08:26.544444+00:00
2026-05-29T07:45:00+00:00,2026-05-29T08:15:00+00:00,30,ICICIBANK,ICICIBANK.NS,1273.4000244140625,1277.199951171875,1272.4000244140625,1272.4000244140625,773787,Yahoo Finance automated fallback,https://query1.finance.yahoo.com/v8/finance/chart/ICICIBANK.NS?period1=1778238506&period2=1783336106&interval=30m&events=history&includePrePost=false,2026-07-06T11:08:26.544444+00:00
2026-05-29T08:15:00+00:00,2026-05-29T08:45:00+00:00,30,ICICIBANK,ICICIBANK.NS,1272.699951171875,1272.699951171875,1266.800048828125,1267.0999755859375,697391,Yahoo Finance automated fallback,https://query1.finance.yahoo.com/v8/finance/chart/ICICIBANK.NS?period1=1778238506&period2=1783336106&interval=30m&events=history&includePrePost=false,2026-07-06T11:08:26.544444+00:00
2026-05-29T08:45:00+00:00,2026-05-29T09:15:00+00:00,30,ICICIBANK,ICICIBANK.NS,1267.199951171875,1275.199951171875,1265.5999755859375,1269.699951171875,1137085,Yahoo Finance automated fallback,https://query1.finance.yahoo.com/v8/finance/chart/ICICIBANK.NS?period1=1778238506&period2=1783336106&interval=30m&events=history&includePrePost=false,2026-07-06T11:08:26.544444+00:00
2026-05-29T09:15:00+00:00,2026-05-29T09:45:00+00:00,30,ICICIBANK,ICICIBANK.NS,1269.699951171875,1273.199951171875,1251.199951171875,1255.4000244140625,12426964,Yahoo Finance automated fallback,https://query1.finance.yahoo.com/v8/finance/chart/ICICIBANK.NS?period1=1778238506&period2=1783336106&interval=30m&events=history&includePrePost=false,2026-07-06T11:08:26.544444+00:00
2026-05-29T09:45:00+00:00,2026-05-29T10:15:00+00:00,30,ICICIBANK,ICICIBANK.NS,1255.5,1261.0,1250.5,1259.0,8660991,Yahoo Finance automated fallback,https://query1.finance.yahoo.com/v8/finance/chart/ICICIBANK.NS?period1=1778238506&period2=1783336106&interval=30m&events=history&includePrePost=false,2026-07-06T11:08:26.544444+00:00
2026-06-01T03:45:00+00:00,2026-06-01T04:15:00+00:00,30,ICICIBANK,ICICIBANK.NS,1257.5999755859375,1261.800048828125,1251.300048828125,1257.699951171875,585764,Yahoo Finance automated fallback,https://query1.finance.yahoo.com/v8/finance/chart/ICICIBANK.NS?period1=1778238506&period2=1783336106&interval=30m&events=history&includePrePost=false,2026-07-06T11:08:26.544444+00:00
2026-06-01T04:15:00+00:00,2026-06-01T04:45:00+00:00,30,ICICIBANK,ICICIBANK.NS,1258.0999755859375,1259.5999755859375,1253.5,1254.5999755859375,402209,Yahoo Finance automated fallback,https://query1.finance.yahoo.com/v8/finance/chart/ICICIBANK.NS?period1=1778238506&period2=1783336106&interval=30m&events=history&includePrePost=false,2026-07-06T11:08:26.544444+00:00
2026-06-01T04:45:00+00:00,2026-06-01T05:15:00+00:00,30,ICICIBANK,ICICIBANK.NS,1254.5999755859375,1256.4000244140625,1251.0,1252.4000244140625,275473,Yahoo Finance automated fallback,https://query1.finance.yahoo.com/v8/finance/chart/ICICIBANK.NS?period1=1778238506&period2=1783336106&interval=30m&events=history&includePrePost=false,2026-07-06T11:08:26.544444+00:00
2026-06-01T05:15:00+00:00,2026-06-01T05:45:00+00:00,30,ICICIBANK,ICICIBANK.NS,1252.4000244140625,1254.9000244140625,1252.0,1253.9000244140625,433521,Yahoo Finance automated fallback,https://query1.finance.yahoo.com/v8/finance/chart/ICICIBANK.NS?period1=1778238506&period2=1783336106&interval=30m&events=history&includePrePost=false,2026-07-06T11:08:26.544444+00:00
2026-06-01T05:45:00+00:00,2026-06-01T06:15:00+00:00,30,ICICIBANK,ICICIBANK.NS,1253.9000244140625,1256.300048828125,1250.0999755859375,1251.199951171875,446001,Yahoo Finance automated fallback,https://query1.finance.yahoo.com/v8/finance/chart/ICICIBANK.NS?period1=1778238506&period2=1783336106&interval=30m&events=history&includePrePost=false,2026-07-06T11:08:26.544444+00:00
2026-06-01T06:15:00+00:00,2026-06-01T06:45:00+00:00,30,ICICIBANK,ICICIBANK.NS,1251.199951171875,1252.9000244140625,1247.4000244140625,1249.5999755859375,869000,Yahoo Finance automated fallback,https://query1.finance.yahoo.com/v8/finance/chart/ICICIBANK.NS?period1=1778238506&period2=1783336106&interval=30m&events=history&includePrePost=false,2026-07-06T11:08:26.544444+00:00
2026-06-01T06:45:00+00:00,2026-06-01T07:15:00+00:00,30,ICICIBANK,ICICIBANK.NS,1248.9000244140625,1248.9000244140625,1244.699951171875,1245.4000244140625,516887,Yahoo Finance automated fallback,https://query1.finance.yahoo.com/v8/finance/chart/ICICIBANK.NS?period1=1778238506&period2=1783336106&interval=30m&events=history&includePrePost=false,2026-07-06T11:08:26.544444+00:00
2026-06-01T07:15:00+00:00,2026-06-01T07:45:00+00:00,30,ICICIBANK,ICICIBANK.NS,1245.5999755859375,1245.9000244140625,1241.5,1241.9000244140625,444454,Yahoo Finance automated fallback,https://query1.finance.yahoo.com/v8/finance/chart/ICICIBANK.NS?period1=1778238506&period2=1783336106&interval=30m&events=history&includePrePost=false,2026-07-06T11:08:26.544444+00:00
2026-06-01T07:45:00+00:00,2026-06-01T08:15:00+00:00,30,ICICIBANK,ICICIBANK.NS,1242.0,1244.4000244140625,1241.9000244140625,1243.699951171875,444691,Yahoo Finance automated fallback,https://query1.finance.yahoo.com/v8/finance/chart/ICICIBANK.NS?period1=1778238506&period2=1783336106&interval=30m&events=history&includePrePost=false,2026-07-06T11:08:26.544444+00:00
2026-06-01T08:15:00+00:00,2026-06-01T08:45:00+00:00,30,ICICIBANK,ICICIBANK.NS,1243.699951171875,1243.699951171875,1237.800048828125,1238.699951171875,578136,Yahoo Finance automated fallback,https://query1.finance.yahoo.com/v8/finance/chart/ICICIBANK.NS?period1=1778238506&period2=1783336106&interval=30m&events=history&includePrePost=false,2026-07-06T11:08:26.544444+00:00
2026-06-01T08:45:00+00:00,2026-06-01T09:15:00+00:00,30,ICICIBANK,ICICIBANK.NS,1238.699951171875,1241.5,1237.5,1240.5,807137,Yahoo Finance automated fallback,https://query1.finance.yahoo.com/v8/finance/chart/ICICIBANK.NS?period1=1778238506&period2=1783336106&interval=30m&events=history&includePrePost=false,2026-07-06T11:08:26.544444+00:00
2026-06-01T09:15:00+00:00,2026-06-01T09:45:00+00:00,30,ICICIBANK,ICICIBANK.NS,1240.5,1242.4000244140625,1237.9000244140625,1238.9000244140625,2281099,Yahoo Finance automated fallback,https://query1.finance.yahoo.com/v8/finance/chart/ICICIBANK.NS?period1=1778238506&period2=1783336106&interval=30m&events=history&includePrePost=false,2026-07-06T11:08:26.544444+00:00
2026-06-01T09:45:00+00:00,2026-06-01T10:15:00+00:00,30,ICICIBANK,ICICIBANK.NS,1239.0,1239.699951171875,1236.199951171875,1239.699951171875,1364901,Yahoo Finance automated fallback,https://query1.finance.yahoo.com/v8/finance/chart/ICICIBANK.NS?period1=1778238506&period2=1783336106&interval=30m&events=history&includePrePost=false,2026-07-06T11:08:26.544444+00:00
2026-06-02T03:45:00+00:00,2026-06-02T04:15:00+00:00,30,ICICIBANK,ICICIBANK.NS,1235.0999755859375,1235.0999755859375,1228.199951171875,1231.0999755859375,784197,Yahoo Finance automated fallback,https://query1.finance.yahoo.com/v8/finance/chart/ICICIBANK.NS?period1=1778238506&period2=1783336106&interval=30m&events=history&includePrePost=false,2026-07-06T11:08:26.544444+00:00
2026-06-02T04:15:00+00:00,2026-06-02T04:45:00+00:00,30,ICICIBANK,ICICIBANK.NS,1231.0999755859375,1231.199951171875,1224.4000244140625,1224.9000244140625,911551,Yahoo Finance automated fallback,https://query1.finance.yahoo.com/v8/finance/chart/ICICIBANK.NS?period1=1778238506&period2=1783336106&interval=30m&events=history&includePrePost=false,2026-07-06T11:08:26.544444+00:00
2026-06-02T04:45:00+00:00,2026-06-02T05:15:00+00:00,30,ICICIBANK,ICICIBANK.NS,1224.9000244140625,1230.5,1224.0999755859375,1229.5,1277460,Yahoo Finance automated fallback,https://query1.finance.yahoo.com/v8/finance/chart/ICICIBANK.NS?period1=1778238506&period2=1783336106&interval=30m&events=history&includePrePost=false,2026-07-06T11:08:26.544444+00:00
2026-06-02T05:15:00+00:00,2026-06-02T05:45:00+00:00,30,ICICIBANK,ICICIBANK.NS,1229.5999755859375,1230.0999755859375,1226.0999755859375,1227.9000244140625,749196,Yahoo Finance automated fallback,https://query1.finance.yahoo.com/v8/finance/chart/ICICIBANK.NS?period1=1778238506&period2=1783336106&interval=30m&events=history&includePrePost=false,2026-07-06T11:08:26.544444+00:00
2026-06-02T05:45:00+00:00,2026-06-02T06:15:00+00:00,30,ICICIBANK,ICICIBANK.NS,1227.9000244140625,1230.0,1224.0,1224.0,781081,Yahoo Finance automated fallback,https://query1.finance.yahoo.com/v8/finance/chart/ICICIBANK.NS?period1=1778238506&period2=1783336106&interval=30m&events=history&includePrePost=false,2026-07-06T11:08:26.544444+00:00
2026-06-02T06:15:00+00:00,2026-06-02T06:45:00+00:00,30,ICICIBANK,ICICIBANK.NS,1224.0999755859375,1225.199951171875,1221.0,1223.9000244140625,1006660,Yahoo Finance automated fallback,https://query1.finance.yahoo.com/v8/finance/chart/ICICIBANK.NS?period1=1778238506&period2=1783336106&interval=30m&events=history&includePrePost=false,2026-07-06T11:08:26.544444+00:00
2026-06-02T06:45:00+00:00,2026-06-02T07:15:00+00:00,30,ICICIBANK,ICICIBANK.NS,1224.0,1228.300048828125,1221.5,1227.699951171875,1929598,Yahoo Finance automated fallback,https://query1.finance.yahoo.com/v8/finance/chart/ICICIBANK.NS?period1=1778238506&period2=1783336106&interval=30m&events=history&includePrePost=false,2026-07-06T11:08:26.544444+00:00
2026-06-02T07:15:00+00:00,2026-06-02T07:45:00+00:00,30,ICICIBANK,ICICIBANK.NS,1227.5999755859375,1237.5,1227.5999755859375,1235.300048828125,1727408,Yahoo Finance automated fallback,https://query1.finance.yahoo.com/v8/finance/chart/ICICIBANK.NS?period1=1778238506&period2=1783336106&interval=30m&events=history&includePrePost=false,2026-07-06T11:08:26.544444+00:00
2026-06-02T07:45:00+00:00,2026-06-02T08:15:00+00:00,30,ICICIBANK,ICICIBANK.NS,1235.5999755859375,1237.300048828125,1234.0,1234.9000244140625,698393,Yahoo Finance automated fallback,https://query1.finance.yahoo.com/v8/finance/chart/ICICIBANK.NS?period1=1778238506&period2=1783336106&interval=30m&events=history&includePrePost=false,2026-07-06T11:08:26.544444+00:00
2026-06-02T08:15:00+00:00,2026-06-02T08:45:00+00:00,30,ICICIBANK,ICICIBANK.NS,1234.9000244140625,1235.9000244140625,1233.300048828125,1233.5,557887,Yahoo Finance automated fallback,https://query1.finance.yahoo.com/v8/finance/chart/ICICIBANK.NS?period1=1778238506&period2=1783336106&interval=30m&events=history&includePrePost=false,2026-07-06T11:08:26.544444+00:00
2026-06-02T08:45:00+00:00,2026-06-02T09:15:00+00:00,30,ICICIBANK,ICICIBANK.NS,1233.5,1236.699951171875,1227.0999755859375,1227.4000244140625,2534803,Yahoo Finance automated fallback,https://query1.finance.yahoo.com/v8/finance/chart/ICICIBANK.NS?period1=1778238506&period2=1783336106&interval=30m&events=history&includePrePost=false,2026-07-06T11:08:26.544444+00:00
2026-06-02T09:15:00+00:00,2026-06-02T09:45:00+00:00,30,ICICIBANK,ICICIBANK.NS,1227.199951171875,1229.0,1223.699951171875,1227.0999755859375,3321005,Yahoo Finance automated fallback,https://query1.finance.yahoo.com/v8/finance/chart/ICICIBANK.NS?period1=1778238506&period2=1783336106&interval=30m&events=history&includePrePost=false,2026-07-06T11:08:26.544444+00:00
2026-06-02T09:45:00+00:00,2026-06-02T10:15:00+00:00,30,ICICIBANK,ICICIBANK.NS,1227.199951171875,1230.9000244140625,1227.0999755859375,1230.0999755859375,1028711,Yahoo Finance automated fallback,https://query1.finance.yahoo.com/v8/finance/chart/ICICIBANK.NS?period1=1778238506&period2=1783336106&interval=30m&events=history&includePrePost=false,2026-07-06T11:08:26.544444+00:00
2026-06-03T03:45:00+00:00,2026-06-03T04:15:00+00:00,30,ICICIBANK,ICICIBANK.NS,1225.699951171875,1226.4000244140625,1215.5,1218.199951171875,744281,Yahoo Finance automated fallback,https://query1.finance.yahoo.com/v8/finance/chart/ICICIBANK.NS?period1=1778238506&period2=1783336106&interval=30m&events=history&includePrePost=false,2026-07-06T11:08:26.544444+00:00
2026-06-03T04:15:00+00:00,2026-06-03T04:45:00+00:00,30,ICICIBANK,ICICIBANK.NS,1218.0999755859375,1219.300048828125,1213.9000244140625,1217.800048828125,753343,Yahoo Finance automated fallback,https://query1.finance.yahoo.com/v8/finance/chart/ICICIBANK.NS?period1=1778238506&period2=1783336106&interval=30m&events=history&includePrePost=false,2026-07-06T11:08:26.544444+00:00
2026-06-03T04:45:00+00:00,2026-06-03T05:15:00+00:00,30,ICICIBANK,ICICIBANK.NS,1217.9000244140625,1221.4000244140625,1217.800048828125,1220.0,617165,Yahoo Finance automated fallback,https://query1.finance.yahoo.com/v8/finance/chart/ICICIBANK.NS?period1=1778238506&period2=1783336106&interval=30m&events=history&includePrePost=false,2026-07-06T11:08:26.544444+00:00
2026-06-03T05:15:00+00:00,2026-06-03T05:45:00+00:00,30,ICICIBANK,ICICIBANK.NS,1219.9000244140625,1223.199951171875,1219.5999755859375,1220.9000244140625,646530,Yahoo Finance automated fallback,https://query1.finance.yahoo.com/v8/finance/chart/ICICIBANK.NS?period1=1778238506&period2=1783336106&interval=30m&events=history&includePrePost=false,2026-07-06T11:08:26.544444+00:00
2026-06-03T05:45:00+00:00,2026-06-03T06:15:00+00:00,30,ICICIBANK,ICICIBANK.NS,1220.699951171875,1223.4000244140625,1218.800048828125,1219.300048828125,1041047,Yahoo Finance automated fallback,https://query1.finance.yahoo.com/v8/finance/chart/ICICIBANK.NS?period1=1778238506&period2=1783336106&interval=30m&events=history&includePrePost=false,2026-07-06T11:08:26.544444+00:00
2026-06-03T06:15:00+00:00,2026-06-03T06:45:00+00:00,30,ICICIBANK,ICICIBANK.NS,1219.300048828125,1222.300048828125,1219.0,1220.0999755859375,822336,Yahoo Finance automated fallback,https://query1.finance.yahoo.com/v8/finance/chart/ICICIBANK.NS?period1=1778238506&period2=1783336106&interval=30m&events=history&includePrePost=false,2026-07-06T11:08:26.544444+00:00
2026-06-03T06:45:00+00:00,2026-06-03T07:15:00+00:00,30,ICICIBANK,ICICIBANK.NS,1220.0999755859375,1235.9000244140625,1219.5,1233.4000244140625,1803558,Yahoo Finance automated fallback,https://query1.finance.yahoo.com/v8/finance/chart/ICICIBANK.NS?period1=1778238506&period2=1783336106&interval=30m&events=history&includePrePost=false,2026-07-06T11:08:26.544444+00:00
2026-06-03T07:15:00+00:00,2026-06-03T07:45:00+00:00,30,ICICIBANK,ICICIBANK.NS,1233.5999755859375,1235.699951171875,1230.800048828125,1235.5999755859375,896677,Yahoo Finance automated fallback,https://query1.finance.yahoo.com/v8/finance/chart/ICICIBANK.NS?period1=1778238506&period2=1783336106&interval=30m&events=history&includePrePost=false,2026-07-06T11:08:26.544444+00:00
2026-06-03T07:45:00+00:00,2026-06-03T08:15:00+00:00,30,ICICIBANK,ICICIBANK.NS,1235.4000244140625,1243.4000244140625,1235.4000244140625,1238.0,1121204,Yahoo Finance automated fallback,https://query1.finance.yahoo.com/v8/finance/chart/ICICIBANK.NS?period1=1778238506&period2=1783336106&interval=30m&events=history&includePrePost=false,2026-07-06T11:08:26.544444+00:00
2026-06-03T08:15:00+00:00,2026-06-03T08:45:00+00:00,30,ICICIBANK,ICICIBANK.NS,1238.199951171875,1247.0999755859375,1237.800048828125,1245.5,671494,Yahoo Finance automated fallback,https://query1.finance.yahoo.com/v8/finance/chart/ICICIBANK.NS?period1=1778238506&period2=1783336106&interval=30m&events=history&includePrePost=false,2026-07-06T11:08:26.544444+00:00
2026-06-03T08:45:00+00:00,2026-06-03T09:15:00+00:00,30,ICICIBANK,ICICIBANK.NS,1245.5,1246.5,1242.0,1243.4000244140625,896757,Yahoo Finance automated fallback,https://query1.finance.yahoo.com/v8/finance/chart/ICICIBANK.NS?period1=1778238506&period2=1783336106&interval=30m&events=history&includePrePost=false,2026-07-06T11:08:26.544444+00:00
2026-06-03T09:15:00+00:00,2026-06-03T09:45:00+00:00,30,ICICIBANK,ICICIBANK.NS,1243.300048828125,1248.300048828125,1238.5999755859375,1241.300048828125,2241353,Yahoo Finance automated fallback,https://query1.finance.yahoo.com/v8/finance/chart/ICICIBANK.NS?period1=1778238506&period2=1783336106&interval=30m&events=history&includePrePost=false,2026-07-06T11:08:26.544444+00:00
2026-06-03T09:45:00+00:00,2026-06-03T10:15:00+00:00,30,ICICIBANK,ICICIBANK.NS,1241.300048828125,1244.0,1240.0,1243.4000244140625,935020,Yahoo Finance automated fallback,https://query1.finance.yahoo.com/v8/finance/chart/ICICIBANK.NS?period1=1778238506&period2=1783336106&interval=30m&events=history&includePrePost=false,2026-07-06T11:08:26.544444+00:00
2026-06-04T03:45:00+00:00,2026-06-04T04:15:00+00:00,30,ICICIBANK,ICICIBANK.NS,1235.9000244140625,1243.5,1235.9000244140625,1243.0,999856,Yahoo Finance automated fallback,https://query1.finance.yahoo.com/v8/finance/chart/ICICIBANK.NS?period1=1778238506&period2=1783336106&interval=30m&events=history&includePrePost=false,2026-07-06T11:08:26.544444+00:00
2026-06-04T04:15:00+00:00,2026-06-04T04:45:00+00:00,30,ICICIBANK,ICICIBANK.NS,1243.0999755859375,1252.199951171875,1243.0,1246.0999755859375,1015468,Yahoo Finance automated fallback,https://query1.finance.yahoo.com/v8/finance/chart/ICICIBANK.NS?period1=1778238506&period2=1783336106&interval=30m&events=history&includePrePost=false,2026-07-06T11:08:26.544444+00:00
2026-06-04T04:45:00+00:00,2026-06-04T05:15:00+00:00,30,ICICIBANK,ICICIBANK.NS,1246.300048828125,1251.5999755859375,1244.300048828125,1251.300048828125,623749,Yahoo Finance automated fallback,https://query1.finance.yahoo.com/v8/finance/chart/ICICIBANK.NS?period1=1778238506&period2=1783336106&interval=30m&events=history&includePrePost=false,2026-07-06T11:08:26.544444+00:00
2026-06-04T05:15:00+00:00,2026-06-04T05:45:00+00:00,30,ICICIBANK,ICICIBANK.NS,1251.4000244140625,1255.5999755859375,1248.4000244140625,1252.0,1112177,Yahoo Finance automated fallback,https://query1.finance.yahoo.com/v8/finance/chart/ICICIBANK.NS?period1=1778238506&period2=1783336106&interval=30m&events=history&includePrePost=false,2026-07-06T11:08:26.544444+00:00
2026-06-04T05:45:00+00:00,2026-06-04T06:15:00+00:00,30,ICICIBANK,ICICIBANK.NS,1252.0,1258.4000244140625,1249.0,1256.5999755859375,639403,Yahoo Finance automated fallback,https://query1.finance.yahoo.com/v8/finance/chart/ICICIBANK.NS?period1=1778238506&period2=1783336106&interval=30m&events=history&includePrePost=false,2026-07-06T11:08:26.544444+00:00
2026-06-04T06:15:00+00:00,2026-06-04T06:45:00+00:00,30,ICICIBANK,ICICIBANK.NS,1256.5999755859375,1260.800048828125,1251.800048828125,1257.0,2656578,Yahoo Finance automated fallback,https://query1.finance.yahoo.com/v8/finance/chart/ICICIBANK.NS?period1=1778238506&period2=1783336106&interval=30m&events=history&includePrePost=false,2026-07-06T11:08:26.544444+00:00
2026-06-04T06:45:00+00:00,2026-06-04T07:15:00+00:00,30,ICICIBANK,ICICIBANK.NS,1257.0999755859375,1258.699951171875,1250.699951171875,1252.199951171875,1071181,Yahoo Finance automated fallback,https://query1.finance.yahoo.com/v8/finance/chart/ICICIBANK.NS?period1=1778238506&period2=1783336106&interval=30m&events=history&includePrePost=false,2026-07-06T11:08:26.544444+00:00
2026-06-04T07:15:00+00:00,2026-06-04T07:45:00+00:00,30,ICICIBANK,ICICIBANK.NS,1252.5999755859375,1254.9000244140625,1248.4000244140625,1248.800048828125,949963,Yahoo Finance automated fallback,https://query1.finance.yahoo.com/v8/finance/chart/ICICIBANK.NS?period1=1778238506&period2=1783336106&interval=30m&events=history&includePrePost=false,2026-07-06T11:08:26.544444+00:00
2026-06-04T07:45:00+00:00,2026-06-04T08:15:00+00:00,30,ICICIBANK,ICICIBANK.NS,1248.699951171875,1251.4000244140625,1247.199951171875,1250.800048828125,1512649,Yahoo Finance automated fallback,https://query1.finance.yahoo.com/v8/finance/chart/ICICIBANK.NS?period1=1778238506&period2=1783336106&interval=30m&events=history&includePrePost=false,2026-07-06T11:08:26.544444+00:00
2026-06-04T08:15:00+00:00,2026-06-04T08:45:00+00:00,30,ICICIBANK,ICICIBANK.NS,1250.9000244140625,1259.800048828125,1249.199951171875,1259.199951171875,1578201,Yahoo Finance automated fallback,https://query1.finance.yahoo.com/v8/finance/chart/ICICIBANK.NS?period1=1778238506&period2=1783336106&interval=30m&events=history&includePrePost=false,2026-07-06T11:08:26.544444+00:00
2026-06-04T08:45:00+00:00,2026-06-04T09:15:00+00:00,30,ICICIBANK,ICICIBANK.NS,1259.0999755859375,1262.199951171875,1259.0999755859375,1260.5999755859375,1395992,Yahoo Finance automated fallback,https://query1.finance.yahoo.com/v8/finance/chart/ICICIBANK.NS?period1=1778238506&period2=1783336106&interval=30m&events=history&includePrePost=false,2026-07-06T11:08:26.544444+00:00
2026-06-04T09:15:00+00:00,2026-06-04T09:45:00+00:00,30,ICICIBANK,ICICIBANK.NS,1260.9000244140625,1261.800048828125,1250.0,1250.800048828125,3393776,Yahoo Finance automated fallback,https://query1.finance.yahoo.com/v8/finance/chart/ICICIBANK.NS?period1=1778238506&period2=1783336106&interval=30m&events=history&includePrePost=false,2026-07-06T11:08:26.544444+00:00
2026-06-04T09:45:00+00:00,2026-06-04T10:15:00+00:00,30,ICICIBANK,ICICIBANK.NS,1251.300048828125,1253.5,1250.0999755859375,1253.0,1411462,Yahoo Finance automated fallback,https://query1.finance.yahoo.com/v8/finance/chart/ICICIBANK.NS?period1=1778238506&period2=1783336106&interval=30m&events=history&includePrePost=false,2026-07-06T11:08:26.544444+00:00
2026-06-05T03:45:00+00:00,2026-06-05T04:15:00+00:00,30,ICICIBANK,ICICIBANK.NS,1258.0,1263.0,1254.800048828125,1256.199951171875,374778,Yahoo Finance automated fallback,https://query1.finance.yahoo.com/v8/finance/chart/ICICIBANK.NS?period1=1778238506&period2=1783336106&interval=30m&events=history&includePrePost=false,2026-07-06T11:08:26.544444+00:00
2026-06-05T04:15:00+00:00,2026-06-05T04:45:00+00:00,30,ICICIBANK,ICICIBANK.NS,1256.4000244140625,1260.0,1254.5999755859375,1256.9000244140625,756760,Yahoo Finance automated fallback,https://query1.finance.yahoo.com/v8/finance/chart/ICICIBANK.NS?period1=1778238506&period2=1783336106&interval=30m&events=history&includePrePost=false,2026-07-06T11:08:26.544444+00:00
2026-06-05T04:45:00+00:00,2026-06-05T05:15:00+00:00,30,ICICIBANK,ICICIBANK.NS,1256.9000244140625,1260.0,1250.300048828125,1252.0,678775,Yahoo Finance automated fallback,https://query1.finance.yahoo.com/v8/finance/chart/ICICIBANK.NS?period1=1778238506&period2=1783336106&interval=30m&events=history&includePrePost=false,2026-07-06T11:08:26.544444+00:00
2026-06-05T05:15:00+00:00,2026-06-05T05:45:00+00:00,30,ICICIBANK,ICICIBANK.NS,1251.4000244140625,1261.5,1250.4000244140625,1258.0999755859375,928190,Yahoo Finance automated fallback,https://query1.finance.yahoo.com/v8/finance/chart/ICICIBANK.NS?period1=1778238506&period2=1783336106&interval=30m&events=history&includePrePost=false,2026-07-06T11:08:26.544444+00:00
2026-06-05T05:45:00+00:00,2026-06-05T06:15:00+00:00,30,ICICIBANK,ICICIBANK.NS,1258.0,1259.199951171875,1252.800048828125,1258.0,1330259,Yahoo Finance automated fallback,https://query1.finance.yahoo.com/v8/finance/chart/ICICIBANK.NS?period1=1778238506&period2=1783336106&interval=30m&events=history&includePrePost=false,2026-07-06T11:08:26.544444+00:00
2026-06-05T06:15:00+00:00,2026-06-05T06:45:00+00:00,30,ICICIBANK,ICICIBANK.NS,1258.0999755859375,1262.0,1256.5999755859375,1261.699951171875,852754,Yahoo Finance automated fallback,https://query1.finance.yahoo.com/v8/finance/chart/ICICIBANK.NS?period1=1778238506&period2=1783336106&interval=30m&events=history&includePrePost=false,2026-07-06T11:08:26.544444+00:00
2026-06-05T06:45:00+00:00,2026-06-05T07:15:00+00:00,30,ICICIBANK,ICICIBANK.NS,1261.9000244140625,1265.0,1258.0999755859375,1259.9000244140625,539550,Yahoo Finance automated fallback,https://query1.finance.yahoo.com/v8/finance/chart/ICICIBANK.NS?period1=1778238506&period2=1783336106&interval=30m&events=history&includePrePost=false,2026-07-06T11:08:26.544444+00:00
2026-06-05T07:15:00+00:00,2026-06-05T07:45:00+00:00,30,ICICIBANK,ICICIBANK.NS,1259.9000244140625,1261.9000244140625,1258.5,1260.0,437796,Yahoo Finance automated fallback,https://query1.finance.yahoo.com/v8/finance/chart/ICICIBANK.NS?period1=1778238506&period2=1783336106&interval=30m&events=history&includePrePost=false,2026-07-06T11:08:26.544444+00:00
2026-06-05T07:45:00+00:00,2026-06-05T08:15:00+00:00,30,ICICIBANK,ICICIBANK.NS,1260.0,1261.800048828125,1256.9000244140625,1258.0999755859375,611317,Yahoo Finance automated fallback,https://query1.finance.yahoo.com/v8/finance/chart/ICICIBANK.NS?period1=1778238506&period2=1783336106&interval=30m&events=history&includePrePost=false,2026-07-06T11:08:26.544444+00:00
2026-06-05T08:15:00+00:00,2026-06-05T08:45:00+00:00,30,ICICIBANK,ICICIBANK.NS,1258.199951171875,1262.0,1257.0999755859375,1259.5,419915,Yahoo Finance automated fallback,https://query1.finance.yahoo.com/v8/finance/chart/ICICIBANK.NS?period1=1778238506&period2=1783336106&interval=30m&events=history&includePrePost=false,2026-07-06T11:08:26.544444+00:00
2026-06-05T08:45:00+00:00,2026-06-05T09:15:00+00:00,30,ICICIBANK,ICICIBANK.NS,1259.5999755859375,1263.199951171875,1256.0999755859375,1262.300048828125,663913,Yahoo Finance automated fallback,https://query1.finance.yahoo.com/v8/finance/chart/ICICIBANK.NS?period1=1778238506&period2=1783336106&interval=30m&events=history&includePrePost=false,2026-07-06T11:08:26.544444+00:00
2026-06-05T09:15:00+00:00,2026-06-05T09:45:00+00:00,30,ICICIBANK,ICICIBANK.NS,1262.5,1263.9000244140625,1258.300048828125,1262.4000244140625,1362837,Yahoo Finance automated fallback,https://query1.finance.yahoo.com/v8/finance/chart/ICICIBANK.NS?period1=1778238506&period2=1783336106&interval=30m&events=history&includePrePost=false,2026-07-06T11:08:26.544444+00:00
2026-06-05T09:45:00+00:00,2026-06-05T10:15:00+00:00,30,ICICIBANK,ICICIBANK.NS,1262.5,1263.699951171875,1260.0999755859375,1260.300048828125,932349,Yahoo Finance automated fallback,https://query1.finance.yahoo.com/v8/finance/chart/ICICIBANK.NS?period1=1778238506&period2=1783336106&interval=30m&events=history&includePrePost=false,2026-07-06T11:08:26.544444+00:00
2026-06-08T03:45:00+00:00,2026-06-08T04:15:00+00:00,30,ICICIBANK,ICICIBANK.NS,1247.4000244140625,1253.4000244140625,1246.5,1248.800048828125,777541,Yahoo Finance automated fallback,https://query1.finance.yahoo.com/v8/finance/chart/ICICIBANK.NS?period1=1778238506&period2=1783336106&interval=30m&events=history&includePrePost=false,2026-07-06T11:08:26.544444+00:00
2026-06-08T04:15:00+00:00,2026-06-08T04:45:00+00:00,30,ICICIBANK,ICICIBANK.NS,1249.0,1249.4000244140625,1243.300048828125,1243.9000244140625,601521,Yahoo Finance automated fallback,https://query1.finance.yahoo.com/v8/finance/chart/ICICIBANK.NS?period1=1778238506&period2=1783336106&interval=30m&events=history&includePrePost=false,2026-07-06T11:08:26.544444+00:00
2026-06-08T04:45:00+00:00,2026-06-08T05:15:00+00:00,30,ICICIBANK,ICICIBANK.NS,1244.0,1250.5999755859375,1243.0999755859375,1249.0999755859375,731452,Yahoo Finance automated fallback,https://query1.finance.yahoo.com/v8/finance/chart/ICICIBANK.NS?period1=1778238506&period2=1783336106&interval=30m&events=history&includePrePost=false,2026-07-06T11:08:26.544444+00:00
2026-06-08T05:15:00+00:00,2026-06-08T05:45:00+00:00,30,ICICIBANK,ICICIBANK.NS,1248.9000244140625,1251.699951171875,1247.5999755859375,1248.300048828125,694147,Yahoo Finance automated fallback,https://query1.finance.yahoo.com/v8/finance/chart/ICICIBANK.NS?period1=1778238506&period2=1783336106&interval=30m&events=history&includePrePost=false,2026-07-06T11:08:26.544444+00:00
2026-06-08T05:45:00+00:00,2026-06-08T06:15:00+00:00,30,ICICIBANK,ICICIBANK.NS,1248.300048828125,1249.0,1245.5999755859375,1248.199951171875,477096,Yahoo Finance automated fallback,https://query1.finance.yahoo.com/v8/finance/chart/ICICIBANK.NS?period1=1778238506&period2=1783336106&interval=30m&events=history&includePrePost=false,2026-07-06T11:08:26.544444+00:00
2026-06-08T06:15:00+00:00,2026-06-08T06:45:00+00:00,30,ICICIBANK,ICICIBANK.NS,1248.199951171875,1252.5999755859375,1246.9000244140625,1251.199951171875,903648,Yahoo Finance automated fallback,https://query1.finance.yahoo.com/v8/finance/chart/ICICIBANK.NS?period1=1778238506&period2=1783336106&interval=30m&events=history&includePrePost=false,2026-07-06T11:08:26.544444+00:00
2026-06-08T06:45:00+00:00,2026-06-08T07:15:00+00:00,30,ICICIBANK,ICICIBANK.NS,1251.199951171875,1253.300048828125,1250.199951171875,1252.199951171875,600775,Yahoo Finance automated fallback,https://query1.finance.yahoo.com/v8/finance/chart/ICICIBANK.NS?period1=1778238506&period2=1783336106&interval=30m&events=history&includePrePost=false,2026-07-06T11:08:26.544444+00:00
2026-06-08T07:15:00+00:00,2026-06-08T07:45:00+00:00,30,ICICIBANK,ICICIBANK.NS,1252.199951171875,1254.0,1249.9000244140625,1250.699951171875,650517,Yahoo Finance automated fallback,https://query1.finance.yahoo.com/v8/finance/chart/ICICIBANK.NS?period1=1778238506&period2=1783336106&interval=30m&events=history&includePrePost=false,2026-07-06T11:08:26.544444+00:00
2026-06-08T07:45:00+00:00,2026-06-08T08:15:00+00:00,30,ICICIBANK,ICICIBANK.NS,1250.5999755859375,1253.4000244140625,1250.0,1250.9000244140625,556305,Yahoo Finance automated fallback,https://query1.finance.yahoo.com/v8/finance/chart/ICICIBANK.NS?period1=1778238506&period2=1783336106&interval=30m&events=history&includePrePost=false,2026-07-06T11:08:26.544444+00:00
2026-06-08T08:15:00+00:00,2026-06-08T08:45:00+00:00,30,ICICIBANK,ICICIBANK.NS,1250.800048828125,1253.199951171875,1249.5,1251.300048828125,764975,Yahoo Finance automated fallback,https://query1.finance.yahoo.com/v8/finance/chart/ICICIBANK.NS?period1=1778238506&period2=1783336106&interval=30m&events=history&includePrePost=false,2026-07-06T11:08:26.544444+00:00
2026-06-08T08:45:00+00:00,2026-06-08T09:15:00+00:00,30,ICICIBANK,ICICIBANK.NS,1251.199951171875,1253.300048828125,1249.199951171875,1251.800048828125,697909,Yahoo Finance automated fallback,https://query1.finance.yahoo.com/v8/finance/chart/ICICIBANK.NS?period1=1778238506&period2=1783336106&interval=30m&events=history&includePrePost=false,2026-07-06T11:08:26.544444+00:00
2026-06-08T09:15:00+00:00,2026-06-08T09:45:00+00:00,30,ICICIBANK,ICICIBANK.NS,1251.699951171875,1253.0,1248.0999755859375,1249.9000244140625,1661120,Yahoo Finance automated fallback,https://query1.finance.yahoo.com/v8/finance/chart/ICICIBANK.NS?period1=1778238506&period2=1783336106&interval=30m&events=history&includePrePost=false,2026-07-06T11:08:26.544444+00:00
2026-06-08T09:45:00+00:00,2026-06-08T10:15:00+00:00,30,ICICIBANK,ICICIBANK.NS,1249.800048828125,1250.9000244140625,1248.5,1249.9000244140625,973204,Yahoo Finance automated fallback,https://query1.finance.yahoo.com/v8/finance/chart/ICICIBANK.NS?period1=1778238506&period2=1783336106&interval=30m&events=history&includePrePost=false,2026-07-06T11:08:26.544444+00:00
2026-06-09T03:45:00+00:00,2026-06-09T04:15:00+00:00,30,ICICIBANK,ICICIBANK.NS,1254.300048828125,1273.4000244140625,1254.300048828125,1269.300048828125,1247948,Yahoo Finance automated fallback,https://query1.finance.yahoo.com/v8/finance/chart/ICICIBANK.NS?period1=1778238506&period2=1783336106&interval=30m&events=history&includePrePost=false,2026-07-06T11:08:26.544444+00:00
2026-06-09T04:15:00+00:00,2026-06-09T04:45:00+00:00,30,ICICIBANK,ICICIBANK.NS,1269.199951171875,1269.9000244140625,1265.699951171875,1267.5999755859375,1026386,Yahoo Finance automated fallback,https://query1.finance.yahoo.com/v8/finance/chart/ICICIBANK.NS?period1=1778238506&period2=1783336106&interval=30m&events=history&includePrePost=false,2026-07-06T11:08:26.544444+00:00
2026-06-09T04:45:00+00:00,2026-06-09T05:15:00+00:00,30,ICICIBANK,ICICIBANK.NS,1267.4000244140625,1269.800048828125,1267.0,1269.0999755859375,699581,Yahoo Finance automated fallback,https://query1.finance.yahoo.com/v8/finance/chart/ICICIBANK.NS?period1=1778238506&period2=1783336106&interval=30m&events=history&includePrePost=false,2026-07-06T11:08:26.544444+00:00
2026-06-09T05:15:00+00:00,2026-06-09T05:45:00+00:00,30,ICICIBANK,ICICIBANK.NS,1269.0999755859375,1269.300048828125,1259.0999755859375,1259.699951171875,934435,Yahoo Finance automated fallback,https://query1.finance.yahoo.com/v8/finance/chart/ICICIBANK.NS?period1=1778238506&period2=1783336106&interval=30m&events=history&includePrePost=false,2026-07-06T11:08:26.544444+00:00
2026-06-09T05:45:00+00:00,2026-06-09T06:15:00+00:00,30,ICICIBANK,ICICIBANK.NS,1259.699951171875,1263.9000244140625,1257.9000244140625,1262.300048828125,1232573,Yahoo Finance automated fallback,https://query1.finance.yahoo.com/v8/finance/chart/ICICIBANK.NS?period1=1778238506&period2=1783336106&interval=30m&events=history&includePrePost=false,2026-07-06T11:08:26.544444+00:00
2026-06-09T06:15:00+00:00,2026-06-09T06:45:00+00:00,30,ICICIBANK,ICICIBANK.NS,1262.0999755859375,1268.699951171875,1261.699951171875,1267.5999755859375,1520465,Yahoo Finance automated fallback,https://query1.finance.yahoo.com/v8/finance/chart/ICICIBANK.NS?period1=1778238506&period2=1783336106&interval=30m&events=history&includePrePost=false,2026-07-06T11:08:26.544444+00:00
2026-06-09T06:45:00+00:00,2026-06-09T07:15:00+00:00,30,ICICIBANK,ICICIBANK.NS,1267.5999755859375,1275.4000244140625,1267.0999755859375,1270.9000244140625,1294704,Yahoo Finance automated fallback,https://query1.finance.yahoo.com/v8/finance/chart/ICICIBANK.NS?period1=1778238506&period2=1783336106&interval=30m&events=history&includePrePost=false,2026-07-06T11:08:26.544444+00:00
2026-06-09T07:15:00+00:00,2026-06-09T07:45:00+00:00,30,ICICIBANK,ICICIBANK.NS,1270.9000244140625,1277.4000244140625,1270.0,1273.5,2184588,Yahoo Finance automated fallback,https://query1.finance.yahoo.com/v8/finance/chart/ICICIBANK.NS?period1=1778238506&period2=1783336106&interval=30m&events=history&includePrePost=false,2026-07-06T11:08:26.544444+00:00
2026-06-09T07:45:00+00:00,2026-06-09T08:15:00+00:00,30,ICICIBANK,ICICIBANK.NS,1273.5,1276.300048828125,1271.300048828125,1273.9000244140625,2015632,Yahoo Finance automated fallback,https://query1.finance.yahoo.com/v8/finance/chart/ICICIBANK.NS?period1=1778238506&period2=1783336106&interval=30m&events=history&includePrePost=false,2026-07-06T11:08:26.544444+00:00
2026-06-09T08:15:00+00:00,2026-06-09T08:45:00+00:00,30,ICICIBANK,ICICIBANK.NS,1273.9000244140625,1276.9000244140625,1272.0,1275.0,1227655,Yahoo Finance automated fallback,https://query1.finance.yahoo.com/v8/finance/chart/ICICIBANK.NS?period1=1778238506&period2=1783336106&interval=30m&events=history&includePrePost=false,2026-07-06T11:08:26.544444+00:00
2026-06-09T08:45:00+00:00,2026-06-09T09:15:00+00:00,30,ICICIBANK,ICICIBANK.NS,1275.0999755859375,1279.5,1271.300048828125,1278.5,1900784,Yahoo Finance automated fallback,https://query1.finance.yahoo.com/v8/finance/chart/ICICIBANK.NS?period1=1778238506&period2=1783336106&interval=30m&events=history&includePrePost=false,2026-07-06T11:08:26.544444+00:00
2026-06-09T09:15:00+00:00,2026-06-09T09:45:00+00:00,30,ICICIBANK,ICICIBANK.NS,1278.5,1279.800048828125,1272.5,1275.5,5055913,Yahoo Finance automated fallback,https://query1.finance.yahoo.com/v8/finance/chart/ICICIBANK.NS?period1=1778238506&period2=1783336106&interval=30m&events=history&includePrePost=false,2026-07-06T11:08:26.544444+00:00
2026-06-09T09:45:00+00:00,2026-06-09T10:15:00+00:00,30,ICICIBANK,ICICIBANK.NS,1275.4000244140625,1276.199951171875,1272.0,1273.800048828125,1201922,Yahoo Finance automated fallback,https://query1.finance.yahoo.com/v8/finance/chart/ICICIBANK.NS?period1=1778238506&period2=1783336106&interval=30m&events=history&includePrePost=false,2026-07-06T11:08:26.544444+00:00
2026-06-10T03:45:00+00:00,2026-06-10T04:15:00+00:00,30,ICICIBANK,ICICIBANK.NS,1273.800048828125,1288.5,1272.5,1287.5999755859375,2378157,Yahoo Finance automated fallback,https://query1.finance.yahoo.com/v8/finance/chart/ICICIBANK.NS?period1=1778238506&period2=1783336106&interval=30m&events=history&includePrePost=false,2026-07-06T11:08:26.544444+00:00
2026-06-10T04:15:00+00:00,2026-06-10T04:45:00+00:00,30,ICICIBANK,ICICIBANK.NS,1287.5999755859375,1290.9000244140625,1283.300048828125,1286.0,1916066,Yahoo Finance automated fallback,https://query1.finance.yahoo.com/v8/finance/chart/ICICIBANK.NS?period1=1778238506&period2=1783336106&interval=30m&events=history&includePrePost=false,2026-07-06T11:08:26.544444+00:00
2026-06-10T04:45:00+00:00,2026-06-10T05:15:00+00:00,30,ICICIBANK,ICICIBANK.NS,1286.0999755859375,1293.0,1284.4000244140625,1291.800048828125,1605667,Yahoo Finance automated fallback,https://query1.finance.yahoo.com/v8/finance/chart/ICICIBANK.NS?period1=1778238506&period2=1783336106&interval=30m&events=history&includePrePost=false,2026-07-06T11:08:26.544444+00:00
2026-06-10T05:15:00+00:00,2026-06-10T05:45:00+00:00,30,ICICIBANK,ICICIBANK.NS,1291.800048828125,1300.800048828125,1291.800048828125,1298.5999755859375,2912785,Yahoo Finance automated fallback,https://query1.finance.yahoo.com/v8/finance/chart/ICICIBANK.NS?period1=1778238506&period2=1783336106&interval=30m&events=history&includePrePost=false,2026-07-06T11:08:26.544444+00:00
2026-06-10T05:45:00+00:00,2026-06-10T06:15:00+00:00,30,ICICIBANK,ICICIBANK.NS,1298.5,1305.699951171875,1298.5,1305.0,2674386,Yahoo Finance automated fallback,https://query1.finance.yahoo.com/v8/finance/chart/ICICIBANK.NS?period1=1778238506&period2=1783336106&interval=30m&events=history&includePrePost=false,2026-07-06T11:08:26.544444+00:00
2026-06-10T06:15:00+00:00,2026-06-10T06:45:00+00:00,30,ICICIBANK,ICICIBANK.NS,1305.4000244140625,1305.5,1300.5,1302.9000244140625,1367838,Yahoo Finance automated fallback,https://query1.finance.yahoo.com/v8/finance/chart/ICICIBANK.NS?period1=1778238506&period2=1783336106&interval=30m&events=history&includePrePost=false,2026-07-06T11:08:26.544444+00:00
2026-06-10T06:45:00+00:00,2026-06-10T07:15:00+00:00,30,ICICIBANK,ICICIBANK.NS,1302.9000244140625,1305.9000244140625,1298.4000244140625,1298.9000244140625,1593473,Yahoo Finance automated fallback,https://query1.finance.yahoo.com/v8/finance/chart/ICICIBANK.NS?period1=1778238506&period2=1783336106&interval=30m&events=history&includePrePost=false,2026-07-06T11:08:26.544444+00:00
2026-06-10T07:15:00+00:00,2026-06-10T07:45:00+00:00,30,ICICIBANK,ICICIBANK.NS,1298.5999755859375,1301.699951171875,1297.199951171875,1298.9000244140625,1167574,Yahoo Finance automated fallback,https://query1.finance.yahoo.com/v8/finance/chart/ICICIBANK.NS?period1=1778238506&period2=1783336106&interval=30m&events=history&includePrePost=false,2026-07-06T11:08:26.544444+00:00
2026-06-10T07:45:00+00:00,2026-06-10T08:15:00+00:00,30,ICICIBANK,ICICIBANK.NS,1299.0999755859375,1301.300048828125,1295.800048828125,1298.800048828125,2388109,Yahoo Finance automated fallback,https://query1.finance.yahoo.com/v8/finance/chart/ICICIBANK.NS?period1=1778238506&period2=1783336106&interval=30m&events=history&includePrePost=false,2026-07-06T11:08:26.544444+00:00
2026-06-10T08:15:00+00:00,2026-06-10T08:45:00+00:00,30,ICICIBANK,ICICIBANK.NS,1298.800048828125,1300.300048828125,1294.300048828125,1295.9000244140625,1328686,Yahoo Finance automated fallback,https://query1.finance.yahoo.com/v8/finance/chart/ICICIBANK.NS?period1=1778238506&period2=1783336106&interval=30m&events=history&includePrePost=false,2026-07-06T11:08:26.544444+00:00
2026-06-10T08:45:00+00:00,2026-06-10T09:15:00+00:00,30,ICICIBANK,ICICIBANK.NS,1295.9000244140625,1298.300048828125,1295.199951171875,1296.5999755859375,1248589,Yahoo Finance automated fallback,https://query1.finance.yahoo.com/v8/finance/chart/ICICIBANK.NS?period1=1778238506&period2=1783336106&interval=30m&events=history&includePrePost=false,2026-07-06T11:08:26.544444+00:00
2026-06-10T09:15:00+00:00,2026-06-10T09:45:00+00:00,30,ICICIBANK,ICICIBANK.NS,1296.800048828125,1297.5999755859375,1291.699951171875,1292.199951171875,2519421,Yahoo Finance automated fallback,https://query1.finance.yahoo.com/v8/finance/chart/ICICIBANK.NS?period1=1778238506&period2=1783336106&interval=30m&events=history&includePrePost=false,2026-07-06T11:08:26.544444+00:00
2026-06-10T09:45:00+00:00,2026-06-10T10:15:00+00:00,30,ICICIBANK,ICICIBANK.NS,1292.199951171875,1293.699951171875,1289.4000244140625,1293.0,1489563,Yahoo Finance automated fallback,https://query1.finance.yahoo.com/v8/finance/chart/ICICIBANK.NS?period1=1778238506&period2=1783336106&interval=30m&events=history&includePrePost=false,2026-07-06T11:08:26.544444+00:00
2026-06-11T03:45:00+00:00,2026-06-11T04:15:00+00:00,30,ICICIBANK,ICICIBANK.NS,1287.699951171875,1308.9000244140625,1287.699951171875,1308.699951171875,5060731,Yahoo Finance automated fallback,https://query1.finance.yahoo.com/v8/finance/chart/ICICIBANK.NS?period1=1778238506&period2=1783336106&interval=30m&events=history&includePrePost=false,2026-07-06T11:08:26.544444+00:00
2026-06-11T04:15:00+00:00,2026-06-11T04:45:00+00:00,30,ICICIBANK,ICICIBANK.NS,1308.699951171875,1314.9000244140625,1308.0,1312.5,4450445,Yahoo Finance automated fallback,https://query1.finance.yahoo.com/v8/finance/chart/ICICIBANK.NS?period1=1778238506&period2=1783336106&interval=30m&events=history&includePrePost=false,2026-07-06T11:08:26.544444+00:00
2026-06-11T04:45:00+00:00,2026-06-11T05:15:00+00:00,30,ICICIBANK,ICICIBANK.NS,1312.5999755859375,1320.800048828125,1312.5,1320.0,3426112,Yahoo Finance automated fallback,https://query1.finance.yahoo.com/v8/finance/chart/ICICIBANK.NS?period1=1778238506&period2=1783336106&interval=30m&events=history&includePrePost=false,2026-07-06T11:08:26.544444+00:00
2026-06-11T05:15:00+00:00,2026-06-11T05:45:00+00:00,30,ICICIBANK,ICICIBANK.NS,1320.199951171875,1324.699951171875,1317.699951171875,1323.5,2648638,Yahoo Finance automated fallback,https://query1.finance.yahoo.com/v8/finance/chart/ICICIBANK.NS?period1=1778238506&period2=1783336106&interval=30m&events=history&includePrePost=false,2026-07-06T11:08:26.544444+00:00
2026-06-11T05:45:00+00:00,2026-06-11T06:15:00+00:00,30,ICICIBANK,ICICIBANK.NS,1323.5,1327.800048828125,1323.0999755859375,1325.800048828125,2068897,Yahoo Finance automated fallback,https://query1.finance.yahoo.com/v8/finance/chart/ICICIBANK.NS?period1=1778238506&period2=1783336106&interval=30m&events=history&includePrePost=false,2026-07-06T11:08:26.544444+00:00
2026-06-11T06:15:00+00:00,2026-06-11T06:45:00+00:00,30,ICICIBANK,ICICIBANK.NS,1325.800048828125,1327.5999755859375,1325.0,1326.4000244140625,1178973,Yahoo Finance automated fallback,https://query1.finance.yahoo.com/v8/finance/chart/ICICIBANK.NS?period1=1778238506&period2=1783336106&interval=30m&events=history&includePrePost=false,2026-07-06T11:08:26.544444+00:00
2026-06-11T06:45:00+00:00,2026-06-11T07:15:00+00:00,30,ICICIBANK,ICICIBANK.NS,1326.300048828125,1330.5999755859375,1323.0999755859375,1330.5999755859375,1885778,Yahoo Finance automated fallback,https://query1.finance.yahoo.com/v8/finance/chart/ICICIBANK.NS?period1=1778238506&period2=1783336106&interval=30m&events=history&includePrePost=false,2026-07-06T11:08:26.544444+00:00
2026-06-11T07:15:00+00:00,2026-06-11T07:45:00+00:00,30,ICICIBANK,ICICIBANK.NS,1330.5999755859375,1333.0,1327.300048828125,1328.199951171875,1601097,Yahoo Finance automated fallback,https://query1.finance.yahoo.com/v8/finance/chart/ICICIBANK.NS?period1=1778238506&period2=1783336106&interval=30m&events=history&includePrePost=false,2026-07-06T11:08:26.544444+00:00
2026-06-11T07:45:00+00:00,2026-06-11T08:15:00+00:00,30,ICICIBANK,ICICIBANK.NS,1328.199951171875,1328.699951171875,1322.0,1324.4000244140625,2006973,Yahoo Finance automated fallback,https://query1.finance.yahoo.com/v8/finance/chart/ICICIBANK.NS?period1=1778238506&period2=1783336106&interval=30m&events=history&includePrePost=false,2026-07-06T11:08:26.544444+00:00
2026-06-11T08:15:00+00:00,2026-06-11T08:45:00+00:00,30,ICICIBANK,ICICIBANK.NS,1324.5999755859375,1324.9000244140625,1320.5,1321.199951171875,1302057,Yahoo Finance automated fallback,https://query1.finance.yahoo.com/v8/finance/chart/ICICIBANK.NS?period1=1778238506&period2=1783336106&interval=30m&events=history&includePrePost=false,2026-07-06T11:08:26.544444+00:00
2026-06-11T08:45:00+00:00,2026-06-11T09:15:00+00:00,30,ICICIBANK,ICICIBANK.NS,1321.5999755859375,1323.4000244140625,1318.4000244140625,1319.5999755859375,3520330,Yahoo Finance automated fallback,https://query1.finance.yahoo.com/v8/finance/chart/ICICIBANK.NS?period1=1778238506&period2=1783336106&interval=30m&events=history&includePrePost=false,2026-07-06T11:08:26.544444+00:00
2026-06-11T09:15:00+00:00,2026-06-11T09:45:00+00:00,30,ICICIBANK,ICICIBANK.NS,1319.800048828125,1321.300048828125,1315.199951171875,1318.9000244140625,4326769,Yahoo Finance automated fallback,https://query1.finance.yahoo.com/v8/finance/chart/ICICIBANK.NS?period1=1778238506&period2=1783336106&interval=30m&events=history&includePrePost=false,2026-07-06T11:08:26.544444+00:00
2026-06-11T09:45:00+00:00,2026-06-11T10:15:00+00:00,30,ICICIBANK,ICICIBANK.NS,1318.5999755859375,1318.9000244140625,1313.300048828125,1314.0999755859375,1378865,Yahoo Finance automated fallback,https://query1.finance.yahoo.com/v8/finance/chart/ICICIBANK.NS?period1=1778238506&period2=1783336106&interval=30m&events=history&includePrePost=false,2026-07-06T11:08:26.544444+00:00
2026-06-12T03:45:00+00:00,2026-06-12T04:15:00+00:00,30,ICICIBANK,ICICIBANK.NS,1328.699951171875,1338.800048828125,1324.300048828125,1326.0,1390507,Yahoo Finance automated fallback,https://query1.finance.yahoo.com/v8/finance/chart/ICICIBANK.NS?period1=1778238506&period2=1783336106&interval=30m&events=history&includePrePost=false,2026-07-06T11:08:26.544444+00:00
2026-06-12T04:15:00+00:00,2026-06-12T04:45:00+00:00,30,ICICIBANK,ICICIBANK.NS,1326.0,1327.0,1320.0,1320.9000244140625,877501,Yahoo Finance automated fallback,https://query1.finance.yahoo.com/v8/finance/chart/ICICIBANK.NS?period1=1778238506&period2=1783336106&interval=30m&events=history&includePrePost=false,2026-07-06T11:08:26.544444+00:00
2026-06-12T04:45:00+00:00,2026-06-12T05:15:00+00:00,30,ICICIBANK,ICICIBANK.NS,1321.0,1326.5,1319.0999755859375,1324.699951171875,1178928,Yahoo Finance automated fallback,https://query1.finance.yahoo.com/v8/finance/chart/ICICIBANK.NS?period1=1778238506&period2=1783336106&interval=30m&events=history&includePrePost=false,2026-07-06T11:08:26.544444+00:00
2026-06-12T05:15:00+00:00,2026-06-12T05:45:00+00:00,30,ICICIBANK,ICICIBANK.NS,1324.800048828125,1327.9000244140625,1323.800048828125,1326.699951171875,904022,Yahoo Finance automated fallback,https://query1.finance.yahoo.com/v8/finance/chart/ICICIBANK.NS?period1=1778238506&period2=1783336106&interval=30m&events=history&includePrePost=false,2026-07-06T11:08:26.544444+00:00
2026-06-12T05:45:00+00:00,2026-06-12T06:15:00+00:00,30,ICICIBANK,ICICIBANK.NS,1326.800048828125,1330.0999755859375,1323.4000244140625,1328.199951171875,1218309,Yahoo Finance automated fallback,https://query1.finance.yahoo.com/v8/finance/chart/ICICIBANK.NS?period1=1778238506&period2=1783336106&interval=30m&events=history&includePrePost=false,2026-07-06T11:08:26.544444+00:00
2026-06-12T06:15:00+00:00,2026-06-12T06:45:00+00:00,30,ICICIBANK,ICICIBANK.NS,1328.0999755859375,1328.199951171875,1325.199951171875,1326.800048828125,741373,Yahoo Finance automated fallback,https://query1.finance.yahoo.com/v8/finance/chart/ICICIBANK.NS?period1=1778238506&period2=1783336106&interval=30m&events=history&includePrePost=false,2026-07-06T11:08:26.544444+00:00
2026-06-12T06:45:00+00:00,2026-06-12T07:15:00+00:00,30,ICICIBANK,ICICIBANK.NS,1326.800048828125,1330.199951171875,1325.5999755859375,1326.9000244140625,1066874,Yahoo Finance automated fallback,https://query1.finance.yahoo.com/v8/finance/chart/ICICIBANK.NS?period1=1778238506&period2=1783336106&interval=30m&events=history&includePrePost=false,2026-07-06T11:08:26.544444+00:00
2026-06-12T07:15:00+00:00,2026-06-12T07:45:00+00:00,30,ICICIBANK,ICICIBANK.NS,1327.0,1328.300048828125,1326.0,1327.699951171875,800633,Yahoo Finance automated fallback,https://query1.finance.yahoo.com/v8/finance/chart/ICICIBANK.NS?period1=1778238506&period2=1783336106&interval=30m&events=history&includePrePost=false,2026-07-06T11:08:26.544444+00:00
2026-06-12T07:45:00+00:00,2026-06-12T08:15:00+00:00,30,ICICIBANK,ICICIBANK.NS,1327.699951171875,1336.699951171875,1327.0,1335.5,1311520,Yahoo Finance automated fallback,https://query1.finance.yahoo.com/v8/finance/chart/ICICIBANK.NS?period1=1778238506&period2=1783336106&interval=30m&events=history&includePrePost=false,2026-07-06T11:08:26.544444+00:00
2026-06-12T08:15:00+00:00,2026-06-12T08:45:00+00:00,30,ICICIBANK,ICICIBANK.NS,1335.5,1339.199951171875,1335.0,1338.5,1351351,Yahoo Finance automated fallback,https://query1.finance.yahoo.com/v8/finance/chart/ICICIBANK.NS?period1=1778238506&period2=1783336106&interval=30m&events=history&includePrePost=false,2026-07-06T11:08:26.544444+00:00
2026-06-12T08:45:00+00:00,2026-06-12T09:15:00+00:00,30,ICICIBANK,ICICIBANK.NS,1338.5,1341.300048828125,1338.300048828125,1340.800048828125,1674859,Yahoo Finance automated fallback,https://query1.finance.yahoo.com/v8/finance/chart/ICICIBANK.NS?period1=1778238506&period2=1783336106&interval=30m&events=history&includePrePost=false,2026-07-06T11:08:26.544444+00:00
2026-06-12T09:15:00+00:00,2026-06-12T09:45:00+00:00,30,ICICIBANK,ICICIBANK.NS,1340.699951171875,1344.199951171875,1338.9000244140625,1340.199951171875,2718380,Yahoo Finance automated fallback,https://query1.finance.yahoo.com/v8/finance/chart/ICICIBANK.NS?period1=1778238506&period2=1783336106&interval=30m&events=history&includePrePost=false,2026-07-06T11:08:26.544444+00:00
2026-06-12T09:45:00+00:00,2026-06-12T10:15:00+00:00,30,ICICIBANK,ICICIBANK.NS,1340.199951171875,1342.0,1338.800048828125,1340.800048828125,1933718,Yahoo Finance automated fallback,https://query1.finance.yahoo.com/v8/finance/chart/ICICIBANK.NS?period1=1778238506&period2=1783336106&interval=30m&events=history&includePrePost=false,2026-07-06T11:08:26.544444+00:00
2026-06-15T03:45:00+00:00,2026-06-15T04:15:00+00:00,30,ICICIBANK,ICICIBANK.NS,1359.699951171875,1359.699951171875,1345.199951171875,1346.199951171875,2039398,Yahoo Finance automated fallback,https://query1.finance.yahoo.com/v8/finance/chart/ICICIBANK.NS?period1=1778238506&period2=1783336106&interval=30m&events=history&includePrePost=false,2026-07-06T11:08:26.544444+00:00
2026-06-15T04:15:00+00:00,2026-06-15T04:45:00+00:00,30,ICICIBANK,ICICIBANK.NS,1346.300048828125,1349.5999755859375,1346.0,1347.0999755859375,1081435,Yahoo Finance automated fallback,https://query1.finance.yahoo.com/v8/finance/chart/ICICIBANK.NS?period1=1778238506&period2=1783336106&interval=30m&events=history&includePrePost=false,2026-07-06T11:08:26.544444+00:00
2026-06-15T04:45:00+00:00,2026-06-15T05:15:00+00:00,30,ICICIBANK,ICICIBANK.NS,1347.4000244140625,1349.0,1346.0,1347.800048828125,988135,Yahoo Finance automated fallback,https://query1.finance.yahoo.com/v8/finance/chart/ICICIBANK.NS?period1=1778238506&period2=1783336106&interval=30m&events=history&includePrePost=false,2026-07-06T11:08:26.544444+00:00
2026-06-15T05:15:00+00:00,2026-06-15T05:45:00+00:00,30,ICICIBANK,ICICIBANK.NS,1347.800048828125,1351.9000244140625,1344.199951171875,1344.5,1170321,Yahoo Finance automated fallback,https://query1.finance.yahoo.com/v8/finance/chart/ICICIBANK.NS?period1=1778238506&period2=1783336106&interval=30m&events=history&includePrePost=false,2026-07-06T11:08:26.544444+00:00
2026-06-15T05:45:00+00:00,2026-06-15T06:15:00+00:00,30,ICICIBANK,ICICIBANK.NS,1344.300048828125,1344.9000244140625,1342.0999755859375,1343.199951171875,608239,Yahoo Finance automated fallback,https://query1.finance.yahoo.com/v8/finance/chart/ICICIBANK.NS?period1=1778238506&period2=1783336106&interval=30m&events=history&includePrePost=false,2026-07-06T11:08:26.544444+00:00
2026-06-15T06:15:00+00:00,2026-06-15T06:45:00+00:00,30,ICICIBANK,ICICIBANK.NS,1342.800048828125,1344.4000244140625,1337.5999755859375,1338.4000244140625,724775,Yahoo Finance automated fallback,https://query1.finance.yahoo.com/v8/finance/chart/ICICIBANK.NS?period1=1778238506&period2=1783336106&interval=30m&events=history&includePrePost=false,2026-07-06T11:08:26.544444+00:00
2026-06-15T06:45:00+00:00,2026-06-15T07:15:00+00:00,30,ICICIBANK,ICICIBANK.NS,1338.4000244140625,1340.0,1337.0,1339.5,541642,Yahoo Finance automated fallback,https://query1.finance.yahoo.com/v8/finance/chart/ICICIBANK.NS?period1=1778238506&period2=1783336106&interval=30m&events=history&includePrePost=false,2026-07-06T11:08:26.544444+00:00
2026-06-15T07:15:00+00:00,2026-06-15T07:45:00+00:00,30,ICICIBANK,ICICIBANK.NS,1339.699951171875,1339.9000244140625,1336.0,1339.4000244140625,569285,Yahoo Finance automated fallback,https://query1.finance.yahoo.com/v8/finance/chart/ICICIBANK.NS?period1=1778238506&period2=1783336106&interval=30m&events=history&includePrePost=false,2026-07-06T11:08:26.544444+00:00
2026-06-15T07:45:00+00:00,2026-06-15T08:15:00+00:00,30,ICICIBANK,ICICIBANK.NS,1339.300048828125,1340.5999755859375,1334.0,1335.0999755859375,565874,Yahoo Finance automated fallback,https://query1.finance.yahoo.com/v8/finance/chart/ICICIBANK.NS?period1=1778238506&period2=1783336106&interval=30m&events=history&includePrePost=false,2026-07-06T11:08:26.544444+00:00
2026-06-15T08:15:00+00:00,2026-06-15T08:45:00+00:00,30,ICICIBANK,ICICIBANK.NS,1335.0999755859375,1336.199951171875,1330.0,1331.0999755859375,1168230,Yahoo Finance automated fallback,https://query1.finance.yahoo.com/v8/finance/chart/ICICIBANK.NS?period1=1778238506&period2=1783336106&interval=30m&events=history&includePrePost=false,2026-07-06T11:08:26.544444+00:00
2026-06-15T08:45:00+00:00,2026-06-15T09:15:00+00:00,30,ICICIBANK,ICICIBANK.NS,1331.0999755859375,1337.800048828125,1330.800048828125,1337.0999755859375,1133517,Yahoo Finance automated fallback,https://query1.finance.yahoo.com/v8/finance/chart/ICICIBANK.NS?period1=1778238506&period2=1783336106&interval=30m&events=history&includePrePost=false,2026-07-06T11:08:26.544444+00:00
2026-06-15T09:15:00+00:00,2026-06-15T09:45:00+00:00,30,ICICIBANK,ICICIBANK.NS,1337.199951171875,1339.0,1325.300048828125,1327.199951171875,2683250,Yahoo Finance automated fallback,https://query1.finance.yahoo.com/v8/finance/chart/ICICIBANK.NS?period1=1778238506&period2=1783336106&interval=30m&events=history&includePrePost=false,2026-07-06T11:08:26.544444+00:00
2026-06-15T09:45:00+00:00,2026-06-15T10:15:00+00:00,30,ICICIBANK,ICICIBANK.NS,1327.0999755859375,1329.9000244140625,1327.0,1328.0,1616002,Yahoo Finance automated fallback,https://query1.finance.yahoo.com/v8/finance/chart/ICICIBANK.NS?period1=1778238506&period2=1783336106&interval=30m&events=history&includePrePost=false,2026-07-06T11:08:26.544444+00:00
2026-06-16T03:45:00+00:00,2026-06-16T04:15:00+00:00,30,ICICIBANK,ICICIBANK.NS,1332.0,1334.5,1328.800048828125,1329.5999755859375,640108,Yahoo Finance automated fallback,https://query1.finance.yahoo.com/v8/finance/chart/ICICIBANK.NS?period1=1778238506&period2=1783336106&interval=30m&events=history&includePrePost=false,2026-07-06T11:08:26.544444+00:00
2026-06-16T04:15:00+00:00,2026-06-16T04:45:00+00:00,30,ICICIBANK,ICICIBANK.NS,1329.5999755859375,1332.9000244140625,1326.5999755859375,1327.300048828125,751103,Yahoo Finance automated fallback,https://query1.finance.yahoo.com/v8/finance/chart/ICICIBANK.NS?period1=1778238506&period2=1783336106&interval=30m&events=history&includePrePost=false,2026-07-06T11:08:26.544444+00:00
2026-06-16T04:45:00+00:00,2026-06-16T05:15:00+00:00,30,ICICIBANK,ICICIBANK.NS,1327.300048828125,1331.800048828125,1327.0999755859375,1331.0,312324,Yahoo Finance automated fallback,https://query1.finance.yahoo.com/v8/finance/chart/ICICIBANK.NS?period1=1778238506&period2=1783336106&interval=30m&events=history&includePrePost=false,2026-07-06T11:08:26.544444+00:00
2026-06-16T05:15:00+00:00,2026-06-16T05:45:00+00:00,30,ICICIBANK,ICICIBANK.NS,1330.9000244140625,1333.0,1329.9000244140625,1330.9000244140625,533038,Yahoo Finance automated fallback,https://query1.finance.yahoo.com/v8/finance/chart/ICICIBANK.NS?period1=1778238506&period2=1783336106&interval=30m&events=history&includePrePost=false,2026-07-06T11:08:26.544444+00:00
2026-06-16T05:45:00+00:00,2026-06-16T06:15:00+00:00,30,ICICIBANK,ICICIBANK.NS,1330.800048828125,1332.199951171875,1329.199951171875,1331.0999755859375,1021489,Yahoo Finance automated fallback,https://query1.finance.yahoo.com/v8/finance/chart/ICICIBANK.NS?period1=1778238506&period2=1783336106&interval=30m&events=history&includePrePost=false,2026-07-06T11:08:26.544444+00:00
2026-06-16T06:15:00+00:00,2026-06-16T06:45:00+00:00,30,ICICIBANK,ICICIBANK.NS,1331.9000244140625,1333.199951171875,1329.5,1330.4000244140625,1187245,Yahoo Finance automated fallback,https://query1.finance.yahoo.com/v8/finance/chart/ICICIBANK.NS?period1=1778238506&period2=1783336106&interval=30m&events=history&includePrePost=false,2026-07-06T11:08:26.544444+00:00
2026-06-16T06:45:00+00:00,2026-06-16T07:15:00+00:00,30,ICICIBANK,ICICIBANK.NS,1330.300048828125,1332.5,1328.4000244140625,1330.199951171875,1365807,Yahoo Finance automated fallback,https://query1.finance.yahoo.com/v8/finance/chart/ICICIBANK.NS?period1=1778238506&period2=1783336106&interval=30m&events=history&includePrePost=false,2026-07-06T11:08:26.544444+00:00
2026-06-16T07:15:00+00:00,2026-06-16T07:45:00+00:00,30,ICICIBANK,ICICIBANK.NS,1330.699951171875,1331.0,1329.4000244140625,1330.5,454177,Yahoo Finance automated fallback,https://query1.finance.yahoo.com/v8/finance/chart/ICICIBANK.NS?period1=1778238506&period2=1783336106&interval=30m&events=history&includePrePost=false,2026-07-06T11:08:26.544444+00:00
2026-06-16T07:45:00+00:00,2026-06-16T08:15:00+00:00,30,ICICIBANK,ICICIBANK.NS,1330.5,1332.5999755859375,1329.4000244140625,1330.0999755859375,883888,Yahoo Finance automated fallback,https://query1.finance.yahoo.com/v8/finance/chart/ICICIBANK.NS?period1=1778238506&period2=1783336106&interval=30m&events=history&includePrePost=false,2026-07-06T11:08:26.544444+00:00
2026-06-16T08:15:00+00:00,2026-06-16T08:45:00+00:00,30,ICICIBANK,ICICIBANK.NS,1330.0999755859375,1332.0,1329.5,1331.4000244140625,486758,Yahoo Finance automated fallback,https://query1.finance.yahoo.com/v8/finance/chart/ICICIBANK.NS?period1=1778238506&period2=1783336106&interval=30m&events=history&includePrePost=false,2026-07-06T11:08:26.544444+00:00
2026-06-16T08:45:00+00:00,2026-06-16T09:15:00+00:00,30,ICICIBANK,ICICIBANK.NS,1331.300048828125,1332.300048828125,1329.4000244140625,1329.5999755859375,683717,Yahoo Finance automated fallback,https://query1.finance.yahoo.com/v8/finance/chart/ICICIBANK.NS?period1=1778238506&period2=1783336106&interval=30m&events=history&includePrePost=false,2026-07-06T11:08:26.544444+00:00
2026-06-16T09:15:00+00:00,2026-06-16T09:45:00+00:00,30,ICICIBANK,ICICIBANK.NS,1329.699951171875,1337.300048828125,1329.300048828125,1336.5,3326540,Yahoo Finance automated fallback,https://query1.finance.yahoo.com/v8/finance/chart/ICICIBANK.NS?period1=1778238506&period2=1783336106&interval=30m&events=history&includePrePost=false,2026-07-06T11:08:26.544444+00:00
2026-06-16T09:45:00+00:00,2026-06-16T10:15:00+00:00,30,ICICIBANK,ICICIBANK.NS,1336.5999755859375,1337.0999755859375,1334.0,1335.5,946391,Yahoo Finance automated fallback,https://query1.finance.yahoo.com/v8/finance/chart/ICICIBANK.NS?period1=1778238506&period2=1783336106&interval=30m&events=history&includePrePost=false,2026-07-06T11:08:26.544444+00:00
2026-06-17T03:45:00+00:00,2026-06-17T04:15:00+00:00,30,ICICIBANK,ICICIBANK.NS,1341.300048828125,1343.5999755859375,1336.800048828125,1342.5,619677,Yahoo Finance automated fallback,https://query1.finance.yahoo.com/v8/finance/chart/ICICIBANK.NS?period1=1778238506&period2=1783336106&interval=30m&events=history&includePrePost=false,2026-07-06T11:08:26.544444+00:00
2026-06-17T04:15:00+00:00,2026-06-17T04:45:00+00:00,30,ICICIBANK,ICICIBANK.NS,1342.5,1342.9000244140625,1339.199951171875,1341.199951171875,514364,Yahoo Finance automated fallback,https://query1.finance.yahoo.com/v8/finance/chart/ICICIBANK.NS?period1=1778238506&period2=1783336106&interval=30m&events=history&includePrePost=false,2026-07-06T11:08:26.544444+00:00
2026-06-17T04:45:00+00:00,2026-06-17T05:15:00+00:00,30,ICICIBANK,ICICIBANK.NS,1341.199951171875,1345.5999755859375,1341.0,1341.199951171875,436081,Yahoo Finance automated fallback,https://query1.finance.yahoo.com/v8/finance/chart/ICICIBANK.NS?period1=1778238506&period2=1783336106&interval=30m&events=history&includePrePost=false,2026-07-06T11:08:26.544444+00:00
2026-06-17T05:15:00+00:00,2026-06-17T05:45:00+00:00,30,ICICIBANK,ICICIBANK.NS,1341.5,1343.300048828125,1340.4000244140625,1341.4000244140625,489654,Yahoo Finance automated fallback,https://query1.finance.yahoo.com/v8/finance/chart/ICICIBANK.NS?period1=1778238506&period2=1783336106&interval=30m&events=history&includePrePost=false,2026-07-06T11:08:26.544444+00:00
2026-06-17T05:45:00+00:00,2026-06-17T06:15:00+00:00,30,ICICIBANK,ICICIBANK.NS,1341.5,1342.699951171875,1338.699951171875,1340.5999755859375,520790,Yahoo Finance automated fallback,https://query1.finance.yahoo.com/v8/finance/chart/ICICIBANK.NS?period1=1778238506&period2=1783336106&interval=30m&events=history&includePrePost=false,2026-07-06T11:08:26.544444+00:00
2026-06-17T06:15:00+00:00,2026-06-17T06:45:00+00:00,30,ICICIBANK,ICICIBANK.NS,1340.5999755859375,1340.9000244140625,1334.300048828125,1334.5,1167643,Yahoo Finance automated fallback,https://query1.finance.yahoo.com/v8/finance/chart/ICICIBANK.NS?period1=1778238506&period2=1783336106&interval=30m&events=history&includePrePost=false,2026-07-06T11:08:26.544444+00:00
2026-06-17T06:45:00+00:00,2026-06-17T07:15:00+00:00,30,ICICIBANK,ICICIBANK.NS,1334.5,1336.9000244140625,1333.800048828125,1335.699951171875,421672,Yahoo Finance automated fallback,https://query1.finance.yahoo.com/v8/finance/chart/ICICIBANK.NS?period1=1778238506&period2=1783336106&interval=30m&events=history&includePrePost=false,2026-07-06T11:08:26.544444+00:00
2026-06-17T07:15:00+00:00,2026-06-17T07:45:00+00:00,30,ICICIBANK,ICICIBANK.NS,1335.699951171875,1337.0,1334.4000244140625,1334.699951171875,393181,Yahoo Finance automated fallback,https://query1.finance.yahoo.com/v8/finance/chart/ICICIBANK.NS?period1=1778238506&period2=1783336106&interval=30m&events=history&includePrePost=false,2026-07-06T11:08:26.544444+00:00
2026-06-17T07:45:00+00:00,2026-06-17T08:15:00+00:00,30,ICICIBANK,ICICIBANK.NS,1334.9000244140625,1338.5,1334.5999755859375,1337.9000244140625,427982,Yahoo Finance automated fallback,https://query1.finance.yahoo.com/v8/finance/chart/ICICIBANK.NS?period1=1778238506&period2=1783336106&interval=30m&events=history&includePrePost=false,2026-07-06T11:08:26.544444+00:00
2026-06-17T08:15:00+00:00,2026-06-17T08:45:00+00:00,30,ICICIBANK,ICICIBANK.NS,1337.9000244140625,1339.5999755859375,1336.199951171875,1337.9000244140625,411362,Yahoo Finance automated fallback,https://query1.finance.yahoo.com/v8/finance/chart/ICICIBANK.NS?period1=1778238506&period2=1783336106&interval=30m&events=history&includePrePost=false,2026-07-06T11:08:26.544444+00:00
2026-06-17T08:45:00+00:00,2026-06-17T09:15:00+00:00,30,ICICIBANK,ICICIBANK.NS,1337.9000244140625,1338.5999755859375,1334.0,1334.9000244140625,876283,Yahoo Finance automated fallback,https://query1.finance.yahoo.com/v8/finance/chart/ICICIBANK.NS?period1=1778238506&period2=1783336106&interval=30m&events=history&includePrePost=false,2026-07-06T11:08:26.544444+00:00
2026-06-17T09:15:00+00:00,2026-06-17T09:45:00+00:00,30,ICICIBANK,ICICIBANK.NS,1335.300048828125,1338.0,1333.5,1336.699951171875,917735,Yahoo Finance automated fallback,https://query1.finance.yahoo.com/v8/finance/chart/ICICIBANK.NS?period1=1778238506&period2=1783336106&interval=30m&events=history&includePrePost=false,2026-07-06T11:08:26.544444+00:00
2026-06-17T09:45:00+00:00,2026-06-17T10:15:00+00:00,30,ICICIBANK,ICICIBANK.NS,1336.800048828125,1337.5,1335.800048828125,1337.0,431962,Yahoo Finance automated fallback,https://query1.finance.yahoo.com/v8/finance/chart/ICICIBANK.NS?period1=1778238506&period2=1783336106&interval=30m&events=history&includePrePost=false,2026-07-06T11:08:26.544444+00:00
2026-06-18T03:45:00+00:00,2026-06-18T04:15:00+00:00,30,ICICIBANK,ICICIBANK.NS,1334.9000244140625,1341.300048828125,1334.5,1335.300048828125,462408,Yahoo Finance automated fallback,https://query1.finance.yahoo.com/v8/finance/chart/ICICIBANK.NS?period1=1778238506&period2=1783336106&interval=30m&events=history&includePrePost=false,2026-07-06T11:08:26.544444+00:00
2026-06-18T04:15:00+00:00,2026-06-18T04:45:00+00:00,30,ICICIBANK,ICICIBANK.NS,1335.4000244140625,1340.5,1335.0999755859375,1336.800048828125,636912,Yahoo Finance automated fallback,https://query1.finance.yahoo.com/v8/finance/chart/ICICIBANK.NS?period1=1778238506&period2=1783336106&interval=30m&events=history&includePrePost=false,2026-07-06T11:08:26.544444+00:00
2026-06-18T04:45:00+00:00,2026-06-18T05:15:00+00:00,30,ICICIBANK,ICICIBANK.NS,1336.9000244140625,1337.0,1331.5,1333.0,549207,Yahoo Finance automated fallback,https://query1.finance.yahoo.com/v8/finance/chart/ICICIBANK.NS?period1=1778238506&period2=1783336106&interval=30m&events=history&includePrePost=false,2026-07-06T11:08:26.544444+00:00
2026-06-18T05:15:00+00:00,2026-06-18T05:45:00+00:00,30,ICICIBANK,ICICIBANK.NS,1332.9000244140625,1335.0,1332.0,1332.199951171875,791887,Yahoo Finance automated fallback,https://query1.finance.yahoo.com/v8/finance/chart/ICICIBANK.NS?period1=1778238506&period2=1783336106&interval=30m&events=history&includePrePost=false,2026-07-06T11:08:26.544444+00:00
2026-06-18T05:45:00+00:00,2026-06-18T06:15:00+00:00,30,ICICIBANK,ICICIBANK.NS,1332.199951171875,1337.0,1331.4000244140625,1337.0,478276,Yahoo Finance automated fallback,https://query1.finance.yahoo.com/v8/finance/chart/ICICIBANK.NS?period1=1778238506&period2=1783336106&interval=30m&events=history&includePrePost=false,2026-07-06T11:08:26.544444+00:00
2026-06-18T06:15:00+00:00,2026-06-18T06:45:00+00:00,30,ICICIBANK,ICICIBANK.NS,1336.9000244140625,1345.300048828125,1336.4000244140625,1342.0999755859375,1277076,Yahoo Finance automated fallback,https://query1.finance.yahoo.com/v8/finance/chart/ICICIBANK.NS?period1=1778238506&period2=1783336106&interval=30m&events=history&includePrePost=false,2026-07-06T11:08:26.544444+00:00
2026-06-18T06:45:00+00:00,2026-06-18T07:15:00+00:00,30,ICICIBANK,ICICIBANK.NS,1342.199951171875,1345.699951171875,1340.5,1344.199951171875,826780,Yahoo Finance automated fallback,https://query1.finance.yahoo.com/v8/finance/chart/ICICIBANK.NS?period1=1778238506&period2=1783336106&interval=30m&events=history&includePrePost=false,2026-07-06T11:08:26.544444+00:00
2026-06-18T07:15:00+00:00,2026-06-18T07:45:00+00:00,30,ICICIBANK,ICICIBANK.NS,1344.300048828125,1346.0,1343.5999755859375,1343.5999755859375,381759,Yahoo Finance automated fallback,https://query1.finance.yahoo.com/v8/finance/chart/ICICIBANK.NS?period1=1778238506&period2=1783336106&interval=30m&events=history&includePrePost=false,2026-07-06T11:08:26.544444+00:00
2026-06-18T07:45:00+00:00,2026-06-18T08:15:00+00:00,30,ICICIBANK,ICICIBANK.NS,1343.9000244140625,1346.9000244140625,1342.300048828125,1344.800048828125,1453343,Yahoo Finance automated fallback,https://query1.finance.yahoo.com/v8/finance/chart/ICICIBANK.NS?period1=1778238506&period2=1783336106&interval=30m&events=history&includePrePost=false,2026-07-06T11:08:26.544444+00:00
2026-06-18T08:15:00+00:00,2026-06-18T08:45:00+00:00,30,ICICIBANK,ICICIBANK.NS,1344.5999755859375,1346.0,1343.199951171875,1344.199951171875,649248,Yahoo Finance automated fallback,https://query1.finance.yahoo.com/v8/finance/chart/ICICIBANK.NS?period1=1778238506&period2=1783336106&interval=30m&events=history&includePrePost=false,2026-07-06T11:08:26.544444+00:00
2026-06-18T08:45:00+00:00,2026-06-18T09:15:00+00:00,30,ICICIBANK,ICICIBANK.NS,1344.0999755859375,1344.199951171875,1341.199951171875,1341.5,668209,Yahoo Finance automated fallback,https://query1.finance.yahoo.com/v8/finance/chart/ICICIBANK.NS?period1=1778238506&period2=1783336106&interval=30m&events=history&includePrePost=false,2026-07-06T11:08:26.544444+00:00
2026-06-18T09:15:00+00:00,2026-06-18T09:45:00+00:00,30,ICICIBANK,ICICIBANK.NS,1341.5999755859375,1345.0999755859375,1339.5999755859375,1343.0999755859375,3446836,Yahoo Finance automated fallback,https://query1.finance.yahoo.com/v8/finance/chart/ICICIBANK.NS?period1=1778238506&period2=1783336106&interval=30m&events=history&includePrePost=false,2026-07-06T11:08:26.544444+00:00
2026-06-18T09:45:00+00:00,2026-06-18T10:15:00+00:00,30,ICICIBANK,ICICIBANK.NS,1343.199951171875,1344.800048828125,1340.0,1341.5,1320918,Yahoo Finance automated fallback,https://query1.finance.yahoo.com/v8/finance/chart/ICICIBANK.NS?period1=1778238506&period2=1783336106&interval=30m&events=history&includePrePost=false,2026-07-06T11:08:26.544444+00:00
2026-06-19T03:45:00+00:00,2026-06-19T04:15:00+00:00,30,ICICIBANK,ICICIBANK.NS,1339.699951171875,1346.800048828125,1337.0,1345.699951171875,569419,Yahoo Finance automated fallback,https://query1.finance.yahoo.com/v8/finance/chart/ICICIBANK.NS?period1=1778238506&period2=1783336106&interval=30m&events=history&includePrePost=false,2026-07-06T11:08:26.544444+00:00
2026-06-19T04:15:00+00:00,2026-06-19T04:45:00+00:00,30,ICICIBANK,ICICIBANK.NS,1345.699951171875,1347.0,1344.5999755859375,1346.699951171875,556706,Yahoo Finance automated fallback,https://query1.finance.yahoo.com/v8/finance/chart/ICICIBANK.NS?period1=1778238506&period2=1783336106&interval=30m&events=history&includePrePost=false,2026-07-06T11:08:26.544444+00:00
2026-06-19T04:45:00+00:00,2026-06-19T05:15:00+00:00,30,ICICIBANK,ICICIBANK.NS,1346.4000244140625,1347.300048828125,1345.5,1346.9000244140625,290789,Yahoo Finance automated fallback,https://query1.finance.yahoo.com/v8/finance/chart/ICICIBANK.NS?period1=1778238506&period2=1783336106&interval=30m&events=history&includePrePost=false,2026-07-06T11:08:26.544444+00:00
2026-06-19T05:15:00+00:00,2026-06-19T05:45:00+00:00,30,ICICIBANK,ICICIBANK.NS,1346.9000244140625,1349.300048828125,1345.199951171875,1349.0,300338,Yahoo Finance automated fallback,https://query1.finance.yahoo.com/v8/finance/chart/ICICIBANK.NS?period1=1778238506&period2=1783336106&interval=30m&events=history&includePrePost=false,2026-07-06T11:08:26.544444+00:00
2026-06-19T05:45:00+00:00,2026-06-19T06:15:00+00:00,30,ICICIBANK,ICICIBANK.NS,1349.199951171875,1350.0,1347.0999755859375,1349.300048828125,331227,Yahoo Finance automated fallback,https://query1.finance.yahoo.com/v8/finance/chart/ICICIBANK.NS?period1=1778238506&period2=1783336106&interval=30m&events=history&includePrePost=false,2026-07-06T11:08:26.544444+00:00
2026-06-19T06:15:00+00:00,2026-06-19T06:45:00+00:00,30,ICICIBANK,ICICIBANK.NS,1349.4000244140625,1349.5,1347.199951171875,1348.0,263713,Yahoo Finance automated fallback,https://query1.finance.yahoo.com/v8/finance/chart/ICICIBANK.NS?period1=1778238506&period2=1783336106&interval=30m&events=history&includePrePost=false,2026-07-06T11:08:26.544444+00:00
2026-06-19T06:45:00+00:00,2026-06-19T07:15:00+00:00,30,ICICIBANK,ICICIBANK.NS,1348.0999755859375,1348.4000244140625,1344.4000244140625,1346.199951171875,268152,Yahoo Finance automated fallback,https://query1.finance.yahoo.com/v8/finance/chart/ICICIBANK.NS?period1=1778238506&period2=1783336106&interval=30m&events=history&includePrePost=false,2026-07-06T11:08:26.544444+00:00
2026-06-19T07:15:00+00:00,2026-06-19T07:45:00+00:00,30,ICICIBANK,ICICIBANK.NS,1346.5,1347.0,1344.5999755859375,1346.699951171875,357624,Yahoo Finance automated fallback,https://query1.finance.yahoo.com/v8/finance/chart/ICICIBANK.NS?period1=1778238506&period2=1783336106&interval=30m&events=history&includePrePost=false,2026-07-06T11:08:26.544444+00:00
2026-06-19T07:45:00+00:00,2026-06-19T08:15:00+00:00,30,ICICIBANK,ICICIBANK.NS,1346.699951171875,1347.0,1342.9000244140625,1343.4000244140625,496102,Yahoo Finance automated fallback,https://query1.finance.yahoo.com/v8/finance/chart/ICICIBANK.NS?period1=1778238506&period2=1783336106&interval=30m&events=history&includePrePost=false,2026-07-06T11:08:26.544444+00:00
2026-06-19T08:15:00+00:00,2026-06-19T08:45:00+00:00,30,ICICIBANK,ICICIBANK.NS,1343.4000244140625,1349.0,1343.0999755859375,1348.199951171875,451802,Yahoo Finance automated fallback,https://query1.finance.yahoo.com/v8/finance/chart/ICICIBANK.NS?period1=1778238506&period2=1783336106&interval=30m&events=history&includePrePost=false,2026-07-06T11:08:26.544444+00:00
2026-06-19T08:45:00+00:00,2026-06-19T09:15:00+00:00,30,ICICIBANK,ICICIBANK.NS,1348.5,1352.300048828125,1347.199951171875,1348.199951171875,720725,Yahoo Finance automated fallback,https://query1.finance.yahoo.com/v8/finance/chart/ICICIBANK.NS?period1=1778238506&period2=1783336106&interval=30m&events=history&includePrePost=false,2026-07-06T11:08:26.544444+00:00
2026-06-19T09:15:00+00:00,2026-06-19T09:45:00+00:00,30,ICICIBANK,ICICIBANK.NS,1348.0999755859375,1350.0999755859375,1341.0,1347.300048828125,2533832,Yahoo Finance automated fallback,https://query1.finance.yahoo.com/v8/finance/chart/ICICIBANK.NS?period1=1778238506&period2=1783336106&interval=30m&events=history&includePrePost=false,2026-07-06T11:08:26.544444+00:00
2026-06-19T09:45:00+00:00,2026-06-19T10:15:00+00:00,30,ICICIBANK,ICICIBANK.NS,1347.4000244140625,1348.9000244140625,1346.4000244140625,1347.800048828125,1331059,Yahoo Finance automated fallback,https://query1.finance.yahoo.com/v8/finance/chart/ICICIBANK.NS?period1=1778238506&period2=1783336106&interval=30m&events=history&includePrePost=false,2026-07-06T11:08:26.544444+00:00
2026-06-22T03:45:00+00:00,2026-06-22T04:15:00+00:00,30,ICICIBANK,ICICIBANK.NS,1353.4000244140625,1358.300048828125,1349.4000244140625,1355.199951171875,540706,Yahoo Finance automated fallback,https://query1.finance.yahoo.com/v8/finance/chart/ICICIBANK.NS?period1=1778238506&period2=1783336106&interval=30m&events=history&includePrePost=false,2026-07-06T11:08:26.544444+00:00
2026-06-22T04:15:00+00:00,2026-06-22T04:45:00+00:00,30,ICICIBANK,ICICIBANK.NS,1354.800048828125,1358.0,1354.5999755859375,1357.9000244140625,390097,Yahoo Finance automated fallback,https://query1.finance.yahoo.com/v8/finance/chart/ICICIBANK.NS?period1=1778238506&period2=1783336106&interval=30m&events=history&includePrePost=false,2026-07-06T11:08:26.544444+00:00
2026-06-22T04:45:00+00:00,2026-06-22T05:15:00+00:00,30,ICICIBANK,ICICIBANK.NS,1358.0,1362.699951171875,1357.800048828125,1360.4000244140625,521572,Yahoo Finance automated fallback,https://query1.finance.yahoo.com/v8/finance/chart/ICICIBANK.NS?period1=1778238506&period2=1783336106&interval=30m&events=history&includePrePost=false,2026-07-06T11:08:26.544444+00:00
2026-06-22T05:15:00+00:00,2026-06-22T05:45:00+00:00,30,ICICIBANK,ICICIBANK.NS,1360.699951171875,1360.9000244140625,1356.0999755859375,1356.0999755859375,245687,Yahoo Finance automated fallback,https://query1.finance.yahoo.com/v8/finance/chart/ICICIBANK.NS?period1=1778238506&period2=1783336106&interval=30m&events=history&includePrePost=false,2026-07-06T11:08:26.544444+00:00
2026-06-22T05:45:00+00:00,2026-06-22T06:15:00+00:00,30,ICICIBANK,ICICIBANK.NS,1356.5,1359.699951171875,1355.199951171875,1359.199951171875,205314,Yahoo Finance automated fallback,https://query1.finance.yahoo.com/v8/finance/chart/ICICIBANK.NS?period1=1778238506&period2=1783336106&interval=30m&events=history&includePrePost=false,2026-07-06T11:08:26.544444+00:00
2026-06-22T06:15:00+00:00,2026-06-22T06:45:00+00:00,30,ICICIBANK,ICICIBANK.NS,1359.0999755859375,1360.0,1356.800048828125,1357.0999755859375,175593,Yahoo Finance automated fallback,https://query1.finance.yahoo.com/v8/finance/chart/ICICIBANK.NS?period1=1778238506&period2=1783336106&interval=30m&events=history&includePrePost=false,2026-07-06T11:08:26.544444+00:00
2026-06-22T06:45:00+00:00,2026-06-22T07:15:00+00:00,30,ICICIBANK,ICICIBANK.NS,1357.0,1357.300048828125,1355.0999755859375,1357.0,162231,Yahoo Finance automated fallback,https://query1.finance.yahoo.com/v8/finance/chart/ICICIBANK.NS?period1=1778238506&period2=1783336106&interval=30m&events=history&includePrePost=false,2026-07-06T11:08:26.544444+00:00
2026-06-22T07:15:00+00:00,2026-06-22T07:45:00+00:00,30,ICICIBANK,ICICIBANK.NS,1357.0,1357.800048828125,1355.0,1355.800048828125,204721,Yahoo Finance automated fallback,https://query1.finance.yahoo.com/v8/finance/chart/ICICIBANK.NS?period1=1778238506&period2=1783336106&interval=30m&events=history&includePrePost=false,2026-07-06T11:08:26.544444+00:00
2026-06-22T07:45:00+00:00,2026-06-22T08:15:00+00:00,30,ICICIBANK,ICICIBANK.NS,1355.9000244140625,1357.5,1354.300048828125,1355.0,335518,Yahoo Finance automated fallback,https://query1.finance.yahoo.com/v8/finance/chart/ICICIBANK.NS?period1=1778238506&period2=1783336106&interval=30m&events=history&includePrePost=false,2026-07-06T11:08:26.544444+00:00
2026-06-22T08:15:00+00:00,2026-06-22T08:45:00+00:00,30,ICICIBANK,ICICIBANK.NS,1355.0,1355.5999755859375,1353.300048828125,1353.300048828125,248516,Yahoo Finance automated fallback,https://query1.finance.yahoo.com/v8/finance/chart/ICICIBANK.NS?period1=1778238506&period2=1783336106&interval=30m&events=history&includePrePost=false,2026-07-06T11:08:26.544444+00:00
2026-06-22T08:45:00+00:00,2026-06-22T09:15:00+00:00,30,ICICIBANK,ICICIBANK.NS,1353.300048828125,1355.4000244140625,1353.0999755859375,1355.4000244140625,257452,Yahoo Finance automated fallback,https://query1.finance.yahoo.com/v8/finance/chart/ICICIBANK.NS?period1=1778238506&period2=1783336106&interval=30m&events=history&includePrePost=false,2026-07-06T11:08:26.544444+00:00
2026-06-22T09:15:00+00:00,2026-06-22T09:45:00+00:00,30,ICICIBANK,ICICIBANK.NS,1355.4000244140625,1357.199951171875,1351.4000244140625,1352.199951171875,627169,Yahoo Finance automated fallback,https://query1.finance.yahoo.com/v8/finance/chart/ICICIBANK.NS?period1=1778238506&period2=1783336106&interval=30m&events=history&includePrePost=false,2026-07-06T11:08:26.544444+00:00
2026-06-22T09:45:00+00:00,2026-06-22T10:15:00+00:00,30,ICICIBANK,ICICIBANK.NS,1352.199951171875,1352.9000244140625,1350.0999755859375,1351.0,479867,Yahoo Finance automated fallback,https://query1.finance.yahoo.com/v8/finance/chart/ICICIBANK.NS?period1=1778238506&period2=1783336106&interval=30m&events=history&includePrePost=false,2026-07-06T11:08:26.544444+00:00
2026-06-23T03:45:00+00:00,2026-06-23T04:15:00+00:00,30,ICICIBANK,ICICIBANK.NS,1357.699951171875,1366.0,1354.199951171875,1362.300048828125,835529,Yahoo Finance automated fallback,https://query1.finance.yahoo.com/v8/finance/chart/ICICIBANK.NS?period1=1778238506&period2=1783336106&interval=30m&events=history&includePrePost=false,2026-07-06T11:08:26.544444+00:00
2026-06-23T04:15:00+00:00,2026-06-23T04:45:00+00:00,30,ICICIBANK,ICICIBANK.NS,1362.4000244140625,1363.5,1360.0999755859375,1362.300048828125,593693,Yahoo Finance automated fallback,https://query1.finance.yahoo.com/v8/finance/chart/ICICIBANK.NS?period1=1778238506&period2=1783336106&interval=30m&events=history&includePrePost=false,2026-07-06T11:08:26.544444+00:00
2026-06-23T04:45:00+00:00,2026-06-23T05:15:00+00:00,30,ICICIBANK,ICICIBANK.NS,1362.0999755859375,1365.699951171875,1361.5999755859375,1364.300048828125,550257,Yahoo Finance automated fallback,https://query1.finance.yahoo.com/v8/finance/chart/ICICIBANK.NS?period1=1778238506&period2=1783336106&interval=30m&events=history&includePrePost=false,2026-07-06T11:08:26.544444+00:00
2026-06-23T05:15:00+00:00,2026-06-23T05:45:00+00:00,30,ICICIBANK,ICICIBANK.NS,1364.199951171875,1368.9000244140625,1364.0,1368.0,675973,Yahoo Finance automated fallback,https://query1.finance.yahoo.com/v8/finance/chart/ICICIBANK.NS?period1=1778238506&period2=1783336106&interval=30m&events=history&includePrePost=false,2026-07-06T11:08:26.544444+00:00
2026-06-23T05:45:00+00:00,2026-06-23T06:15:00+00:00,30,ICICIBANK,ICICIBANK.NS,1368.0,1369.0999755859375,1365.699951171875,1367.0,756503,Yahoo Finance automated fallback,https://query1.finance.yahoo.com/v8/finance/chart/ICICIBANK.NS?period1=1778238506&period2=1783336106&interval=30m&events=history&includePrePost=false,2026-07-06T11:08:26.544444+00:00
2026-06-23T06:15:00+00:00,2026-06-23T06:45:00+00:00,30,ICICIBANK,ICICIBANK.NS,1366.5999755859375,1366.800048828125,1356.0999755859375,1357.699951171875,1177644,Yahoo Finance automated fallback,https://query1.finance.yahoo.com/v8/finance/chart/ICICIBANK.NS?period1=1778238506&period2=1783336106&interval=30m&events=history&includePrePost=false,2026-07-06T11:08:26.544444+00:00
2026-06-23T06:45:00+00:00,2026-06-23T07:15:00+00:00,30,ICICIBANK,ICICIBANK.NS,1357.699951171875,1357.9000244140625,1353.4000244140625,1354.699951171875,583201,Yahoo Finance automated fallback,https://query1.finance.yahoo.com/v8/finance/chart/ICICIBANK.NS?period1=1778238506&period2=1783336106&interval=30m&events=history&includePrePost=false,2026-07-06T11:08:26.544444+00:00
2026-06-23T07:15:00+00:00,2026-06-23T07:45:00+00:00,30,ICICIBANK,ICICIBANK.NS,1354.9000244140625,1356.199951171875,1353.4000244140625,1355.199951171875,545262,Yahoo Finance automated fallback,https://query1.finance.yahoo.com/v8/finance/chart/ICICIBANK.NS?period1=1778238506&period2=1783336106&interval=30m&events=history&includePrePost=false,2026-07-06T11:08:26.544444+00:00
2026-06-23T07:45:00+00:00,2026-06-23T08:15:00+00:00,30,ICICIBANK,ICICIBANK.NS,1355.199951171875,1355.5999755859375,1351.0999755859375,1353.0,454297,Yahoo Finance automated fallback,https://query1.finance.yahoo.com/v8/finance/chart/ICICIBANK.NS?period1=1778238506&period2=1783336106&interval=30m&events=history&includePrePost=false,2026-07-06T11:08:26.544444+00:00
2026-06-23T08:15:00+00:00,2026-06-23T08:45:00+00:00,30,ICICIBANK,ICICIBANK.NS,1353.0,1353.199951171875,1348.0999755859375,1350.199951171875,724222,Yahoo Finance automated fallback,https://query1.finance.yahoo.com/v8/finance/chart/ICICIBANK.NS?period1=1778238506&period2=1783336106&interval=30m&events=history&includePrePost=false,2026-07-06T11:08:26.544444+00:00
2026-06-23T08:45:00+00:00,2026-06-23T09:15:00+00:00,30,ICICIBANK,ICICIBANK.NS,1350.5999755859375,1350.9000244140625,1348.300048828125,1348.9000244140625,570836,Yahoo Finance automated fallback,https://query1.finance.yahoo.com/v8/finance/chart/ICICIBANK.NS?period1=1778238506&period2=1783336106&interval=30m&events=history&includePrePost=false,2026-07-06T11:08:26.544444+00:00
2026-06-23T09:15:00+00:00,2026-06-23T09:45:00+00:00,30,ICICIBANK,ICICIBANK.NS,1348.5999755859375,1349.699951171875,1337.5,1337.800048828125,2516414,Yahoo Finance automated fallback,https://query1.finance.yahoo.com/v8/finance/chart/ICICIBANK.NS?period1=1778238506&period2=1783336106&interval=30m&events=history&includePrePost=false,2026-07-06T11:08:26.544444+00:00
2026-06-23T09:45:00+00:00,2026-06-23T10:15:00+00:00,30,ICICIBANK,ICICIBANK.NS,1337.9000244140625,1338.0999755859375,1331.5,1335.5,1436679,Yahoo Finance automated fallback,https://query1.finance.yahoo.com/v8/finance/chart/ICICIBANK.NS?period1=1778238506&period2=1783336106&interval=30m&events=history&includePrePost=false,2026-07-06T11:08:26.544444+00:00
2026-06-24T03:45:00+00:00,2026-06-24T04:15:00+00:00,30,ICICIBANK,ICICIBANK.NS,1347.0,1365.5,1341.0999755859375,1363.5,1642266,Yahoo Finance automated fallback,https://query1.finance.yahoo.com/v8/finance/chart/ICICIBANK.NS?period1=1778238506&period2=1783336106&interval=30m&events=history&includePrePost=false,2026-07-06T11:08:26.544444+00:00
2026-06-24T04:15:00+00:00,2026-06-24T04:45:00+00:00,30,ICICIBANK,ICICIBANK.NS,1363.5999755859375,1370.300048828125,1359.0999755859375,1368.699951171875,1427423,Yahoo Finance automated fallback,https://query1.finance.yahoo.com/v8/finance/chart/ICICIBANK.NS?period1=1778238506&period2=1783336106&interval=30m&events=history&includePrePost=false,2026-07-06T11:08:26.544444+00:00
2026-06-24T04:45:00+00:00,2026-06-24T05:15:00+00:00,30,ICICIBANK,ICICIBANK.NS,1368.699951171875,1371.699951171875,1367.800048828125,1368.199951171875,1151291,Yahoo Finance automated fallback,https://query1.finance.yahoo.com/v8/finance/chart/ICICIBANK.NS?period1=1778238506&period2=1783336106&interval=30m&events=history&includePrePost=false,2026-07-06T11:08:26.544444+00:00
2026-06-24T05:15:00+00:00,2026-06-24T05:45:00+00:00,30,ICICIBANK,ICICIBANK.NS,1368.199951171875,1373.9000244140625,1368.0999755859375,1373.0,718898,Yahoo Finance automated fallback,https://query1.finance.yahoo.com/v8/finance/chart/ICICIBANK.NS?period1=1778238506&period2=1783336106&interval=30m&events=history&includePrePost=false,2026-07-06T11:08:26.544444+00:00
2026-06-24T05:45:00+00:00,2026-06-24T06:15:00+00:00,30,ICICIBANK,ICICIBANK.NS,1373.0,1375.0,1370.5,1375.0,1035098,Yahoo Finance automated fallback,https://query1.finance.yahoo.com/v8/finance/chart/ICICIBANK.NS?period1=1778238506&period2=1783336106&interval=30m&events=history&includePrePost=false,2026-07-06T11:08:26.544444+00:00
2026-06-24T06:15:00+00:00,2026-06-24T06:45:00+00:00,30,ICICIBANK,ICICIBANK.NS,1375.0,1376.699951171875,1373.4000244140625,1374.199951171875,1109592,Yahoo Finance automated fallback,https://query1.finance.yahoo.com/v8/finance/chart/ICICIBANK.NS?period1=1778238506&period2=1783336106&interval=30m&events=history&includePrePost=false,2026-07-06T11:08:26.544444+00:00
2026-06-24T06:45:00+00:00,2026-06-24T07:15:00+00:00,30,ICICIBANK,ICICIBANK.NS,1374.4000244140625,1375.9000244140625,1368.5,1369.5,777599,Yahoo Finance automated fallback,https://query1.finance.yahoo.com/v8/finance/chart/ICICIBANK.NS?period1=1778238506&period2=1783336106&interval=30m&events=history&includePrePost=false,2026-07-06T11:08:26.544444+00:00
2026-06-24T07:15:00+00:00,2026-06-24T07:45:00+00:00,30,ICICIBANK,ICICIBANK.NS,1369.699951171875,1371.699951171875,1368.800048828125,1369.5,687302,Yahoo Finance automated fallback,https://query1.finance.yahoo.com/v8/finance/chart/ICICIBANK.NS?period1=1778238506&period2=1783336106&interval=30m&events=history&includePrePost=false,2026-07-06T11:08:26.544444+00:00
2026-06-24T07:45:00+00:00,2026-06-24T08:15:00+00:00,30,ICICIBANK,ICICIBANK.NS,1369.199951171875,1376.699951171875,1368.9000244140625,1375.5,898815,Yahoo Finance automated fallback,https://query1.finance.yahoo.com/v8/finance/chart/ICICIBANK.NS?period1=1778238506&period2=1783336106&interval=30m&events=history&includePrePost=false,2026-07-06T11:08:26.544444+00:00
2026-06-24T08:15:00+00:00,2026-06-24T08:45:00+00:00,30,ICICIBANK,ICICIBANK.NS,1375.4000244140625,1376.0999755859375,1369.199951171875,1369.800048828125,1108384,Yahoo Finance automated fallback,https://query1.finance.yahoo.com/v8/finance/chart/ICICIBANK.NS?period1=1778238506&period2=1783336106&interval=30m&events=history&includePrePost=false,2026-07-06T11:08:26.544444+00:00
2026-06-24T08:45:00+00:00,2026-06-24T09:15:00+00:00,30,ICICIBANK,ICICIBANK.NS,1369.699951171875,1375.0,1369.5999755859375,1374.4000244140625,1133117,Yahoo Finance automated fallback,https://query1.finance.yahoo.com/v8/finance/chart/ICICIBANK.NS?period1=1778238506&period2=1783336106&interval=30m&events=history&includePrePost=false,2026-07-06T11:08:26.544444+00:00
2026-06-24T09:15:00+00:00,2026-06-24T09:45:00+00:00,30,ICICIBANK,ICICIBANK.NS,1374.199951171875,1377.300048828125,1372.300048828125,1372.5,2553039,Yahoo Finance automated fallback,https://query1.finance.yahoo.com/v8/finance/chart/ICICIBANK.NS?period1=1778238506&period2=1783336106&interval=30m&events=history&includePrePost=false,2026-07-06T11:08:26.544444+00:00
2026-06-24T09:45:00+00:00,2026-06-24T10:15:00+00:00,30,ICICIBANK,ICICIBANK.NS,1372.5,1374.5999755859375,1371.0,1372.0,1534367,Yahoo Finance automated fallback,https://query1.finance.yahoo.com/v8/finance/chart/ICICIBANK.NS?period1=1778238506&period2=1783336106&interval=30m&events=history&includePrePost=false,2026-07-06T11:08:26.544444+00:00
2026-06-25T03:45:00+00:00,2026-06-25T04:15:00+00:00,30,ICICIBANK,ICICIBANK.NS,1380.0999755859375,1390.0999755859375,1380.0999755859375,1386.699951171875,1192562,Yahoo Finance automated fallback,https://query1.finance.yahoo.com/v8/finance/chart/ICICIBANK.NS?period1=1778238506&period2=1783336106&interval=30m&events=history&includePrePost=false,2026-07-06T11:08:26.544444+00:00
2026-06-25T04:15:00+00:00,2026-06-25T04:45:00+00:00,30,ICICIBANK,ICICIBANK.NS,1386.699951171875,1391.4000244140625,1386.5,1389.0,882700,Yahoo Finance automated fallback,https://query1.finance.yahoo.com/v8/finance/chart/ICICIBANK.NS?period1=1778238506&period2=1783336106&interval=30m&events=history&includePrePost=false,2026-07-06T11:08:26.544444+00:00
2026-06-25T04:45:00+00:00,2026-06-25T05:15:00+00:00,30,ICICIBANK,ICICIBANK.NS,1389.0,1389.9000244140625,1385.0999755859375,1387.9000244140625,1053931,Yahoo Finance automated fallback,https://query1.finance.yahoo.com/v8/finance/chart/ICICIBANK.NS?period1=1778238506&period2=1783336106&interval=30m&events=history&includePrePost=false,2026-07-06T11:08:26.544444+00:00
2026-06-25T05:15:00+00:00,2026-06-25T05:45:00+00:00,30,ICICIBANK,ICICIBANK.NS,1387.9000244140625,1388.199951171875,1385.199951171875,1387.300048828125,755564,Yahoo Finance automated fallback,https://query1.finance.yahoo.com/v8/finance/chart/ICICIBANK.NS?period1=1778238506&period2=1783336106&interval=30m&events=history&includePrePost=false,2026-07-06T11:08:26.544444+00:00
2026-06-25T05:45:00+00:00,2026-06-25T06:15:00+00:00,30,ICICIBANK,ICICIBANK.NS,1387.5,1391.9000244140625,1387.199951171875,1391.5,800635,Yahoo Finance automated fallback,https://query1.finance.yahoo.com/v8/finance/chart/ICICIBANK.NS?period1=1778238506&period2=1783336106&interval=30m&events=history&includePrePost=false,2026-07-06T11:08:26.544444+00:00
2026-06-25T06:15:00+00:00,2026-06-25T06:45:00+00:00,30,ICICIBANK,ICICIBANK.NS,1391.4000244140625,1403.4000244140625,1390.199951171875,1402.0,1564436,Yahoo Finance automated fallback,https://query1.finance.yahoo.com/v8/finance/chart/ICICIBANK.NS?period1=1778238506&period2=1783336106&interval=30m&events=history&includePrePost=false,2026-07-06T11:08:26.544444+00:00
2026-06-25T06:45:00+00:00,2026-06-25T07:15:00+00:00,30,ICICIBANK,ICICIBANK.NS,1402.0,1404.0,1396.4000244140625,1399.199951171875,1160961,Yahoo Finance automated fallback,https://query1.finance.yahoo.com/v8/finance/chart/ICICIBANK.NS?period1=1778238506&period2=1783336106&interval=30m&events=history&includePrePost=false,2026-07-06T11:08:26.544444+00:00
2026-06-25T07:15:00+00:00,2026-06-25T07:45:00+00:00,30,ICICIBANK,ICICIBANK.NS,1399.0,1401.4000244140625,1398.0,1398.4000244140625,759231,Yahoo Finance automated fallback,https://query1.finance.yahoo.com/v8/finance/chart/ICICIBANK.NS?period1=1778238506&period2=1783336106&interval=30m&events=history&includePrePost=false,2026-07-06T11:08:26.544444+00:00
2026-06-25T07:45:00+00:00,2026-06-25T08:15:00+00:00,30,ICICIBANK,ICICIBANK.NS,1398.300048828125,1399.5,1395.199951171875,1396.699951171875,1194114,Yahoo Finance automated fallback,https://query1.finance.yahoo.com/v8/finance/chart/ICICIBANK.NS?period1=1778238506&period2=1783336106&interval=30m&events=history&includePrePost=false,2026-07-06T11:08:26.544444+00:00
2026-06-25T08:15:00+00:00,2026-06-25T08:45:00+00:00,30,ICICIBANK,ICICIBANK.NS,1396.699951171875,1397.300048828125,1390.699951171875,1390.800048828125,975053,Yahoo Finance automated fallback,https://query1.finance.yahoo.com/v8/finance/chart/ICICIBANK.NS?period1=1778238506&period2=1783336106&interval=30m&events=history&includePrePost=false,2026-07-06T11:08:26.544444+00:00
2026-06-25T08:45:00+00:00,2026-06-25T09:15:00+00:00,30,ICICIBANK,ICICIBANK.NS,1390.5,1391.199951171875,1384.5999755859375,1384.5999755859375,1511853,Yahoo Finance automated fallback,https://query1.finance.yahoo.com/v8/finance/chart/ICICIBANK.NS?period1=1778238506&period2=1783336106&interval=30m&events=history&includePrePost=false,2026-07-06T11:08:26.544444+00:00
2026-06-25T09:15:00+00:00,2026-06-25T09:45:00+00:00,30,ICICIBANK,ICICIBANK.NS,1384.800048828125,1388.4000244140625,1382.9000244140625,1387.300048828125,2680219,Yahoo Finance automated fallback,https://query1.finance.yahoo.com/v8/finance/chart/ICICIBANK.NS?period1=1778238506&period2=1783336106&interval=30m&events=history&includePrePost=false,2026-07-06T11:08:26.544444+00:00
2026-06-25T09:45:00+00:00,2026-06-25T10:15:00+00:00,30,ICICIBANK,ICICIBANK.NS,1387.300048828125,1390.9000244140625,1385.0,1387.5,1599896,Yahoo Finance automated fallback,https://query1.finance.yahoo.com/v8/finance/chart/ICICIBANK.NS?period1=1778238506&period2=1783336106&interval=30m&events=history&includePrePost=false,2026-07-06T11:08:26.544444+00:00
2026-06-29T03:45:00+00:00,2026-06-29T04:15:00+00:00,30,ICICIBANK,ICICIBANK.NS,1393.0,1402.0,1383.199951171875,1390.4000244140625,1371994,Yahoo Finance automated fallback,https://query1.finance.yahoo.com/v8/finance/chart/ICICIBANK.NS?period1=1778238506&period2=1783336106&interval=30m&events=history&includePrePost=false,2026-07-06T11:08:26.544444+00:00
2026-06-29T04:15:00+00:00,2026-06-29T04:45:00+00:00,30,ICICIBANK,ICICIBANK.NS,1390.4000244140625,1391.0999755859375,1387.199951171875,1388.5,778785,Yahoo Finance automated fallback,https://query1.finance.yahoo.com/v8/finance/chart/ICICIBANK.NS?period1=1778238506&period2=1783336106&interval=30m&events=history&includePrePost=false,2026-07-06T11:08:26.544444+00:00
2026-06-29T04:45:00+00:00,2026-06-29T05:15:00+00:00,30,ICICIBANK,ICICIBANK.NS,1388.5,1391.5999755859375,1387.699951171875,1390.5999755859375,781092,Yahoo Finance automated fallback,https://query1.finance.yahoo.com/v8/finance/chart/ICICIBANK.NS?period1=1778238506&period2=1783336106&interval=30m&events=history&includePrePost=false,2026-07-06T11:08:26.544444+00:00
2026-06-29T05:15:00+00:00,2026-06-29T05:45:00+00:00,30,ICICIBANK,ICICIBANK.NS,1391.199951171875,1393.0,1386.699951171875,1389.0999755859375,856815,Yahoo Finance automated fallback,https://query1.finance.yahoo.com/v8/finance/chart/ICICIBANK.NS?period1=1778238506&period2=1783336106&interval=30m&events=history&includePrePost=false,2026-07-06T11:08:26.544444+00:00
2026-06-29T05:45:00+00:00,2026-06-29T06:15:00+00:00,30,ICICIBANK,ICICIBANK.NS,1388.9000244140625,1389.9000244140625,1386.0,1387.300048828125,580947,Yahoo Finance automated fallback,https://query1.finance.yahoo.com/v8/finance/chart/ICICIBANK.NS?period1=1778238506&period2=1783336106&interval=30m&events=history&includePrePost=false,2026-07-06T11:08:26.544444+00:00
2026-06-29T06:15:00+00:00,2026-06-29T06:45:00+00:00,30,ICICIBANK,ICICIBANK.NS,1387.300048828125,1389.800048828125,1386.9000244140625,1387.199951171875,642264,Yahoo Finance automated fallback,https://query1.finance.yahoo.com/v8/finance/chart/ICICIBANK.NS?period1=1778238506&period2=1783336106&interval=30m&events=history&includePrePost=false,2026-07-06T11:08:26.544444+00:00
2026-06-29T06:45:00+00:00,2026-06-29T07:15:00+00:00,30,ICICIBANK,ICICIBANK.NS,1387.4000244140625,1387.9000244140625,1384.699951171875,1386.5,512332,Yahoo Finance automated fallback,https://query1.finance.yahoo.com/v8/finance/chart/ICICIBANK.NS?period1=1778238506&period2=1783336106&interval=30m&events=history&includePrePost=false,2026-07-06T11:08:26.544444+00:00
2026-06-29T07:15:00+00:00,2026-06-29T07:45:00+00:00,30,ICICIBANK,ICICIBANK.NS,1386.5999755859375,1390.0999755859375,1386.0,1388.9000244140625,637204,Yahoo Finance automated fallback,https://query1.finance.yahoo.com/v8/finance/chart/ICICIBANK.NS?period1=1778238506&period2=1783336106&interval=30m&events=history&includePrePost=false,2026-07-06T11:08:26.544444+00:00
2026-06-29T07:45:00+00:00,2026-06-29T08:15:00+00:00,30,ICICIBANK,ICICIBANK.NS,1388.9000244140625,1389.0999755859375,1386.5,1386.699951171875,563411,Yahoo Finance automated fallback,https://query1.finance.yahoo.com/v8/finance/chart/ICICIBANK.NS?period1=1778238506&period2=1783336106&interval=30m&events=history&includePrePost=false,2026-07-06T11:08:26.544444+00:00
2026-06-29T08:15:00+00:00,2026-06-29T08:45:00+00:00,30,ICICIBANK,ICICIBANK.NS,1386.9000244140625,1389.5,1385.4000244140625,1388.300048828125,668774,Yahoo Finance automated fallback,https://query1.finance.yahoo.com/v8/finance/chart/ICICIBANK.NS?period1=1778238506&period2=1783336106&interval=30m&events=history&includePrePost=false,2026-07-06T11:08:26.544444+00:00
2026-06-29T08:45:00+00:00,2026-06-29T09:15:00+00:00,30,ICICIBANK,ICICIBANK.NS,1388.300048828125,1390.800048828125,1387.0999755859375,1388.699951171875,776811,Yahoo Finance automated fallback,https://query1.finance.yahoo.com/v8/finance/chart/ICICIBANK.NS?period1=1778238506&period2=1783336106&interval=30m&events=history&includePrePost=false,2026-07-06T11:08:26.544444+00:00
2026-06-29T09:15:00+00:00,2026-06-29T09:45:00+00:00,30,ICICIBANK,ICICIBANK.NS,1388.5,1390.4000244140625,1385.300048828125,1387.9000244140625,2113899,Yahoo Finance automated fallback,https://query1.finance.yahoo.com/v8/finance/chart/ICICIBANK.NS?period1=1778238506&period2=1783336106&interval=30m&events=history&includePrePost=false,2026-07-06T11:08:26.544444+00:00
2026-06-29T09:45:00+00:00,2026-06-29T10:15:00+00:00,30,ICICIBANK,ICICIBANK.NS,1387.9000244140625,1390.0,1386.9000244140625,1388.0,1478868,Yahoo Finance automated fallback,https://query1.finance.yahoo.com/v8/finance/chart/ICICIBANK.NS?period1=1778238506&period2=1783336106&interval=30m&events=history&includePrePost=false,2026-07-06T11:08:26.544444+00:00
2026-06-30T03:45:00+00:00,2026-06-30T04:15:00+00:00,30,ICICIBANK,ICICIBANK.NS,1395.0,1395.0,1387.699951171875,1388.5999755859375,1083032,Yahoo Finance automated fallback,https://query1.finance.yahoo.com/v8/finance/chart/ICICIBANK.NS?period1=1778238506&period2=1783336106&interval=30m&events=history&includePrePost=false,2026-07-06T11:08:26.544444+00:00
2026-06-30T04:15:00+00:00,2026-06-30T04:45:00+00:00,30,ICICIBANK,ICICIBANK.NS,1388.800048828125,1390.9000244140625,1383.0,1386.800048828125,702433,Yahoo Finance automated fallback,https://query1.finance.yahoo.com/v8/finance/chart/ICICIBANK.NS?period1=1778238506&period2=1783336106&interval=30m&events=history&includePrePost=false,2026-07-06T11:08:26.544444+00:00
2026-06-30T04:45:00+00:00,2026-06-30T05:15:00+00:00,30,ICICIBANK,ICICIBANK.NS,1386.9000244140625,1386.9000244140625,1380.4000244140625,1383.0,620056,Yahoo Finance automated fallback,https://query1.finance.yahoo.com/v8/finance/chart/ICICIBANK.NS?period1=1778238506&period2=1783336106&interval=30m&events=history&includePrePost=false,2026-07-06T11:08:26.544444+00:00
2026-06-30T05:15:00+00:00,2026-06-30T05:45:00+00:00,30,ICICIBANK,ICICIBANK.NS,1383.0,1385.0999755859375,1377.300048828125,1382.9000244140625,676927,Yahoo Finance automated fallback,https://query1.finance.yahoo.com/v8/finance/chart/ICICIBANK.NS?period1=1778238506&period2=1783336106&interval=30m&events=history&includePrePost=false,2026-07-06T11:08:26.544444+00:00
2026-06-30T05:45:00+00:00,2026-06-30T06:15:00+00:00,30,ICICIBANK,ICICIBANK.NS,1383.0999755859375,1386.699951171875,1378.199951171875,1380.199951171875,639407,Yahoo Finance automated fallback,https://query1.finance.yahoo.com/v8/finance/chart/ICICIBANK.NS?period1=1778238506&period2=1783336106&interval=30m&events=history&includePrePost=false,2026-07-06T11:08:26.544444+00:00
2026-06-30T06:15:00+00:00,2026-06-30T06:45:00+00:00,30,ICICIBANK,ICICIBANK.NS,1380.300048828125,1381.0999755859375,1376.4000244140625,1377.5,363371,Yahoo Finance automated fallback,https://query1.finance.yahoo.com/v8/finance/chart/ICICIBANK.NS?period1=1778238506&period2=1783336106&interval=30m&events=history&includePrePost=false,2026-07-06T11:08:26.544444+00:00
2026-06-30T06:45:00+00:00,2026-06-30T07:15:00+00:00,30,ICICIBANK,ICICIBANK.NS,1377.0999755859375,1380.0,1374.0,1379.5999755859375,681105,Yahoo Finance automated fallback,https://query1.finance.yahoo.com/v8/finance/chart/ICICIBANK.NS?period1=1778238506&period2=1783336106&interval=30m&events=history&includePrePost=false,2026-07-06T11:08:26.544444+00:00
2026-06-30T07:15:00+00:00,2026-06-30T07:45:00+00:00,30,ICICIBANK,ICICIBANK.NS,1379.0,1379.9000244140625,1374.0,1375.800048828125,1063505,Yahoo Finance automated fallback,https://query1.finance.yahoo.com/v8/finance/chart/ICICIBANK.NS?period1=1778238506&period2=1783336106&interval=30m&events=history&includePrePost=false,2026-07-06T11:08:26.544444+00:00
2026-06-30T07:45:00+00:00,2026-06-30T08:15:00+00:00,30,ICICIBANK,ICICIBANK.NS,1376.0,1376.5,1371.4000244140625,1374.5999755859375,756682,Yahoo Finance automated fallback,https://query1.finance.yahoo.com/v8/finance/chart/ICICIBANK.NS?period1=1778238506&period2=1783336106&interval=30m&events=history&includePrePost=false,2026-07-06T11:08:26.544444+00:00
2026-06-30T08:15:00+00:00,2026-06-30T08:45:00+00:00,30,ICICIBANK,ICICIBANK.NS,1374.5999755859375,1375.0,1366.699951171875,1366.9000244140625,1039912,Yahoo Finance automated fallback,https://query1.finance.yahoo.com/v8/finance/chart/ICICIBANK.NS?period1=1778238506&period2=1783336106&interval=30m&events=history&includePrePost=false,2026-07-06T11:08:26.544444+00:00
2026-06-30T08:45:00+00:00,2026-06-30T09:15:00+00:00,30,ICICIBANK,ICICIBANK.NS,1367.0999755859375,1379.0999755859375,1366.0999755859375,1377.5999755859375,3550112,Yahoo Finance automated fallback,https://query1.finance.yahoo.com/v8/finance/chart/ICICIBANK.NS?period1=1778238506&period2=1783336106&interval=30m&events=history&includePrePost=false,2026-07-06T11:08:26.544444+00:00
2026-06-30T09:15:00+00:00,2026-06-30T09:45:00+00:00,30,ICICIBANK,ICICIBANK.NS,1377.800048828125,1379.0999755859375,1371.0999755859375,1375.5999755859375,4449982,Yahoo Finance automated fallback,https://query1.finance.yahoo.com/v8/finance/chart/ICICIBANK.NS?period1=1778238506&period2=1783336106&interval=30m&events=history&includePrePost=false,2026-07-06T11:08:26.544444+00:00
2026-06-30T09:45:00+00:00,2026-06-30T10:15:00+00:00,30,ICICIBANK,ICICIBANK.NS,1375.5999755859375,1380.5999755859375,1375.199951171875,1375.199951171875,2280228,Yahoo Finance automated fallback,https://query1.finance.yahoo.com/v8/finance/chart/ICICIBANK.NS?period1=1778238506&period2=1783336106&interval=30m&events=history&includePrePost=false,2026-07-06T11:08:26.544444+00:00
2026-07-01T03:45:00+00:00,2026-07-01T04:15:00+00:00,30,ICICIBANK,ICICIBANK.NS,1371.800048828125,1373.800048828125,1367.9000244140625,1372.9000244140625,1073238,Yahoo Finance automated fallback,https://query1.finance.yahoo.com/v8/finance/chart/ICICIBANK.NS?period1=1778238506&period2=1783336106&interval=30m&events=history&includePrePost=false,2026-07-06T11:08:26.544444+00:00
2026-07-01T04:15:00+00:00,2026-07-01T04:45:00+00:00,30,ICICIBANK,ICICIBANK.NS,1373.0,1375.5,1371.4000244140625,1373.699951171875,1218965,Yahoo Finance automated fallback,https://query1.finance.yahoo.com/v8/finance/chart/ICICIBANK.NS?period1=1778238506&period2=1783336106&interval=30m&events=history&includePrePost=false,2026-07-06T11:08:26.544444+00:00
2026-07-01T04:45:00+00:00,2026-07-01T05:15:00+00:00,30,ICICIBANK,ICICIBANK.NS,1373.699951171875,1376.699951171875,1372.0999755859375,1372.199951171875,465472,Yahoo Finance automated fallback,https://query1.finance.yahoo.com/v8/finance/chart/ICICIBANK.NS?period1=1778238506&period2=1783336106&interval=30m&events=history&includePrePost=false,2026-07-06T11:08:26.544444+00:00
2026-07-01T05:15:00+00:00,2026-07-01T05:45:00+00:00,30,ICICIBANK,ICICIBANK.NS,1372.300048828125,1376.699951171875,1371.0,1376.699951171875,483906,Yahoo Finance automated fallback,https://query1.finance.yahoo.com/v8/finance/chart/ICICIBANK.NS?period1=1778238506&period2=1783336106&interval=30m&events=history&includePrePost=false,2026-07-06T11:08:26.544444+00:00
2026-07-01T05:45:00+00:00,2026-07-01T06:15:00+00:00,30,ICICIBANK,ICICIBANK.NS,1376.699951171875,1377.0,1373.800048828125,1376.4000244140625,1618338,Yahoo Finance automated fallback,https://query1.finance.yahoo.com/v8/finance/chart/ICICIBANK.NS?period1=1778238506&period2=1783336106&interval=30m&events=history&includePrePost=false,2026-07-06T11:08:26.544444+00:00
2026-07-01T06:15:00+00:00,2026-07-01T06:45:00+00:00,30,ICICIBANK,ICICIBANK.NS,1376.0,1384.300048828125,1376.0,1381.9000244140625,1816445,Yahoo Finance automated fallback,https://query1.finance.yahoo.com/v8/finance/chart/ICICIBANK.NS?period1=1778238506&period2=1783336106&interval=30m&events=history&includePrePost=false,2026-07-06T11:08:26.544444+00:00
2026-07-01T06:45:00+00:00,2026-07-01T07:15:00+00:00,30,ICICIBANK,ICICIBANK.NS,1381.9000244140625,1383.5,1379.0,1380.5,537444,Yahoo Finance automated fallback,https://query1.finance.yahoo.com/v8/finance/chart/ICICIBANK.NS?period1=1778238506&period2=1783336106&interval=30m&events=history&includePrePost=false,2026-07-06T11:08:26.544444+00:00
2026-07-01T07:15:00+00:00,2026-07-01T07:45:00+00:00,30,ICICIBANK,ICICIBANK.NS,1380.9000244140625,1384.4000244140625,1380.5,1384.300048828125,326498,Yahoo Finance automated fallback,https://query1.finance.yahoo.com/v8/finance/chart/ICICIBANK.NS?period1=1778238506&period2=1783336106&interval=30m&events=history&includePrePost=false,2026-07-06T11:08:26.544444+00:00
2026-07-01T07:45:00+00:00,2026-07-01T08:15:00+00:00,30,ICICIBANK,ICICIBANK.NS,1384.199951171875,1385.0,1380.5,1381.0,512319,Yahoo Finance automated fallback,https://query1.finance.yahoo.com/v8/finance/chart/ICICIBANK.NS?period1=1778238506&period2=1783336106&interval=30m&events=history&includePrePost=false,2026-07-06T11:08:26.544444+00:00
2026-07-01T08:15:00+00:00,2026-07-01T08:45:00+00:00,30,ICICIBANK,ICICIBANK.NS,1381.0,1381.0999755859375,1377.699951171875,1377.699951171875,787654,Yahoo Finance automated fallback,https://query1.finance.yahoo.com/v8/finance/chart/ICICIBANK.NS?period1=1778238506&period2=1783336106&interval=30m&events=history&includePrePost=false,2026-07-06T11:08:26.544444+00:00
2026-07-01T08:45:00+00:00,2026-07-01T09:15:00+00:00,30,ICICIBANK,ICICIBANK.NS,1378.0,1381.5,1376.800048828125,1377.4000244140625,765799,Yahoo Finance automated fallback,https://query1.finance.yahoo.com/v8/finance/chart/ICICIBANK.NS?period1=1778238506&period2=1783336106&interval=30m&events=history&includePrePost=false,2026-07-06T11:08:26.544444+00:00
2026-07-01T09:15:00+00:00,2026-07-01T09:45:00+00:00,30,ICICIBANK,ICICIBANK.NS,1377.699951171875,1382.9000244140625,1377.0,1379.0,1397122,Yahoo Finance automated fallback,https://query1.finance.yahoo.com/v8/finance/chart/ICICIBANK.NS?period1=1778238506&period2=1783336106&interval=30m&events=history&includePrePost=false,2026-07-06T11:08:26.544444+00:00
2026-07-01T09:45:00+00:00,2026-07-01T10:15:00+00:00,30,ICICIBANK,ICICIBANK.NS,1379.5,1380.4000244140625,1376.0999755859375,1379.800048828125,491044,Yahoo Finance automated fallback,https://query1.finance.yahoo.com/v8/finance/chart/ICICIBANK.NS?period1=1778238506&period2=1783336106&interval=30m&events=history&includePrePost=false,2026-07-06T11:08:26.544444+00:00
2026-07-02T03:45:00+00:00,2026-07-02T04:15:00+00:00,30,ICICIBANK,ICICIBANK.NS,1381.9000244140625,1395.0,1377.5999755859375,1392.9000244140625,742789,Yahoo Finance automated fallback,https://query1.finance.yahoo.com/v8/finance/chart/ICICIBANK.NS?period1=1778238506&period2=1783336106&interval=30m&events=history&includePrePost=false,2026-07-06T11:08:26.544444+00:00
2026-07-02T04:15:00+00:00,2026-07-02T04:45:00+00:00,30,ICICIBANK,ICICIBANK.NS,1393.0,1395.800048828125,1386.0,1386.0,772452,Yahoo Finance automated fallback,https://query1.finance.yahoo.com/v8/finance/chart/ICICIBANK.NS?period1=1778238506&period2=1783336106&interval=30m&events=history&includePrePost=false,2026-07-06T11:08:26.544444+00:00
2026-07-02T04:45:00+00:00,2026-07-02T05:15:00+00:00,30,ICICIBANK,ICICIBANK.NS,1386.0,1390.5999755859375,1385.0,1389.0999755859375,613936,Yahoo Finance automated fallback,https://query1.finance.yahoo.com/v8/finance/chart/ICICIBANK.NS?period1=1778238506&period2=1783336106&interval=30m&events=history&includePrePost=false,2026-07-06T11:08:26.544444+00:00
2026-07-02T05:15:00+00:00,2026-07-02T05:45:00+00:00,30,ICICIBANK,ICICIBANK.NS,1389.199951171875,1391.199951171875,1387.800048828125,1388.5999755859375,523962,Yahoo Finance automated fallback,https://query1.finance.yahoo.com/v8/finance/chart/ICICIBANK.NS?period1=1778238506&period2=1783336106&interval=30m&events=history&includePrePost=false,2026-07-06T11:08:26.544444+00:00
2026-07-02T05:45:00+00:00,2026-07-02T06:15:00+00:00,30,ICICIBANK,ICICIBANK.NS,1388.800048828125,1390.300048828125,1385.199951171875,1386.800048828125,924908,Yahoo Finance automated fallback,https://query1.finance.yahoo.com/v8/finance/chart/ICICIBANK.NS?period1=1778238506&period2=1783336106&interval=30m&events=history&includePrePost=false,2026-07-06T11:08:26.544444+00:00
2026-07-02T06:15:00+00:00,2026-07-02T06:45:00+00:00,30,ICICIBANK,ICICIBANK.NS,1386.699951171875,1392.5999755859375,1384.9000244140625,1392.300048828125,1117043,Yahoo Finance automated fallback,https://query1.finance.yahoo.com/v8/finance/chart/ICICIBANK.NS?period1=1778238506&period2=1783336106&interval=30m&events=history&includePrePost=false,2026-07-06T11:08:26.544444+00:00
2026-07-02T06:45:00+00:00,2026-07-02T07:15:00+00:00,30,ICICIBANK,ICICIBANK.NS,1392.300048828125,1396.699951171875,1391.0,1395.0,848557,Yahoo Finance automated fallback,https://query1.finance.yahoo.com/v8/finance/chart/ICICIBANK.NS?period1=1778238506&period2=1783336106&interval=30m&events=history&includePrePost=false,2026-07-06T11:08:26.544444+00:00
2026-07-02T07:15:00+00:00,2026-07-02T07:45:00+00:00,30,ICICIBANK,ICICIBANK.NS,1395.0,1400.699951171875,1394.4000244140625,1399.699951171875,1036090,Yahoo Finance automated fallback,https://query1.finance.yahoo.com/v8/finance/chart/ICICIBANK.NS?period1=1778238506&period2=1783336106&interval=30m&events=history&includePrePost=false,2026-07-06T11:08:26.544444+00:00
2026-07-02T07:45:00+00:00,2026-07-02T08:15:00+00:00,30,ICICIBANK,ICICIBANK.NS,1399.699951171875,1401.0,1397.0999755859375,1398.800048828125,1148356,Yahoo Finance automated fallback,https://query1.finance.yahoo.com/v8/finance/chart/ICICIBANK.NS?period1=1778238506&period2=1783336106&interval=30m&events=history&includePrePost=false,2026-07-06T11:08:26.544444+00:00
2026-07-02T08:15:00+00:00,2026-07-02T08:45:00+00:00,30,ICICIBANK,ICICIBANK.NS,1398.800048828125,1400.300048828125,1397.800048828125,1398.800048828125,1137146,Yahoo Finance automated fallback,https://query1.finance.yahoo.com/v8/finance/chart/ICICIBANK.NS?period1=1778238506&period2=1783336106&interval=30m&events=history&includePrePost=false,2026-07-06T11:08:26.544444+00:00
2026-07-02T08:45:00+00:00,2026-07-02T09:15:00+00:00,30,ICICIBANK,ICICIBANK.NS,1398.800048828125,1402.0,1396.199951171875,1401.0,2591628,Yahoo Finance automated fallback,https://query1.finance.yahoo.com/v8/finance/chart/ICICIBANK.NS?period1=1778238506&period2=1783336106&interval=30m&events=history&includePrePost=false,2026-07-06T11:08:26.544444+00:00
2026-07-02T09:15:00+00:00,2026-07-02T09:45:00+00:00,30,ICICIBANK,ICICIBANK.NS,1401.0,1404.199951171875,1398.5,1399.5,2424307,Yahoo Finance automated fallback,https://query1.finance.yahoo.com/v8/finance/chart/ICICIBANK.NS?period1=1778238506&period2=1783336106&interval=30m&events=history&includePrePost=false,2026-07-06T11:08:26.544444+00:00
2026-07-02T09:45:00+00:00,2026-07-02T10:15:00+00:00,30,ICICIBANK,ICICIBANK.NS,1399.5999755859375,1402.0999755859375,1399.0,1401.9000244140625,1411718,Yahoo Finance automated fallback,https://query1.finance.yahoo.com/v8/finance/chart/ICICIBANK.NS?period1=1778238506&period2=1783336106&interval=30m&events=history&includePrePost=false,2026-07-06T11:08:26.544444+00:00
2026-07-03T03:45:00+00:00,2026-07-03T04:15:00+00:00,30,ICICIBANK,ICICIBANK.NS,1410.300048828125,1420.0,1406.0999755859375,1413.0,1240383,Yahoo Finance automated fallback,https://query1.finance.yahoo.com/v8/finance/chart/ICICIBANK.NS?period1=1778238506&period2=1783336106&interval=30m&events=history&includePrePost=false,2026-07-06T11:08:26.544444+00:00
2026-07-03T04:15:00+00:00,2026-07-03T04:45:00+00:00,30,ICICIBANK,ICICIBANK.NS,1413.0,1414.699951171875,1410.5999755859375,1410.5999755859375,694545,Yahoo Finance automated fallback,https://query1.finance.yahoo.com/v8/finance/chart/ICICIBANK.NS?period1=1778238506&period2=1783336106&interval=30m&events=history&includePrePost=false,2026-07-06T11:08:26.544444+00:00
2026-07-03T04:45:00+00:00,2026-07-03T05:15:00+00:00,30,ICICIBANK,ICICIBANK.NS,1410.699951171875,1413.5999755859375,1408.300048828125,1413.199951171875,1145514,Yahoo Finance automated fallback,https://query1.finance.yahoo.com/v8/finance/chart/ICICIBANK.NS?period1=1778238506&period2=1783336106&interval=30m&events=history&includePrePost=false,2026-07-06T11:08:26.544444+00:00
2026-07-03T05:15:00+00:00,2026-07-03T05:45:00+00:00,30,ICICIBANK,ICICIBANK.NS,1413.199951171875,1414.300048828125,1411.199951171875,1412.0,1317996,Yahoo Finance automated fallback,https://query1.finance.yahoo.com/v8/finance/chart/ICICIBANK.NS?period1=1778238506&period2=1783336106&interval=30m&events=history&includePrePost=false,2026-07-06T11:08:26.544444+00:00
2026-07-03T05:45:00+00:00,2026-07-03T06:15:00+00:00,30,ICICIBANK,ICICIBANK.NS,1411.9000244140625,1413.0,1409.0,1412.300048828125,1001477,Yahoo Finance automated fallback,https://query1.finance.yahoo.com/v8/finance/chart/ICICIBANK.NS?period1=1778238506&period2=1783336106&interval=30m&events=history&includePrePost=false,2026-07-06T11:08:26.544444+00:00
2026-07-03T06:15:00+00:00,2026-07-03T06:45:00+00:00,30,ICICIBANK,ICICIBANK.NS,1412.0,1413.9000244140625,1409.9000244140625,1413.699951171875,750214,Yahoo Finance automated fallback,https://query1.finance.yahoo.com/v8/finance/chart/ICICIBANK.NS?period1=1778238506&period2=1783336106&interval=30m&events=history&includePrePost=false,2026-07-06T11:08:26.544444+00:00
2026-07-03T06:45:00+00:00,2026-07-03T07:15:00+00:00,30,ICICIBANK,ICICIBANK.NS,1413.5,1414.9000244140625,1412.5999755859375,1412.800048828125,1025391,Yahoo Finance automated fallback,https://query1.finance.yahoo.com/v8/finance/chart/ICICIBANK.NS?period1=1778238506&period2=1783336106&interval=30m&events=history&includePrePost=false,2026-07-06T11:08:26.544444+00:00
2026-07-03T07:15:00+00:00,2026-07-03T07:45:00+00:00,30,ICICIBANK,ICICIBANK.NS,1412.9000244140625,1415.800048828125,1411.5999755859375,1412.9000244140625,785834,Yahoo Finance automated fallback,https://query1.finance.yahoo.com/v8/finance/chart/ICICIBANK.NS?period1=1778238506&period2=1783336106&interval=30m&events=history&includePrePost=false,2026-07-06T11:08:26.544444+00:00
2026-07-03T07:45:00+00:00,2026-07-03T08:15:00+00:00,30,ICICIBANK,ICICIBANK.NS,1413.0999755859375,1414.0,1408.5999755859375,1410.300048828125,799493,Yahoo Finance automated fallback,https://query1.finance.yahoo.com/v8/finance/chart/ICICIBANK.NS?period1=1778238506&period2=1783336106&interval=30m&events=history&includePrePost=false,2026-07-06T11:08:26.544444+00:00
2026-07-03T08:15:00+00:00,2026-07-03T08:45:00+00:00,30,ICICIBANK,ICICIBANK.NS,1410.5,1412.800048828125,1408.9000244140625,1412.0999755859375,520010,Yahoo Finance automated fallback,https://query1.finance.yahoo.com/v8/finance/chart/ICICIBANK.NS?period1=1778238506&period2=1783336106&interval=30m&events=history&includePrePost=false,2026-07-06T11:08:26.544444+00:00
2026-07-03T08:45:00+00:00,2026-07-03T09:15:00+00:00,30,ICICIBANK,ICICIBANK.NS,1412.0,1413.300048828125,1410.0,1412.4000244140625,651208,Yahoo Finance automated fallback,https://query1.finance.yahoo.com/v8/finance/chart/ICICIBANK.NS?period1=1778238506&period2=1783336106&interval=30m&events=history&includePrePost=false,2026-07-06T11:08:26.544444+00:00
2026-07-03T09:15:00+00:00,2026-07-03T09:45:00+00:00,30,ICICIBANK,ICICIBANK.NS,1412.4000244140625,1412.4000244140625,1410.0,1411.300048828125,1079325,Yahoo Finance automated fallback,https://query1.finance.yahoo.com/v8/finance/chart/ICICIBANK.NS?period1=1778238506&period2=1783336106&interval=30m&events=history&includePrePost=false,2026-07-06T11:08:26.544444+00:00
2026-07-03T09:45:00+00:00,2026-07-03T10:15:00+00:00,30,ICICIBANK,ICICIBANK.NS,1411.4000244140625,1412.5999755859375,1410.699951171875,1412.5999755859375,950329,Yahoo Finance automated fallback,https://query1.finance.yahoo.com/v8/finance/chart/ICICIBANK.NS?period1=1778238506&period2=1783336106&interval=30m&events=history&includePrePost=false,2026-07-06T11:08:26.544444+00:00
2026-07-06T03:45:00+00:00,2026-07-06T04:15:00+00:00,30,ICICIBANK,ICICIBANK.NS,1413.800048828125,1431.199951171875,1412.0999755859375,1425.9000244140625,1073671,Yahoo Finance automated fallback,https://query1.finance.yahoo.com/v8/finance/chart/ICICIBANK.NS?period1=1778238506&period2=1783336106&interval=30m&events=history&includePrePost=false,2026-07-06T11:08:26.544444+00:00
2026-07-06T04:15:00+00:00,2026-07-06T04:45:00+00:00,30,ICICIBANK,ICICIBANK.NS,1425.5999755859375,1430.0,1425.0,1425.5,524982,Yahoo Finance automated fallback,https://query1.finance.yahoo.com/v8/finance/chart/ICICIBANK.NS?period1=1778238506&period2=1783336106&interval=30m&events=history&includePrePost=false,2026-07-06T11:08:26.544444+00:00
2026-07-06T04:45:00+00:00,2026-07-06T05:15:00+00:00,30,ICICIBANK,ICICIBANK.NS,1425.5,1428.699951171875,1425.0999755859375,1428.699951171875,1117259,Yahoo Finance automated fallback,https://query1.finance.yahoo.com/v8/finance/chart/ICICIBANK.NS?period1=1778238506&period2=1783336106&interval=30m&events=history&includePrePost=false,2026-07-06T11:08:26.544444+00:00
2026-07-06T05:15:00+00:00,2026-07-06T05:45:00+00:00,30,ICICIBANK,ICICIBANK.NS,1429.0,1430.4000244140625,1426.0,1426.199951171875,913775,Yahoo Finance automated fallback,https://query1.finance.yahoo.com/v8/finance/chart/ICICIBANK.NS?period1=1778238506&period2=1783336106&interval=30m&events=history&includePrePost=false,2026-07-06T11:08:26.544444+00:00
2026-07-06T05:45:00+00:00,2026-07-06T06:15:00+00:00,30,ICICIBANK,ICICIBANK.NS,1426.4000244140625,1427.5,1418.300048828125,1418.300048828125,867720,Yahoo Finance automated fallback,https://query1.finance.yahoo.com/v8/finance/chart/ICICIBANK.NS?period1=1778238506&period2=1783336106&interval=30m&events=history&includePrePost=false,2026-07-06T11:08:26.544444+00:00
2026-07-06T06:15:00+00:00,2026-07-06T06:45:00+00:00,30,ICICIBANK,ICICIBANK.NS,1418.699951171875,1424.5,1418.199951171875,1424.5,475573,Yahoo Finance automated fallback,https://query1.finance.yahoo.com/v8/finance/chart/ICICIBANK.NS?period1=1778238506&period2=1783336106&interval=30m&events=history&includePrePost=false,2026-07-06T11:08:26.544444+00:00
2026-07-06T06:45:00+00:00,2026-07-06T07:15:00+00:00,30,ICICIBANK,ICICIBANK.NS,1424.699951171875,1426.5999755859375,1422.0999755859375,1426.300048828125,521586,Yahoo Finance automated fallback,https://query1.finance.yahoo.com/v8/finance/chart/ICICIBANK.NS?period1=1778238506&period2=1783336106&interval=30m&events=history&includePrePost=false,2026-07-06T11:08:26.544444+00:00
2026-07-06T07:15:00+00:00,2026-07-06T07:45:00+00:00,30,ICICIBANK,ICICIBANK.NS,1426.300048828125,1428.5,1425.0,1428.0999755859375,856686,Yahoo Finance automated fallback,https://query1.finance.yahoo.com/v8/finance/chart/ICICIBANK.NS?period1=1778238506&period2=1783336106&interval=30m&events=history&includePrePost=false,2026-07-06T11:08:26.544444+00:00
2026-07-06T07:45:00+00:00,2026-07-06T08:15:00+00:00,30,ICICIBANK,ICICIBANK.NS,1428.0999755859375,1428.4000244140625,1425.800048828125,1426.4000244140625,807678,Yahoo Finance automated fallback,https://query1.finance.yahoo.com/v8/finance/chart/ICICIBANK.NS?period1=1778238506&period2=1783336106&interval=30m&events=history&includePrePost=false,2026-07-06T11:08:26.544444+00:00
2026-07-06T08:15:00+00:00,2026-07-06T08:45:00+00:00,30,ICICIBANK,ICICIBANK.NS,1426.4000244140625,1428.0999755859375,1425.0,1426.0999755859375,1157012,Yahoo Finance automated fallback,https://query1.finance.yahoo.com/v8/finance/chart/ICICIBANK.NS?period1=1778238506&period2=1783336106&interval=30m&events=history&includePrePost=false,2026-07-06T11:08:26.544444+00:00
2026-07-06T08:45:00+00:00,2026-07-06T09:15:00+00:00,30,ICICIBANK,ICICIBANK.NS,1426.0999755859375,1426.5999755859375,1423.699951171875,1424.300048828125,1031139,Yahoo Finance automated fallback,https://query1.finance.yahoo.com/v8/finance/chart/ICICIBANK.NS?period1=1778238506&period2=1783336106&interval=30m&events=history&includePrePost=false,2026-07-06T11:08:26.544444+00:00
2026-07-06T09:15:00+00:00,2026-07-06T09:45:00+00:00,30,ICICIBANK,ICICIBANK.NS,1424.300048828125,1428.0,1422.300048828125,1427.0999755859375,1213882,Yahoo Finance automated fallback,https://query1.finance.yahoo.com/v8/finance/chart/ICICIBANK.NS?period1=1778238506&period2=1783336106&interval=30m&events=history&includePrePost=false,2026-07-06T11:08:26.544444+00:00
2026-07-06T09:45:00+00:00,2026-07-06T10:15:00+00:00,30,ICICIBANK,ICICIBANK.NS,1427.0999755859375,1428.0,1425.199951171875,1426.9000244140625,1025551,Yahoo Finance automated fallback,https://query1.finance.yahoo.com/v8/finance/chart/ICICIBANK.NS?period1=1778238506&period2=1783336106&interval=30m&events=history&includePrePost=false,2026-07-06T11:08:26.544444+00:00
