Interval Start,Interval End,Interval Minutes,Symbol,Ticker,Open,High,Low,Close,Volume,Source,Source URL,Fetch Timestamp
2026-05-11T03:45:00+00:00,2026-05-11T04:15:00+00:00,30,INFY,INFY.NS,1172.699951171875,1178.9000244140625,1172.199951171875,1175.300048828125,465764,Yahoo Finance automated fallback,https://query1.finance.yahoo.com/v8/finance/chart/INFY.NS?period1=1778238506&period2=1783336106&interval=30m&events=history&includePrePost=false,2026-07-06T11:08:26.544444+00:00
2026-05-11T04:15:00+00:00,2026-05-11T04:45:00+00:00,30,INFY,INFY.NS,1175.300048828125,1180.699951171875,1175.300048828125,1177.4000244140625,348316,Yahoo Finance automated fallback,https://query1.finance.yahoo.com/v8/finance/chart/INFY.NS?period1=1778238506&period2=1783336106&interval=30m&events=history&includePrePost=false,2026-07-06T11:08:26.544444+00:00
2026-05-11T04:45:00+00:00,2026-05-11T05:15:00+00:00,30,INFY,INFY.NS,1177.0,1181.5,1174.199951171875,1181.199951171875,371770,Yahoo Finance automated fallback,https://query1.finance.yahoo.com/v8/finance/chart/INFY.NS?period1=1778238506&period2=1783336106&interval=30m&events=history&includePrePost=false,2026-07-06T11:08:26.544444+00:00
2026-05-11T05:15:00+00:00,2026-05-11T05:45:00+00:00,30,INFY,INFY.NS,1181.0999755859375,1184.9000244140625,1179.5999755859375,1183.199951171875,495758,Yahoo Finance automated fallback,https://query1.finance.yahoo.com/v8/finance/chart/INFY.NS?period1=1778238506&period2=1783336106&interval=30m&events=history&includePrePost=false,2026-07-06T11:08:26.544444+00:00
2026-05-11T05:45:00+00:00,2026-05-11T06:15:00+00:00,30,INFY,INFY.NS,1183.699951171875,1185.9000244140625,1180.800048828125,1185.800048828125,653191,Yahoo Finance automated fallback,https://query1.finance.yahoo.com/v8/finance/chart/INFY.NS?period1=1778238506&period2=1783336106&interval=30m&events=history&includePrePost=false,2026-07-06T11:08:26.544444+00:00
2026-05-11T06:15:00+00:00,2026-05-11T06:45:00+00:00,30,INFY,INFY.NS,1185.699951171875,1186.9000244140625,1184.0,1184.4000244140625,606726,Yahoo Finance automated fallback,https://query1.finance.yahoo.com/v8/finance/chart/INFY.NS?period1=1778238506&period2=1783336106&interval=30m&events=history&includePrePost=false,2026-07-06T11:08:26.544444+00:00
2026-05-11T06:45:00+00:00,2026-05-11T07:15:00+00:00,30,INFY,INFY.NS,1184.5,1185.0,1182.4000244140625,1184.199951171875,465053,Yahoo Finance automated fallback,https://query1.finance.yahoo.com/v8/finance/chart/INFY.NS?period1=1778238506&period2=1783336106&interval=30m&events=history&includePrePost=false,2026-07-06T11:08:26.544444+00:00
2026-05-11T07:15:00+00:00,2026-05-11T07:45:00+00:00,30,INFY,INFY.NS,1184.300048828125,1184.300048828125,1181.0999755859375,1182.699951171875,555628,Yahoo Finance automated fallback,https://query1.finance.yahoo.com/v8/finance/chart/INFY.NS?period1=1778238506&period2=1783336106&interval=30m&events=history&includePrePost=false,2026-07-06T11:08:26.544444+00:00
2026-05-11T07:45:00+00:00,2026-05-11T08:15:00+00:00,30,INFY,INFY.NS,1183.0,1184.0,1181.0999755859375,1181.0999755859375,515454,Yahoo Finance automated fallback,https://query1.finance.yahoo.com/v8/finance/chart/INFY.NS?period1=1778238506&period2=1783336106&interval=30m&events=history&includePrePost=false,2026-07-06T11:08:26.544444+00:00
2026-05-11T08:15:00+00:00,2026-05-11T08:45:00+00:00,30,INFY,INFY.NS,1181.5999755859375,1183.4000244140625,1181.0999755859375,1181.5999755859375,442397,Yahoo Finance automated fallback,https://query1.finance.yahoo.com/v8/finance/chart/INFY.NS?period1=1778238506&period2=1783336106&interval=30m&events=history&includePrePost=false,2026-07-06T11:08:26.544444+00:00
2026-05-11T08:45:00+00:00,2026-05-11T09:15:00+00:00,30,INFY,INFY.NS,1181.5999755859375,1181.699951171875,1176.5,1178.300048828125,434243,Yahoo Finance automated fallback,https://query1.finance.yahoo.com/v8/finance/chart/INFY.NS?period1=1778238506&period2=1783336106&interval=30m&events=history&includePrePost=false,2026-07-06T11:08:26.544444+00:00
2026-05-11T09:15:00+00:00,2026-05-11T09:45:00+00:00,30,INFY,INFY.NS,1178.699951171875,1179.699951171875,1175.0,1177.300048828125,995625,Yahoo Finance automated fallback,https://query1.finance.yahoo.com/v8/finance/chart/INFY.NS?period1=1778238506&period2=1783336106&interval=30m&events=history&includePrePost=false,2026-07-06T11:08:26.544444+00:00
2026-05-11T09:45:00+00:00,2026-05-11T10:15:00+00:00,30,INFY,INFY.NS,1177.300048828125,1178.699951171875,1175.0999755859375,1176.0,615279,Yahoo Finance automated fallback,https://query1.finance.yahoo.com/v8/finance/chart/INFY.NS?period1=1778238506&period2=1783336106&interval=30m&events=history&includePrePost=false,2026-07-06T11:08:26.544444+00:00
2026-05-12T03:45:00+00:00,2026-05-12T04:15:00+00:00,30,INFY,INFY.NS,1162.0,1162.0,1133.0999755859375,1138.300048828125,1838931,Yahoo Finance automated fallback,https://query1.finance.yahoo.com/v8/finance/chart/INFY.NS?period1=1778238506&period2=1783336106&interval=30m&events=history&includePrePost=false,2026-07-06T11:08:26.544444+00:00
2026-05-12T04:15:00+00:00,2026-05-12T04:45:00+00:00,30,INFY,INFY.NS,1138.4000244140625,1138.4000244140625,1131.5,1134.5,1107824,Yahoo Finance automated fallback,https://query1.finance.yahoo.com/v8/finance/chart/INFY.NS?period1=1778238506&period2=1783336106&interval=30m&events=history&includePrePost=false,2026-07-06T11:08:26.544444+00:00
2026-05-12T04:45:00+00:00,2026-05-12T05:15:00+00:00,30,INFY,INFY.NS,1134.4000244140625,1135.5,1130.4000244140625,1131.5,668567,Yahoo Finance automated fallback,https://query1.finance.yahoo.com/v8/finance/chart/INFY.NS?period1=1778238506&period2=1783336106&interval=30m&events=history&includePrePost=false,2026-07-06T11:08:26.544444+00:00
2026-05-12T05:15:00+00:00,2026-05-12T05:45:00+00:00,30,INFY,INFY.NS,1131.5,1133.800048828125,1131.0,1131.800048828125,545099,Yahoo Finance automated fallback,https://query1.finance.yahoo.com/v8/finance/chart/INFY.NS?period1=1778238506&period2=1783336106&interval=30m&events=history&includePrePost=false,2026-07-06T11:08:26.544444+00:00
2026-05-12T05:45:00+00:00,2026-05-12T06:15:00+00:00,30,INFY,INFY.NS,1131.800048828125,1134.199951171875,1130.4000244140625,1131.9000244140625,744699,Yahoo Finance automated fallback,https://query1.finance.yahoo.com/v8/finance/chart/INFY.NS?period1=1778238506&period2=1783336106&interval=30m&events=history&includePrePost=false,2026-07-06T11:08:26.544444+00:00
2026-05-12T06:15:00+00:00,2026-05-12T06:45:00+00:00,30,INFY,INFY.NS,1131.9000244140625,1133.0,1126.4000244140625,1126.9000244140625,738567,Yahoo Finance automated fallback,https://query1.finance.yahoo.com/v8/finance/chart/INFY.NS?period1=1778238506&period2=1783336106&interval=30m&events=history&includePrePost=false,2026-07-06T11:08:26.544444+00:00
2026-05-12T06:45:00+00:00,2026-05-12T07:15:00+00:00,30,INFY,INFY.NS,1126.9000244140625,1132.4000244140625,1123.0999755859375,1132.300048828125,1069978,Yahoo Finance automated fallback,https://query1.finance.yahoo.com/v8/finance/chart/INFY.NS?period1=1778238506&period2=1783336106&interval=30m&events=history&includePrePost=false,2026-07-06T11:08:26.544444+00:00
2026-05-12T07:15:00+00:00,2026-05-12T07:45:00+00:00,30,INFY,INFY.NS,1132.300048828125,1138.9000244140625,1130.0,1138.800048828125,969537,Yahoo Finance automated fallback,https://query1.finance.yahoo.com/v8/finance/chart/INFY.NS?period1=1778238506&period2=1783336106&interval=30m&events=history&includePrePost=false,2026-07-06T11:08:26.544444+00:00
2026-05-12T07:45:00+00:00,2026-05-12T08:15:00+00:00,30,INFY,INFY.NS,1139.300048828125,1140.5,1136.5999755859375,1138.0,1028810,Yahoo Finance automated fallback,https://query1.finance.yahoo.com/v8/finance/chart/INFY.NS?period1=1778238506&period2=1783336106&interval=30m&events=history&includePrePost=false,2026-07-06T11:08:26.544444+00:00
2026-05-12T08:15:00+00:00,2026-05-12T08:45:00+00:00,30,INFY,INFY.NS,1138.0,1139.9000244140625,1135.0,1139.199951171875,1222468,Yahoo Finance automated fallback,https://query1.finance.yahoo.com/v8/finance/chart/INFY.NS?period1=1778238506&period2=1783336106&interval=30m&events=history&includePrePost=false,2026-07-06T11:08:26.544444+00:00
2026-05-12T08:45:00+00:00,2026-05-12T09:15:00+00:00,30,INFY,INFY.NS,1139.199951171875,1141.9000244140625,1138.300048828125,1139.9000244140625,1007914,Yahoo Finance automated fallback,https://query1.finance.yahoo.com/v8/finance/chart/INFY.NS?period1=1778238506&period2=1783336106&interval=30m&events=history&includePrePost=false,2026-07-06T11:08:26.544444+00:00
2026-05-12T09:15:00+00:00,2026-05-12T09:45:00+00:00,30,INFY,INFY.NS,1140.0,1142.699951171875,1138.300048828125,1139.699951171875,3704555,Yahoo Finance automated fallback,https://query1.finance.yahoo.com/v8/finance/chart/INFY.NS?period1=1778238506&period2=1783336106&interval=30m&events=history&includePrePost=false,2026-07-06T11:08:26.544444+00:00
2026-05-12T09:45:00+00:00,2026-05-12T10:15:00+00:00,30,INFY,INFY.NS,1139.699951171875,1140.699951171875,1138.800048828125,1140.199951171875,1143239,Yahoo Finance automated fallback,https://query1.finance.yahoo.com/v8/finance/chart/INFY.NS?period1=1778238506&period2=1783336106&interval=30m&events=history&includePrePost=false,2026-07-06T11:08:26.544444+00:00
2026-05-13T03:45:00+00:00,2026-05-13T04:15:00+00:00,30,INFY,INFY.NS,1138.800048828125,1141.800048828125,1131.4000244140625,1132.5,588961,Yahoo Finance automated fallback,https://query1.finance.yahoo.com/v8/finance/chart/INFY.NS?period1=1778238506&period2=1783336106&interval=30m&events=history&includePrePost=false,2026-07-06T11:08:26.544444+00:00
2026-05-13T04:15:00+00:00,2026-05-13T04:45:00+00:00,30,INFY,INFY.NS,1131.5999755859375,1137.0,1129.199951171875,1135.5999755859375,386541,Yahoo Finance automated fallback,https://query1.finance.yahoo.com/v8/finance/chart/INFY.NS?period1=1778238506&period2=1783336106&interval=30m&events=history&includePrePost=false,2026-07-06T11:08:26.544444+00:00
2026-05-13T04:45:00+00:00,2026-05-13T05:15:00+00:00,30,INFY,INFY.NS,1135.5,1136.0,1130.199951171875,1131.9000244140625,283165,Yahoo Finance automated fallback,https://query1.finance.yahoo.com/v8/finance/chart/INFY.NS?period1=1778238506&period2=1783336106&interval=30m&events=history&includePrePost=false,2026-07-06T11:08:26.544444+00:00
2026-05-13T05:15:00+00:00,2026-05-13T05:45:00+00:00,30,INFY,INFY.NS,1131.5999755859375,1133.800048828125,1129.699951171875,1131.0,261931,Yahoo Finance automated fallback,https://query1.finance.yahoo.com/v8/finance/chart/INFY.NS?period1=1778238506&period2=1783336106&interval=30m&events=history&includePrePost=false,2026-07-06T11:08:26.544444+00:00
2026-05-13T05:45:00+00:00,2026-05-13T06:15:00+00:00,30,INFY,INFY.NS,1131.0,1138.5,1130.5999755859375,1137.199951171875,349067,Yahoo Finance automated fallback,https://query1.finance.yahoo.com/v8/finance/chart/INFY.NS?period1=1778238506&period2=1783336106&interval=30m&events=history&includePrePost=false,2026-07-06T11:08:26.544444+00:00
2026-05-13T06:15:00+00:00,2026-05-13T06:45:00+00:00,30,INFY,INFY.NS,1137.199951171875,1137.300048828125,1130.5,1134.300048828125,315230,Yahoo Finance automated fallback,https://query1.finance.yahoo.com/v8/finance/chart/INFY.NS?period1=1778238506&period2=1783336106&interval=30m&events=history&includePrePost=false,2026-07-06T11:08:26.544444+00:00
2026-05-13T06:45:00+00:00,2026-05-13T07:15:00+00:00,30,INFY,INFY.NS,1134.5,1134.5,1130.0999755859375,1130.5999755859375,294906,Yahoo Finance automated fallback,https://query1.finance.yahoo.com/v8/finance/chart/INFY.NS?period1=1778238506&period2=1783336106&interval=30m&events=history&includePrePost=false,2026-07-06T11:08:26.544444+00:00
2026-05-13T07:15:00+00:00,2026-05-13T07:45:00+00:00,30,INFY,INFY.NS,1130.5999755859375,1134.199951171875,1129.300048828125,1130.5999755859375,375241,Yahoo Finance automated fallback,https://query1.finance.yahoo.com/v8/finance/chart/INFY.NS?period1=1778238506&period2=1783336106&interval=30m&events=history&includePrePost=false,2026-07-06T11:08:26.544444+00:00
2026-05-13T07:45:00+00:00,2026-05-13T08:15:00+00:00,30,INFY,INFY.NS,1130.5,1130.9000244140625,1127.699951171875,1129.4000244140625,207071,Yahoo Finance automated fallback,https://query1.finance.yahoo.com/v8/finance/chart/INFY.NS?period1=1778238506&period2=1783336106&interval=30m&events=history&includePrePost=false,2026-07-06T11:08:26.544444+00:00
2026-05-13T08:15:00+00:00,2026-05-13T08:45:00+00:00,30,INFY,INFY.NS,1129.4000244140625,1130.4000244140625,1127.0,1127.5,399073,Yahoo Finance automated fallback,https://query1.finance.yahoo.com/v8/finance/chart/INFY.NS?period1=1778238506&period2=1783336106&interval=30m&events=history&includePrePost=false,2026-07-06T11:08:26.544444+00:00
2026-05-13T08:45:00+00:00,2026-05-13T09:15:00+00:00,30,INFY,INFY.NS,1127.699951171875,1127.699951171875,1121.199951171875,1122.9000244140625,753210,Yahoo Finance automated fallback,https://query1.finance.yahoo.com/v8/finance/chart/INFY.NS?period1=1778238506&period2=1783336106&interval=30m&events=history&includePrePost=false,2026-07-06T11:08:26.544444+00:00
2026-05-13T09:15:00+00:00,2026-05-13T09:45:00+00:00,30,INFY,INFY.NS,1122.800048828125,1125.5999755859375,1121.0,1123.800048828125,1223166,Yahoo Finance automated fallback,https://query1.finance.yahoo.com/v8/finance/chart/INFY.NS?period1=1778238506&period2=1783336106&interval=30m&events=history&includePrePost=false,2026-07-06T11:08:26.544444+00:00
2026-05-13T09:45:00+00:00,2026-05-13T10:15:00+00:00,30,INFY,INFY.NS,1123.9000244140625,1124.699951171875,1122.5,1123.4000244140625,767683,Yahoo Finance automated fallback,https://query1.finance.yahoo.com/v8/finance/chart/INFY.NS?period1=1778238506&period2=1783336106&interval=30m&events=history&includePrePost=false,2026-07-06T11:08:26.544444+00:00
2026-05-14T03:45:00+00:00,2026-05-14T04:15:00+00:00,30,INFY,INFY.NS,1119.699951171875,1120.0999755859375,1104.199951171875,1107.5,1629400,Yahoo Finance automated fallback,https://query1.finance.yahoo.com/v8/finance/chart/INFY.NS?period1=1778238506&period2=1783336106&interval=30m&events=history&includePrePost=false,2026-07-06T11:08:26.544444+00:00
2026-05-14T04:15:00+00:00,2026-05-14T04:45:00+00:00,30,INFY,INFY.NS,1108.0,1108.5,1101.800048828125,1105.5999755859375,634266,Yahoo Finance automated fallback,https://query1.finance.yahoo.com/v8/finance/chart/INFY.NS?period1=1778238506&period2=1783336106&interval=30m&events=history&includePrePost=false,2026-07-06T11:08:26.544444+00:00
2026-05-14T04:45:00+00:00,2026-05-14T05:15:00+00:00,30,INFY,INFY.NS,1105.800048828125,1107.5999755859375,1102.4000244140625,1105.199951171875,541530,Yahoo Finance automated fallback,https://query1.finance.yahoo.com/v8/finance/chart/INFY.NS?period1=1778238506&period2=1783336106&interval=30m&events=history&includePrePost=false,2026-07-06T11:08:26.544444+00:00
2026-05-14T05:15:00+00:00,2026-05-14T05:45:00+00:00,30,INFY,INFY.NS,1105.5,1105.5,1093.0,1093.5,1028603,Yahoo Finance automated fallback,https://query1.finance.yahoo.com/v8/finance/chart/INFY.NS?period1=1778238506&period2=1783336106&interval=30m&events=history&includePrePost=false,2026-07-06T11:08:26.544444+00:00
2026-05-14T05:45:00+00:00,2026-05-14T06:15:00+00:00,30,INFY,INFY.NS,1093.4000244140625,1096.800048828125,1092.5,1096.300048828125,1022943,Yahoo Finance automated fallback,https://query1.finance.yahoo.com/v8/finance/chart/INFY.NS?period1=1778238506&period2=1783336106&interval=30m&events=history&includePrePost=false,2026-07-06T11:08:26.544444+00:00
2026-05-14T06:15:00+00:00,2026-05-14T06:45:00+00:00,30,INFY,INFY.NS,1096.199951171875,1098.5999755859375,1091.4000244140625,1092.9000244140625,1034660,Yahoo Finance automated fallback,https://query1.finance.yahoo.com/v8/finance/chart/INFY.NS?period1=1778238506&period2=1783336106&interval=30m&events=history&includePrePost=false,2026-07-06T11:08:26.544444+00:00
2026-05-14T06:45:00+00:00,2026-05-14T07:15:00+00:00,30,INFY,INFY.NS,1092.800048828125,1093.800048828125,1090.5,1091.5,1005639,Yahoo Finance automated fallback,https://query1.finance.yahoo.com/v8/finance/chart/INFY.NS?period1=1778238506&period2=1783336106&interval=30m&events=history&includePrePost=false,2026-07-06T11:08:26.544444+00:00
2026-05-14T07:15:00+00:00,2026-05-14T07:45:00+00:00,30,INFY,INFY.NS,1091.699951171875,1095.4000244140625,1089.0999755859375,1094.5999755859375,1127683,Yahoo Finance automated fallback,https://query1.finance.yahoo.com/v8/finance/chart/INFY.NS?period1=1778238506&period2=1783336106&interval=30m&events=history&includePrePost=false,2026-07-06T11:08:26.544444+00:00
2026-05-14T07:45:00+00:00,2026-05-14T08:15:00+00:00,30,INFY,INFY.NS,1094.5999755859375,1098.300048828125,1094.0,1095.300048828125,1237522,Yahoo Finance automated fallback,https://query1.finance.yahoo.com/v8/finance/chart/INFY.NS?period1=1778238506&period2=1783336106&interval=30m&events=history&includePrePost=false,2026-07-06T11:08:26.544444+00:00
2026-05-14T08:15:00+00:00,2026-05-14T08:45:00+00:00,30,INFY,INFY.NS,1095.300048828125,1099.9000244140625,1094.4000244140625,1097.0999755859375,2327867,Yahoo Finance automated fallback,https://query1.finance.yahoo.com/v8/finance/chart/INFY.NS?period1=1778238506&period2=1783336106&interval=30m&events=history&includePrePost=false,2026-07-06T11:08:26.544444+00:00
2026-05-14T08:45:00+00:00,2026-05-14T09:15:00+00:00,30,INFY,INFY.NS,1097.0999755859375,1098.199951171875,1095.0999755859375,1095.4000244140625,1081598,Yahoo Finance automated fallback,https://query1.finance.yahoo.com/v8/finance/chart/INFY.NS?period1=1778238506&period2=1783336106&interval=30m&events=history&includePrePost=false,2026-07-06T11:08:26.544444+00:00
2026-05-14T09:15:00+00:00,2026-05-14T09:45:00+00:00,30,INFY,INFY.NS,1095.4000244140625,1097.5,1094.0999755859375,1096.800048828125,2113081,Yahoo Finance automated fallback,https://query1.finance.yahoo.com/v8/finance/chart/INFY.NS?period1=1778238506&period2=1783336106&interval=30m&events=history&includePrePost=false,2026-07-06T11:08:26.544444+00:00
2026-05-14T09:45:00+00:00,2026-05-14T10:15:00+00:00,30,INFY,INFY.NS,1096.699951171875,1096.9000244140625,1092.4000244140625,1094.5,1561841,Yahoo Finance automated fallback,https://query1.finance.yahoo.com/v8/finance/chart/INFY.NS?period1=1778238506&period2=1783336106&interval=30m&events=history&includePrePost=false,2026-07-06T11:08:26.544444+00:00
2026-05-15T03:45:00+00:00,2026-05-15T04:15:00+00:00,30,INFY,INFY.NS,1103.199951171875,1130.5999755859375,1103.199951171875,1126.0,1614825,Yahoo Finance automated fallback,https://query1.finance.yahoo.com/v8/finance/chart/INFY.NS?period1=1778238506&period2=1783336106&interval=30m&events=history&includePrePost=false,2026-07-06T11:08:26.544444+00:00
2026-05-15T04:15:00+00:00,2026-05-15T04:45:00+00:00,30,INFY,INFY.NS,1125.800048828125,1133.0,1121.300048828125,1123.800048828125,1558502,Yahoo Finance automated fallback,https://query1.finance.yahoo.com/v8/finance/chart/INFY.NS?period1=1778238506&period2=1783336106&interval=30m&events=history&includePrePost=false,2026-07-06T11:08:26.544444+00:00
2026-05-15T04:45:00+00:00,2026-05-15T05:15:00+00:00,30,INFY,INFY.NS,1124.0,1126.5,1119.5,1122.300048828125,665044,Yahoo Finance automated fallback,https://query1.finance.yahoo.com/v8/finance/chart/INFY.NS?period1=1778238506&period2=1783336106&interval=30m&events=history&includePrePost=false,2026-07-06T11:08:26.544444+00:00
2026-05-15T05:15:00+00:00,2026-05-15T05:45:00+00:00,30,INFY,INFY.NS,1122.5,1127.0,1118.5999755859375,1119.9000244140625,641480,Yahoo Finance automated fallback,https://query1.finance.yahoo.com/v8/finance/chart/INFY.NS?period1=1778238506&period2=1783336106&interval=30m&events=history&includePrePost=false,2026-07-06T11:08:26.544444+00:00
2026-05-15T05:45:00+00:00,2026-05-15T06:15:00+00:00,30,INFY,INFY.NS,1119.699951171875,1122.0,1118.4000244140625,1120.699951171875,527250,Yahoo Finance automated fallback,https://query1.finance.yahoo.com/v8/finance/chart/INFY.NS?period1=1778238506&period2=1783336106&interval=30m&events=history&includePrePost=false,2026-07-06T11:08:26.544444+00:00
2026-05-15T06:15:00+00:00,2026-05-15T06:45:00+00:00,30,INFY,INFY.NS,1120.699951171875,1124.300048828125,1120.0,1122.0,531082,Yahoo Finance automated fallback,https://query1.finance.yahoo.com/v8/finance/chart/INFY.NS?period1=1778238506&period2=1783336106&interval=30m&events=history&includePrePost=false,2026-07-06T11:08:26.544444+00:00
2026-05-15T06:45:00+00:00,2026-05-15T07:15:00+00:00,30,INFY,INFY.NS,1122.0,1125.0,1119.9000244140625,1123.4000244140625,676260,Yahoo Finance automated fallback,https://query1.finance.yahoo.com/v8/finance/chart/INFY.NS?period1=1778238506&period2=1783336106&interval=30m&events=history&includePrePost=false,2026-07-06T11:08:26.544444+00:00
2026-05-15T07:15:00+00:00,2026-05-15T07:45:00+00:00,30,INFY,INFY.NS,1123.4000244140625,1126.800048828125,1122.0,1126.800048828125,874996,Yahoo Finance automated fallback,https://query1.finance.yahoo.com/v8/finance/chart/INFY.NS?period1=1778238506&period2=1783336106&interval=30m&events=history&includePrePost=false,2026-07-06T11:08:26.544444+00:00
2026-05-15T07:45:00+00:00,2026-05-15T08:15:00+00:00,30,INFY,INFY.NS,1126.800048828125,1127.4000244140625,1119.0,1119.0,718221,Yahoo Finance automated fallback,https://query1.finance.yahoo.com/v8/finance/chart/INFY.NS?period1=1778238506&period2=1783336106&interval=30m&events=history&includePrePost=false,2026-07-06T11:08:26.544444+00:00
2026-05-15T08:15:00+00:00,2026-05-15T08:45:00+00:00,30,INFY,INFY.NS,1118.800048828125,1119.5,1114.0999755859375,1115.199951171875,754368,Yahoo Finance automated fallback,https://query1.finance.yahoo.com/v8/finance/chart/INFY.NS?period1=1778238506&period2=1783336106&interval=30m&events=history&includePrePost=false,2026-07-06T11:08:26.544444+00:00
2026-05-15T08:45:00+00:00,2026-05-15T09:15:00+00:00,30,INFY,INFY.NS,1115.199951171875,1118.300048828125,1112.800048828125,1118.300048828125,537325,Yahoo Finance automated fallback,https://query1.finance.yahoo.com/v8/finance/chart/INFY.NS?period1=1778238506&period2=1783336106&interval=30m&events=history&includePrePost=false,2026-07-06T11:08:26.544444+00:00
2026-05-15T09:15:00+00:00,2026-05-15T09:45:00+00:00,30,INFY,INFY.NS,1118.0,1122.9000244140625,1114.699951171875,1119.5,4363096,Yahoo Finance automated fallback,https://query1.finance.yahoo.com/v8/finance/chart/INFY.NS?period1=1778238506&period2=1783336106&interval=30m&events=history&includePrePost=false,2026-07-06T11:08:26.544444+00:00
2026-05-15T09:45:00+00:00,2026-05-15T10:15:00+00:00,30,INFY,INFY.NS,1119.9000244140625,1121.0,1115.0,1119.0,3131058,Yahoo Finance automated fallback,https://query1.finance.yahoo.com/v8/finance/chart/INFY.NS?period1=1778238506&period2=1783336106&interval=30m&events=history&includePrePost=false,2026-07-06T11:08:26.544444+00:00
2026-05-18T03:45:00+00:00,2026-05-18T04:15:00+00:00,30,INFY,INFY.NS,1120.0999755859375,1136.5,1120.0,1129.5999755859375,1226352,Yahoo Finance automated fallback,https://query1.finance.yahoo.com/v8/finance/chart/INFY.NS?period1=1778238506&period2=1783336106&interval=30m&events=history&includePrePost=false,2026-07-06T11:08:26.544444+00:00
2026-05-18T04:15:00+00:00,2026-05-18T04:45:00+00:00,30,INFY,INFY.NS,1129.5999755859375,1130.800048828125,1126.4000244140625,1127.0,519608,Yahoo Finance automated fallback,https://query1.finance.yahoo.com/v8/finance/chart/INFY.NS?period1=1778238506&period2=1783336106&interval=30m&events=history&includePrePost=false,2026-07-06T11:08:26.544444+00:00
2026-05-18T04:45:00+00:00,2026-05-18T05:15:00+00:00,30,INFY,INFY.NS,1127.0,1133.5999755859375,1126.800048828125,1129.0,904965,Yahoo Finance automated fallback,https://query1.finance.yahoo.com/v8/finance/chart/INFY.NS?period1=1778238506&period2=1783336106&interval=30m&events=history&includePrePost=false,2026-07-06T11:08:26.544444+00:00
2026-05-18T05:15:00+00:00,2026-05-18T05:45:00+00:00,30,INFY,INFY.NS,1128.5999755859375,1133.9000244140625,1125.9000244140625,1127.0,1249227,Yahoo Finance automated fallback,https://query1.finance.yahoo.com/v8/finance/chart/INFY.NS?period1=1778238506&period2=1783336106&interval=30m&events=history&includePrePost=false,2026-07-06T11:08:26.544444+00:00
2026-05-18T05:45:00+00:00,2026-05-18T06:15:00+00:00,30,INFY,INFY.NS,1127.0999755859375,1132.4000244140625,1125.5,1132.4000244140625,879059,Yahoo Finance automated fallback,https://query1.finance.yahoo.com/v8/finance/chart/INFY.NS?period1=1778238506&period2=1783336106&interval=30m&events=history&includePrePost=false,2026-07-06T11:08:26.544444+00:00
2026-05-18T06:15:00+00:00,2026-05-18T06:45:00+00:00,30,INFY,INFY.NS,1132.5999755859375,1139.800048828125,1131.0999755859375,1139.699951171875,957079,Yahoo Finance automated fallback,https://query1.finance.yahoo.com/v8/finance/chart/INFY.NS?period1=1778238506&period2=1783336106&interval=30m&events=history&includePrePost=false,2026-07-06T11:08:26.544444+00:00
2026-05-18T06:45:00+00:00,2026-05-18T07:15:00+00:00,30,INFY,INFY.NS,1139.5,1141.800048828125,1136.0,1138.800048828125,795610,Yahoo Finance automated fallback,https://query1.finance.yahoo.com/v8/finance/chart/INFY.NS?period1=1778238506&period2=1783336106&interval=30m&events=history&includePrePost=false,2026-07-06T11:08:26.544444+00:00
2026-05-18T07:15:00+00:00,2026-05-18T07:45:00+00:00,30,INFY,INFY.NS,1139.0999755859375,1140.4000244140625,1136.5999755859375,1138.5999755859375,384186,Yahoo Finance automated fallback,https://query1.finance.yahoo.com/v8/finance/chart/INFY.NS?period1=1778238506&period2=1783336106&interval=30m&events=history&includePrePost=false,2026-07-06T11:08:26.544444+00:00
2026-05-18T07:45:00+00:00,2026-05-18T08:15:00+00:00,30,INFY,INFY.NS,1138.4000244140625,1139.9000244140625,1135.300048828125,1137.5,502069,Yahoo Finance automated fallback,https://query1.finance.yahoo.com/v8/finance/chart/INFY.NS?period1=1778238506&period2=1783336106&interval=30m&events=history&includePrePost=false,2026-07-06T11:08:26.544444+00:00
2026-05-18T08:15:00+00:00,2026-05-18T08:45:00+00:00,30,INFY,INFY.NS,1137.5999755859375,1138.4000244140625,1134.9000244140625,1136.699951171875,453883,Yahoo Finance automated fallback,https://query1.finance.yahoo.com/v8/finance/chart/INFY.NS?period1=1778238506&period2=1783336106&interval=30m&events=history&includePrePost=false,2026-07-06T11:08:26.544444+00:00
2026-05-18T08:45:00+00:00,2026-05-18T09:15:00+00:00,30,INFY,INFY.NS,1136.699951171875,1142.0,1134.5999755859375,1141.0,823612,Yahoo Finance automated fallback,https://query1.finance.yahoo.com/v8/finance/chart/INFY.NS?period1=1778238506&period2=1783336106&interval=30m&events=history&includePrePost=false,2026-07-06T11:08:26.544444+00:00
2026-05-18T09:15:00+00:00,2026-05-18T09:45:00+00:00,30,INFY,INFY.NS,1141.199951171875,1145.5,1139.0999755859375,1141.0,1533497,Yahoo Finance automated fallback,https://query1.finance.yahoo.com/v8/finance/chart/INFY.NS?period1=1778238506&period2=1783336106&interval=30m&events=history&includePrePost=false,2026-07-06T11:08:26.544444+00:00
2026-05-18T09:45:00+00:00,2026-05-18T10:15:00+00:00,30,INFY,INFY.NS,1141.0,1146.0999755859375,1139.9000244140625,1142.5,1138567,Yahoo Finance automated fallback,https://query1.finance.yahoo.com/v8/finance/chart/INFY.NS?period1=1778238506&period2=1783336106&interval=30m&events=history&includePrePost=false,2026-07-06T11:08:26.544444+00:00
2026-05-19T03:45:00+00:00,2026-05-19T04:15:00+00:00,30,INFY,INFY.NS,1163.0,1197.199951171875,1163.0,1193.5999755859375,3435404,Yahoo Finance automated fallback,https://query1.finance.yahoo.com/v8/finance/chart/INFY.NS?period1=1778238506&period2=1783336106&interval=30m&events=history&includePrePost=false,2026-07-06T11:08:26.544444+00:00
2026-05-19T04:15:00+00:00,2026-05-19T04:45:00+00:00,30,INFY,INFY.NS,1193.5999755859375,1194.5,1188.300048828125,1192.4000244140625,1416515,Yahoo Finance automated fallback,https://query1.finance.yahoo.com/v8/finance/chart/INFY.NS?period1=1778238506&period2=1783336106&interval=30m&events=history&includePrePost=false,2026-07-06T11:08:26.544444+00:00
2026-05-19T04:45:00+00:00,2026-05-19T05:15:00+00:00,30,INFY,INFY.NS,1192.4000244140625,1195.0999755859375,1188.800048828125,1195.0999755859375,2814027,Yahoo Finance automated fallback,https://query1.finance.yahoo.com/v8/finance/chart/INFY.NS?period1=1778238506&period2=1783336106&interval=30m&events=history&includePrePost=false,2026-07-06T11:08:26.544444+00:00
2026-05-19T05:15:00+00:00,2026-05-19T05:45:00+00:00,30,INFY,INFY.NS,1195.0999755859375,1195.0999755859375,1188.4000244140625,1190.5,2090437,Yahoo Finance automated fallback,https://query1.finance.yahoo.com/v8/finance/chart/INFY.NS?period1=1778238506&period2=1783336106&interval=30m&events=history&includePrePost=false,2026-07-06T11:08:26.544444+00:00
2026-05-19T05:45:00+00:00,2026-05-19T06:15:00+00:00,30,INFY,INFY.NS,1190.4000244140625,1190.9000244140625,1186.5999755859375,1188.699951171875,2089341,Yahoo Finance automated fallback,https://query1.finance.yahoo.com/v8/finance/chart/INFY.NS?period1=1778238506&period2=1783336106&interval=30m&events=history&includePrePost=false,2026-07-06T11:08:26.544444+00:00
2026-05-19T06:15:00+00:00,2026-05-19T06:45:00+00:00,30,INFY,INFY.NS,1188.699951171875,1189.9000244140625,1186.199951171875,1187.199951171875,2179893,Yahoo Finance automated fallback,https://query1.finance.yahoo.com/v8/finance/chart/INFY.NS?period1=1778238506&period2=1783336106&interval=30m&events=history&includePrePost=false,2026-07-06T11:08:26.544444+00:00
2026-05-19T06:45:00+00:00,2026-05-19T07:15:00+00:00,30,INFY,INFY.NS,1187.300048828125,1189.0999755859375,1185.699951171875,1188.4000244140625,1959998,Yahoo Finance automated fallback,https://query1.finance.yahoo.com/v8/finance/chart/INFY.NS?period1=1778238506&period2=1783336106&interval=30m&events=history&includePrePost=false,2026-07-06T11:08:26.544444+00:00
2026-05-19T07:15:00+00:00,2026-05-19T07:45:00+00:00,30,INFY,INFY.NS,1188.4000244140625,1191.4000244140625,1187.5,1189.800048828125,2042079,Yahoo Finance automated fallback,https://query1.finance.yahoo.com/v8/finance/chart/INFY.NS?period1=1778238506&period2=1783336106&interval=30m&events=history&includePrePost=false,2026-07-06T11:08:26.544444+00:00
2026-05-19T07:45:00+00:00,2026-05-19T08:15:00+00:00,30,INFY,INFY.NS,1189.9000244140625,1190.5999755859375,1186.0999755859375,1186.0999755859375,2376876,Yahoo Finance automated fallback,https://query1.finance.yahoo.com/v8/finance/chart/INFY.NS?period1=1778238506&period2=1783336106&interval=30m&events=history&includePrePost=false,2026-07-06T11:08:26.544444+00:00
2026-05-19T08:15:00+00:00,2026-05-19T08:45:00+00:00,30,INFY,INFY.NS,1186.199951171875,1190.9000244140625,1184.5,1190.699951171875,2284603,Yahoo Finance automated fallback,https://query1.finance.yahoo.com/v8/finance/chart/INFY.NS?period1=1778238506&period2=1783336106&interval=30m&events=history&includePrePost=false,2026-07-06T11:08:26.544444+00:00
2026-05-19T08:45:00+00:00,2026-05-19T09:15:00+00:00,30,INFY,INFY.NS,1190.9000244140625,1193.9000244140625,1189.0,1193.199951171875,2035387,Yahoo Finance automated fallback,https://query1.finance.yahoo.com/v8/finance/chart/INFY.NS?period1=1778238506&period2=1783336106&interval=30m&events=history&includePrePost=false,2026-07-06T11:08:26.544444+00:00
2026-05-19T09:15:00+00:00,2026-05-19T09:45:00+00:00,30,INFY,INFY.NS,1192.9000244140625,1198.4000244140625,1192.0999755859375,1198.199951171875,3453366,Yahoo Finance automated fallback,https://query1.finance.yahoo.com/v8/finance/chart/INFY.NS?period1=1778238506&period2=1783336106&interval=30m&events=history&includePrePost=false,2026-07-06T11:08:26.544444+00:00
2026-05-19T09:45:00+00:00,2026-05-19T10:15:00+00:00,30,INFY,INFY.NS,1198.199951171875,1198.199951171875,1193.0,1194.0,2031685,Yahoo Finance automated fallback,https://query1.finance.yahoo.com/v8/finance/chart/INFY.NS?period1=1778238506&period2=1783336106&interval=30m&events=history&includePrePost=false,2026-07-06T11:08:26.544444+00:00
2026-05-20T03:45:00+00:00,2026-05-20T04:15:00+00:00,30,INFY,INFY.NS,1187.0,1205.4000244140625,1187.0,1203.199951171875,1497323,Yahoo Finance automated fallback,https://query1.finance.yahoo.com/v8/finance/chart/INFY.NS?period1=1778238506&period2=1783336106&interval=30m&events=history&includePrePost=false,2026-07-06T11:08:26.544444+00:00
2026-05-20T04:15:00+00:00,2026-05-20T04:45:00+00:00,30,INFY,INFY.NS,1203.300048828125,1206.699951171875,1195.0,1195.800048828125,1385779,Yahoo Finance automated fallback,https://query1.finance.yahoo.com/v8/finance/chart/INFY.NS?period1=1778238506&period2=1783336106&interval=30m&events=history&includePrePost=false,2026-07-06T11:08:26.544444+00:00
2026-05-20T04:45:00+00:00,2026-05-20T05:15:00+00:00,30,INFY,INFY.NS,1196.0,1197.5999755859375,1192.4000244140625,1195.0,867553,Yahoo Finance automated fallback,https://query1.finance.yahoo.com/v8/finance/chart/INFY.NS?period1=1778238506&period2=1783336106&interval=30m&events=history&includePrePost=false,2026-07-06T11:08:26.544444+00:00
2026-05-20T05:15:00+00:00,2026-05-20T05:45:00+00:00,30,INFY,INFY.NS,1195.0999755859375,1197.9000244140625,1193.4000244140625,1195.0,1312944,Yahoo Finance automated fallback,https://query1.finance.yahoo.com/v8/finance/chart/INFY.NS?period1=1778238506&period2=1783336106&interval=30m&events=history&includePrePost=false,2026-07-06T11:08:26.544444+00:00
2026-05-20T05:45:00+00:00,2026-05-20T06:15:00+00:00,30,INFY,INFY.NS,1195.0999755859375,1195.5,1189.5,1190.0999755859375,890412,Yahoo Finance automated fallback,https://query1.finance.yahoo.com/v8/finance/chart/INFY.NS?period1=1778238506&period2=1783336106&interval=30m&events=history&includePrePost=false,2026-07-06T11:08:26.544444+00:00
2026-05-20T06:15:00+00:00,2026-05-20T06:45:00+00:00,30,INFY,INFY.NS,1190.300048828125,1194.300048828125,1189.4000244140625,1192.800048828125,767398,Yahoo Finance automated fallback,https://query1.finance.yahoo.com/v8/finance/chart/INFY.NS?period1=1778238506&period2=1783336106&interval=30m&events=history&includePrePost=false,2026-07-06T11:08:26.544444+00:00
2026-05-20T06:45:00+00:00,2026-05-20T07:15:00+00:00,30,INFY,INFY.NS,1192.9000244140625,1193.300048828125,1191.0,1191.199951171875,688828,Yahoo Finance automated fallback,https://query1.finance.yahoo.com/v8/finance/chart/INFY.NS?period1=1778238506&period2=1783336106&interval=30m&events=history&includePrePost=false,2026-07-06T11:08:26.544444+00:00
2026-05-20T07:15:00+00:00,2026-05-20T07:45:00+00:00,30,INFY,INFY.NS,1191.300048828125,1194.199951171875,1190.300048828125,1192.5,920792,Yahoo Finance automated fallback,https://query1.finance.yahoo.com/v8/finance/chart/INFY.NS?period1=1778238506&period2=1783336106&interval=30m&events=history&includePrePost=false,2026-07-06T11:08:26.544444+00:00
2026-05-20T07:45:00+00:00,2026-05-20T08:15:00+00:00,30,INFY,INFY.NS,1192.4000244140625,1193.5,1190.300048828125,1193.300048828125,996219,Yahoo Finance automated fallback,https://query1.finance.yahoo.com/v8/finance/chart/INFY.NS?period1=1778238506&period2=1783336106&interval=30m&events=history&includePrePost=false,2026-07-06T11:08:26.544444+00:00
2026-05-20T08:15:00+00:00,2026-05-20T08:45:00+00:00,30,INFY,INFY.NS,1193.300048828125,1198.5999755859375,1192.5999755859375,1197.300048828125,770817,Yahoo Finance automated fallback,https://query1.finance.yahoo.com/v8/finance/chart/INFY.NS?period1=1778238506&period2=1783336106&interval=30m&events=history&includePrePost=false,2026-07-06T11:08:26.544444+00:00
2026-05-20T08:45:00+00:00,2026-05-20T09:15:00+00:00,30,INFY,INFY.NS,1197.199951171875,1199.0999755859375,1196.0999755859375,1198.800048828125,696001,Yahoo Finance automated fallback,https://query1.finance.yahoo.com/v8/finance/chart/INFY.NS?period1=1778238506&period2=1783336106&interval=30m&events=history&includePrePost=false,2026-07-06T11:08:26.544444+00:00
2026-05-20T09:15:00+00:00,2026-05-20T09:45:00+00:00,30,INFY,INFY.NS,1198.800048828125,1199.0999755859375,1193.699951171875,1197.0999755859375,1599681,Yahoo Finance automated fallback,https://query1.finance.yahoo.com/v8/finance/chart/INFY.NS?period1=1778238506&period2=1783336106&interval=30m&events=history&includePrePost=false,2026-07-06T11:08:26.544444+00:00
2026-05-20T09:45:00+00:00,2026-05-20T10:15:00+00:00,30,INFY,INFY.NS,1197.0999755859375,1197.300048828125,1186.199951171875,1189.699951171875,1677100,Yahoo Finance automated fallback,https://query1.finance.yahoo.com/v8/finance/chart/INFY.NS?period1=1778238506&period2=1783336106&interval=30m&events=history&includePrePost=false,2026-07-06T11:08:26.544444+00:00
2026-05-21T03:45:00+00:00,2026-05-21T04:15:00+00:00,30,INFY,INFY.NS,1197.300048828125,1198.199951171875,1187.300048828125,1191.0,763884,Yahoo Finance automated fallback,https://query1.finance.yahoo.com/v8/finance/chart/INFY.NS?period1=1778238506&period2=1783336106&interval=30m&events=history&includePrePost=false,2026-07-06T11:08:26.544444+00:00
2026-05-21T04:15:00+00:00,2026-05-21T04:45:00+00:00,30,INFY,INFY.NS,1190.9000244140625,1195.4000244140625,1189.0999755859375,1189.5999755859375,638138,Yahoo Finance automated fallback,https://query1.finance.yahoo.com/v8/finance/chart/INFY.NS?period1=1778238506&period2=1783336106&interval=30m&events=history&includePrePost=false,2026-07-06T11:08:26.544444+00:00
2026-05-21T04:45:00+00:00,2026-05-21T05:15:00+00:00,30,INFY,INFY.NS,1189.9000244140625,1192.0,1183.5,1185.699951171875,770435,Yahoo Finance automated fallback,https://query1.finance.yahoo.com/v8/finance/chart/INFY.NS?period1=1778238506&period2=1783336106&interval=30m&events=history&includePrePost=false,2026-07-06T11:08:26.544444+00:00
2026-05-21T05:15:00+00:00,2026-05-21T05:45:00+00:00,30,INFY,INFY.NS,1185.800048828125,1189.0,1183.800048828125,1186.0,536311,Yahoo Finance automated fallback,https://query1.finance.yahoo.com/v8/finance/chart/INFY.NS?period1=1778238506&period2=1783336106&interval=30m&events=history&includePrePost=false,2026-07-06T11:08:26.544444+00:00
2026-05-21T05:45:00+00:00,2026-05-21T06:15:00+00:00,30,INFY,INFY.NS,1186.0,1190.199951171875,1183.0,1187.9000244140625,609638,Yahoo Finance automated fallback,https://query1.finance.yahoo.com/v8/finance/chart/INFY.NS?period1=1778238506&period2=1783336106&interval=30m&events=history&includePrePost=false,2026-07-06T11:08:26.544444+00:00
2026-05-21T06:15:00+00:00,2026-05-21T06:45:00+00:00,30,INFY,INFY.NS,1188.0999755859375,1190.5,1186.5,1187.9000244140625,538550,Yahoo Finance automated fallback,https://query1.finance.yahoo.com/v8/finance/chart/INFY.NS?period1=1778238506&period2=1783336106&interval=30m&events=history&includePrePost=false,2026-07-06T11:08:26.544444+00:00
2026-05-21T06:45:00+00:00,2026-05-21T07:15:00+00:00,30,INFY,INFY.NS,1188.0999755859375,1188.0999755859375,1183.199951171875,1185.699951171875,502857,Yahoo Finance automated fallback,https://query1.finance.yahoo.com/v8/finance/chart/INFY.NS?period1=1778238506&period2=1783336106&interval=30m&events=history&includePrePost=false,2026-07-06T11:08:26.544444+00:00
2026-05-21T07:15:00+00:00,2026-05-21T07:45:00+00:00,30,INFY,INFY.NS,1185.699951171875,1186.4000244140625,1183.199951171875,1184.199951171875,461302,Yahoo Finance automated fallback,https://query1.finance.yahoo.com/v8/finance/chart/INFY.NS?period1=1778238506&period2=1783336106&interval=30m&events=history&includePrePost=false,2026-07-06T11:08:26.544444+00:00
2026-05-21T07:45:00+00:00,2026-05-21T08:15:00+00:00,30,INFY,INFY.NS,1184.300048828125,1184.800048828125,1181.5999755859375,1183.699951171875,547531,Yahoo Finance automated fallback,https://query1.finance.yahoo.com/v8/finance/chart/INFY.NS?period1=1778238506&period2=1783336106&interval=30m&events=history&includePrePost=false,2026-07-06T11:08:26.544444+00:00
2026-05-21T08:15:00+00:00,2026-05-21T08:45:00+00:00,30,INFY,INFY.NS,1183.800048828125,1185.300048828125,1180.300048828125,1180.5999755859375,711133,Yahoo Finance automated fallback,https://query1.finance.yahoo.com/v8/finance/chart/INFY.NS?period1=1778238506&period2=1783336106&interval=30m&events=history&includePrePost=false,2026-07-06T11:08:26.544444+00:00
2026-05-21T08:45:00+00:00,2026-05-21T09:15:00+00:00,30,INFY,INFY.NS,1180.9000244140625,1184.0,1178.5,1178.9000244140625,733409,Yahoo Finance automated fallback,https://query1.finance.yahoo.com/v8/finance/chart/INFY.NS?period1=1778238506&period2=1783336106&interval=30m&events=history&includePrePost=false,2026-07-06T11:08:26.544444+00:00
2026-05-21T09:15:00+00:00,2026-05-21T09:45:00+00:00,30,INFY,INFY.NS,1178.9000244140625,1183.800048828125,1178.199951171875,1181.0,1610404,Yahoo Finance automated fallback,https://query1.finance.yahoo.com/v8/finance/chart/INFY.NS?period1=1778238506&period2=1783336106&interval=30m&events=history&includePrePost=false,2026-07-06T11:08:26.544444+00:00
2026-05-21T09:45:00+00:00,2026-05-21T10:15:00+00:00,30,INFY,INFY.NS,1181.0,1183.0,1177.0999755859375,1178.5,898188,Yahoo Finance automated fallback,https://query1.finance.yahoo.com/v8/finance/chart/INFY.NS?period1=1778238506&period2=1783336106&interval=30m&events=history&includePrePost=false,2026-07-06T11:08:26.544444+00:00
2026-05-22T03:45:00+00:00,2026-05-22T04:15:00+00:00,30,INFY,INFY.NS,1185.0,1185.0,1172.5999755859375,1178.300048828125,687855,Yahoo Finance automated fallback,https://query1.finance.yahoo.com/v8/finance/chart/INFY.NS?period1=1778238506&period2=1783336106&interval=30m&events=history&includePrePost=false,2026-07-06T11:08:26.544444+00:00
2026-05-22T04:15:00+00:00,2026-05-22T04:45:00+00:00,30,INFY,INFY.NS,1178.5999755859375,1183.0,1175.4000244140625,1179.5,617631,Yahoo Finance automated fallback,https://query1.finance.yahoo.com/v8/finance/chart/INFY.NS?period1=1778238506&period2=1783336106&interval=30m&events=history&includePrePost=false,2026-07-06T11:08:26.544444+00:00
2026-05-22T04:45:00+00:00,2026-05-22T05:15:00+00:00,30,INFY,INFY.NS,1179.5,1191.800048828125,1176.5999755859375,1189.199951171875,634700,Yahoo Finance automated fallback,https://query1.finance.yahoo.com/v8/finance/chart/INFY.NS?period1=1778238506&period2=1783336106&interval=30m&events=history&includePrePost=false,2026-07-06T11:08:26.544444+00:00
2026-05-22T05:15:00+00:00,2026-05-22T05:45:00+00:00,30,INFY,INFY.NS,1189.5999755859375,1190.0,1184.800048828125,1186.4000244140625,481090,Yahoo Finance automated fallback,https://query1.finance.yahoo.com/v8/finance/chart/INFY.NS?period1=1778238506&period2=1783336106&interval=30m&events=history&includePrePost=false,2026-07-06T11:08:26.544444+00:00
2026-05-22T05:45:00+00:00,2026-05-22T06:15:00+00:00,30,INFY,INFY.NS,1186.199951171875,1187.699951171875,1183.4000244140625,1185.9000244140625,564776,Yahoo Finance automated fallback,https://query1.finance.yahoo.com/v8/finance/chart/INFY.NS?period1=1778238506&period2=1783336106&interval=30m&events=history&includePrePost=false,2026-07-06T11:08:26.544444+00:00
2026-05-22T06:15:00+00:00,2026-05-22T06:45:00+00:00,30,INFY,INFY.NS,1185.800048828125,1187.5,1182.9000244140625,1184.5999755859375,775081,Yahoo Finance automated fallback,https://query1.finance.yahoo.com/v8/finance/chart/INFY.NS?period1=1778238506&period2=1783336106&interval=30m&events=history&includePrePost=false,2026-07-06T11:08:26.544444+00:00
2026-05-22T06:45:00+00:00,2026-05-22T07:15:00+00:00,30,INFY,INFY.NS,1184.699951171875,1185.4000244140625,1179.300048828125,1181.0999755859375,526941,Yahoo Finance automated fallback,https://query1.finance.yahoo.com/v8/finance/chart/INFY.NS?period1=1778238506&period2=1783336106&interval=30m&events=history&includePrePost=false,2026-07-06T11:08:26.544444+00:00
2026-05-22T07:15:00+00:00,2026-05-22T07:45:00+00:00,30,INFY,INFY.NS,1181.5,1182.800048828125,1178.300048828125,1179.0999755859375,396377,Yahoo Finance automated fallback,https://query1.finance.yahoo.com/v8/finance/chart/INFY.NS?period1=1778238506&period2=1783336106&interval=30m&events=history&includePrePost=false,2026-07-06T11:08:26.544444+00:00
2026-05-22T07:45:00+00:00,2026-05-22T08:15:00+00:00,30,INFY,INFY.NS,1179.199951171875,1179.699951171875,1175.699951171875,1177.4000244140625,508197,Yahoo Finance automated fallback,https://query1.finance.yahoo.com/v8/finance/chart/INFY.NS?period1=1778238506&period2=1783336106&interval=30m&events=history&includePrePost=false,2026-07-06T11:08:26.544444+00:00
2026-05-22T08:15:00+00:00,2026-05-22T08:45:00+00:00,30,INFY,INFY.NS,1177.5,1179.5999755859375,1175.199951171875,1175.800048828125,555999,Yahoo Finance automated fallback,https://query1.finance.yahoo.com/v8/finance/chart/INFY.NS?period1=1778238506&period2=1783336106&interval=30m&events=history&includePrePost=false,2026-07-06T11:08:26.544444+00:00
2026-05-22T08:45:00+00:00,2026-05-22T09:15:00+00:00,30,INFY,INFY.NS,1175.800048828125,1177.9000244140625,1173.9000244140625,1174.0,559395,Yahoo Finance automated fallback,https://query1.finance.yahoo.com/v8/finance/chart/INFY.NS?period1=1778238506&period2=1783336106&interval=30m&events=history&includePrePost=false,2026-07-06T11:08:26.544444+00:00
2026-05-22T09:15:00+00:00,2026-05-22T09:45:00+00:00,30,INFY,INFY.NS,1174.0,1177.699951171875,1173.0,1175.199951171875,1325086,Yahoo Finance automated fallback,https://query1.finance.yahoo.com/v8/finance/chart/INFY.NS?period1=1778238506&period2=1783336106&interval=30m&events=history&includePrePost=false,2026-07-06T11:08:26.544444+00:00
2026-05-22T09:45:00+00:00,2026-05-22T10:15:00+00:00,30,INFY,INFY.NS,1175.199951171875,1176.800048828125,1173.5999755859375,1175.0,788302,Yahoo Finance automated fallback,https://query1.finance.yahoo.com/v8/finance/chart/INFY.NS?period1=1778238506&period2=1783336106&interval=30m&events=history&includePrePost=false,2026-07-06T11:08:26.544444+00:00
2026-05-25T03:45:00+00:00,2026-05-25T04:15:00+00:00,30,INFY,INFY.NS,1184.9000244140625,1184.9000244140625,1169.699951171875,1174.5999755859375,651695,Yahoo Finance automated fallback,https://query1.finance.yahoo.com/v8/finance/chart/INFY.NS?period1=1778238506&period2=1783336106&interval=30m&events=history&includePrePost=false,2026-07-06T11:08:26.544444+00:00
2026-05-25T04:15:00+00:00,2026-05-25T04:45:00+00:00,30,INFY,INFY.NS,1174.0999755859375,1175.300048828125,1171.0,1173.699951171875,441087,Yahoo Finance automated fallback,https://query1.finance.yahoo.com/v8/finance/chart/INFY.NS?period1=1778238506&period2=1783336106&interval=30m&events=history&includePrePost=false,2026-07-06T11:08:26.544444+00:00
2026-05-25T04:45:00+00:00,2026-05-25T05:15:00+00:00,30,INFY,INFY.NS,1173.800048828125,1177.800048828125,1172.800048828125,1177.0,392312,Yahoo Finance automated fallback,https://query1.finance.yahoo.com/v8/finance/chart/INFY.NS?period1=1778238506&period2=1783336106&interval=30m&events=history&includePrePost=false,2026-07-06T11:08:26.544444+00:00
2026-05-25T05:15:00+00:00,2026-05-25T05:45:00+00:00,30,INFY,INFY.NS,1177.0999755859375,1179.0,1175.5999755859375,1177.5,309796,Yahoo Finance automated fallback,https://query1.finance.yahoo.com/v8/finance/chart/INFY.NS?period1=1778238506&period2=1783336106&interval=30m&events=history&includePrePost=false,2026-07-06T11:08:26.544444+00:00
2026-05-25T05:45:00+00:00,2026-05-25T06:15:00+00:00,30,INFY,INFY.NS,1178.0,1178.5999755859375,1176.300048828125,1177.800048828125,206456,Yahoo Finance automated fallback,https://query1.finance.yahoo.com/v8/finance/chart/INFY.NS?period1=1778238506&period2=1783336106&interval=30m&events=history&includePrePost=false,2026-07-06T11:08:26.544444+00:00
2026-05-25T06:15:00+00:00,2026-05-25T06:45:00+00:00,30,INFY,INFY.NS,1177.9000244140625,1178.0999755859375,1173.699951171875,1174.0999755859375,325024,Yahoo Finance automated fallback,https://query1.finance.yahoo.com/v8/finance/chart/INFY.NS?period1=1778238506&period2=1783336106&interval=30m&events=history&includePrePost=false,2026-07-06T11:08:26.544444+00:00
2026-05-25T06:45:00+00:00,2026-05-25T07:15:00+00:00,30,INFY,INFY.NS,1174.0999755859375,1174.0999755859375,1172.199951171875,1174.0,279173,Yahoo Finance automated fallback,https://query1.finance.yahoo.com/v8/finance/chart/INFY.NS?period1=1778238506&period2=1783336106&interval=30m&events=history&includePrePost=false,2026-07-06T11:08:26.544444+00:00
2026-05-25T07:15:00+00:00,2026-05-25T07:45:00+00:00,30,INFY,INFY.NS,1173.800048828125,1174.5999755859375,1171.0999755859375,1172.5,278581,Yahoo Finance automated fallback,https://query1.finance.yahoo.com/v8/finance/chart/INFY.NS?period1=1778238506&period2=1783336106&interval=30m&events=history&includePrePost=false,2026-07-06T11:08:26.544444+00:00
2026-05-25T07:45:00+00:00,2026-05-25T08:15:00+00:00,30,INFY,INFY.NS,1172.800048828125,1178.0999755859375,1172.5,1173.4000244140625,597584,Yahoo Finance automated fallback,https://query1.finance.yahoo.com/v8/finance/chart/INFY.NS?period1=1778238506&period2=1783336106&interval=30m&events=history&includePrePost=false,2026-07-06T11:08:26.544444+00:00
2026-05-25T08:15:00+00:00,2026-05-25T08:45:00+00:00,30,INFY,INFY.NS,1173.4000244140625,1173.5999755859375,1171.4000244140625,1171.699951171875,236980,Yahoo Finance automated fallback,https://query1.finance.yahoo.com/v8/finance/chart/INFY.NS?period1=1778238506&period2=1783336106&interval=30m&events=history&includePrePost=false,2026-07-06T11:08:26.544444+00:00
2026-05-25T08:45:00+00:00,2026-05-25T09:15:00+00:00,30,INFY,INFY.NS,1172.0,1173.199951171875,1170.699951171875,1172.199951171875,502435,Yahoo Finance automated fallback,https://query1.finance.yahoo.com/v8/finance/chart/INFY.NS?period1=1778238506&period2=1783336106&interval=30m&events=history&includePrePost=false,2026-07-06T11:08:26.544444+00:00
2026-05-25T09:15:00+00:00,2026-05-25T09:45:00+00:00,30,INFY,INFY.NS,1172.300048828125,1172.300048828125,1168.5999755859375,1169.199951171875,659429,Yahoo Finance automated fallback,https://query1.finance.yahoo.com/v8/finance/chart/INFY.NS?period1=1778238506&period2=1783336106&interval=30m&events=history&includePrePost=false,2026-07-06T11:08:26.544444+00:00
2026-05-25T09:45:00+00:00,2026-05-25T10:15:00+00:00,30,INFY,INFY.NS,1169.0,1169.199951171875,1166.5,1168.0,588203,Yahoo Finance automated fallback,https://query1.finance.yahoo.com/v8/finance/chart/INFY.NS?period1=1778238506&period2=1783336106&interval=30m&events=history&includePrePost=false,2026-07-06T11:08:26.544444+00:00
2026-05-26T03:45:00+00:00,2026-05-26T04:15:00+00:00,30,INFY,INFY.NS,1165.0999755859375,1180.699951171875,1163.9000244140625,1178.800048828125,634712,Yahoo Finance automated fallback,https://query1.finance.yahoo.com/v8/finance/chart/INFY.NS?period1=1778238506&period2=1783336106&interval=30m&events=history&includePrePost=false,2026-07-06T11:08:26.544444+00:00
2026-05-26T04:15:00+00:00,2026-05-26T04:45:00+00:00,30,INFY,INFY.NS,1178.5,1178.800048828125,1172.300048828125,1176.5999755859375,391992,Yahoo Finance automated fallback,https://query1.finance.yahoo.com/v8/finance/chart/INFY.NS?period1=1778238506&period2=1783336106&interval=30m&events=history&includePrePost=false,2026-07-06T11:08:26.544444+00:00
2026-05-26T04:45:00+00:00,2026-05-26T05:15:00+00:00,30,INFY,INFY.NS,1176.9000244140625,1179.0,1174.800048828125,1178.5999755859375,413134,Yahoo Finance automated fallback,https://query1.finance.yahoo.com/v8/finance/chart/INFY.NS?period1=1778238506&period2=1783336106&interval=30m&events=history&includePrePost=false,2026-07-06T11:08:26.544444+00:00
2026-05-26T05:15:00+00:00,2026-05-26T05:45:00+00:00,30,INFY,INFY.NS,1178.699951171875,1179.9000244140625,1177.4000244140625,1179.4000244140625,395785,Yahoo Finance automated fallback,https://query1.finance.yahoo.com/v8/finance/chart/INFY.NS?period1=1778238506&period2=1783336106&interval=30m&events=history&includePrePost=false,2026-07-06T11:08:26.544444+00:00
2026-05-26T05:45:00+00:00,2026-05-26T06:15:00+00:00,30,INFY,INFY.NS,1179.300048828125,1180.0,1173.199951171875,1177.0999755859375,444721,Yahoo Finance automated fallback,https://query1.finance.yahoo.com/v8/finance/chart/INFY.NS?period1=1778238506&period2=1783336106&interval=30m&events=history&includePrePost=false,2026-07-06T11:08:26.544444+00:00
2026-05-26T06:15:00+00:00,2026-05-26T06:45:00+00:00,30,INFY,INFY.NS,1177.0999755859375,1177.800048828125,1172.5999755859375,1173.199951171875,375767,Yahoo Finance automated fallback,https://query1.finance.yahoo.com/v8/finance/chart/INFY.NS?period1=1778238506&period2=1783336106&interval=30m&events=history&includePrePost=false,2026-07-06T11:08:26.544444+00:00
2026-05-26T06:45:00+00:00,2026-05-26T07:15:00+00:00,30,INFY,INFY.NS,1173.199951171875,1177.0,1173.199951171875,1175.0999755859375,280274,Yahoo Finance automated fallback,https://query1.finance.yahoo.com/v8/finance/chart/INFY.NS?period1=1778238506&period2=1783336106&interval=30m&events=history&includePrePost=false,2026-07-06T11:08:26.544444+00:00
2026-05-26T07:15:00+00:00,2026-05-26T07:45:00+00:00,30,INFY,INFY.NS,1175.0999755859375,1176.300048828125,1171.699951171875,1174.800048828125,485202,Yahoo Finance automated fallback,https://query1.finance.yahoo.com/v8/finance/chart/INFY.NS?period1=1778238506&period2=1783336106&interval=30m&events=history&includePrePost=false,2026-07-06T11:08:26.544444+00:00
2026-05-26T07:45:00+00:00,2026-05-26T08:15:00+00:00,30,INFY,INFY.NS,1174.800048828125,1177.0,1172.9000244140625,1173.0999755859375,433386,Yahoo Finance automated fallback,https://query1.finance.yahoo.com/v8/finance/chart/INFY.NS?period1=1778238506&period2=1783336106&interval=30m&events=history&includePrePost=false,2026-07-06T11:08:26.544444+00:00
2026-05-26T08:15:00+00:00,2026-05-26T08:45:00+00:00,30,INFY,INFY.NS,1172.800048828125,1173.5,1165.5999755859375,1168.5999755859375,677872,Yahoo Finance automated fallback,https://query1.finance.yahoo.com/v8/finance/chart/INFY.NS?period1=1778238506&period2=1783336106&interval=30m&events=history&includePrePost=false,2026-07-06T11:08:26.544444+00:00
2026-05-26T08:45:00+00:00,2026-05-26T09:15:00+00:00,30,INFY,INFY.NS,1168.5999755859375,1169.5999755859375,1165.5,1166.699951171875,558028,Yahoo Finance automated fallback,https://query1.finance.yahoo.com/v8/finance/chart/INFY.NS?period1=1778238506&period2=1783336106&interval=30m&events=history&includePrePost=false,2026-07-06T11:08:26.544444+00:00
2026-05-26T09:15:00+00:00,2026-05-26T09:45:00+00:00,30,INFY,INFY.NS,1166.699951171875,1170.5,1165.699951171875,1167.5,1586293,Yahoo Finance automated fallback,https://query1.finance.yahoo.com/v8/finance/chart/INFY.NS?period1=1778238506&period2=1783336106&interval=30m&events=history&includePrePost=false,2026-07-06T11:08:26.544444+00:00
2026-05-26T09:45:00+00:00,2026-05-26T10:15:00+00:00,30,INFY,INFY.NS,1167.5,1168.0,1163.0,1166.5,948779,Yahoo Finance automated fallback,https://query1.finance.yahoo.com/v8/finance/chart/INFY.NS?period1=1778238506&period2=1783336106&interval=30m&events=history&includePrePost=false,2026-07-06T11:08:26.544444+00:00
2026-05-27T03:45:00+00:00,2026-05-27T04:15:00+00:00,30,INFY,INFY.NS,1160.9000244140625,1166.800048828125,1155.300048828125,1160.699951171875,630579,Yahoo Finance automated fallback,https://query1.finance.yahoo.com/v8/finance/chart/INFY.NS?period1=1778238506&period2=1783336106&interval=30m&events=history&includePrePost=false,2026-07-06T11:08:26.544444+00:00
2026-05-27T04:15:00+00:00,2026-05-27T04:45:00+00:00,30,INFY,INFY.NS,1160.0999755859375,1160.0999755859375,1156.5,1159.800048828125,387530,Yahoo Finance automated fallback,https://query1.finance.yahoo.com/v8/finance/chart/INFY.NS?period1=1778238506&period2=1783336106&interval=30m&events=history&includePrePost=false,2026-07-06T11:08:26.544444+00:00
2026-05-27T04:45:00+00:00,2026-05-27T05:15:00+00:00,30,INFY,INFY.NS,1159.5999755859375,1162.699951171875,1157.5,1159.0,366864,Yahoo Finance automated fallback,https://query1.finance.yahoo.com/v8/finance/chart/INFY.NS?period1=1778238506&period2=1783336106&interval=30m&events=history&includePrePost=false,2026-07-06T11:08:26.544444+00:00
2026-05-27T05:15:00+00:00,2026-05-27T05:45:00+00:00,30,INFY,INFY.NS,1159.0,1167.0,1158.0999755859375,1165.199951171875,497783,Yahoo Finance automated fallback,https://query1.finance.yahoo.com/v8/finance/chart/INFY.NS?period1=1778238506&period2=1783336106&interval=30m&events=history&includePrePost=false,2026-07-06T11:08:26.544444+00:00
2026-05-27T05:45:00+00:00,2026-05-27T06:15:00+00:00,30,INFY,INFY.NS,1165.4000244140625,1165.4000244140625,1161.0999755859375,1162.5,284248,Yahoo Finance automated fallback,https://query1.finance.yahoo.com/v8/finance/chart/INFY.NS?period1=1778238506&period2=1783336106&interval=30m&events=history&includePrePost=false,2026-07-06T11:08:26.544444+00:00
2026-05-27T06:15:00+00:00,2026-05-27T06:45:00+00:00,30,INFY,INFY.NS,1162.0999755859375,1164.300048828125,1162.0,1163.199951171875,233458,Yahoo Finance automated fallback,https://query1.finance.yahoo.com/v8/finance/chart/INFY.NS?period1=1778238506&period2=1783336106&interval=30m&events=history&includePrePost=false,2026-07-06T11:08:26.544444+00:00
2026-05-27T06:45:00+00:00,2026-05-27T07:15:00+00:00,30,INFY,INFY.NS,1163.5,1164.0,1160.0,1162.0,279689,Yahoo Finance automated fallback,https://query1.finance.yahoo.com/v8/finance/chart/INFY.NS?period1=1778238506&period2=1783336106&interval=30m&events=history&includePrePost=false,2026-07-06T11:08:26.544444+00:00
2026-05-27T07:15:00+00:00,2026-05-27T07:45:00+00:00,30,INFY,INFY.NS,1162.5999755859375,1162.5999755859375,1159.5,1160.0999755859375,234350,Yahoo Finance automated fallback,https://query1.finance.yahoo.com/v8/finance/chart/INFY.NS?period1=1778238506&period2=1783336106&interval=30m&events=history&includePrePost=false,2026-07-06T11:08:26.544444+00:00
2026-05-27T07:45:00+00:00,2026-05-27T08:15:00+00:00,30,INFY,INFY.NS,1160.0,1162.800048828125,1158.199951171875,1160.0,336207,Yahoo Finance automated fallback,https://query1.finance.yahoo.com/v8/finance/chart/INFY.NS?period1=1778238506&period2=1783336106&interval=30m&events=history&includePrePost=false,2026-07-06T11:08:26.544444+00:00
2026-05-27T08:15:00+00:00,2026-05-27T08:45:00+00:00,30,INFY,INFY.NS,1159.800048828125,1161.300048828125,1158.199951171875,1159.199951171875,351876,Yahoo Finance automated fallback,https://query1.finance.yahoo.com/v8/finance/chart/INFY.NS?period1=1778238506&period2=1783336106&interval=30m&events=history&includePrePost=false,2026-07-06T11:08:26.544444+00:00
2026-05-27T08:45:00+00:00,2026-05-27T09:15:00+00:00,30,INFY,INFY.NS,1159.199951171875,1162.0,1155.800048828125,1155.9000244140625,766562,Yahoo Finance automated fallback,https://query1.finance.yahoo.com/v8/finance/chart/INFY.NS?period1=1778238506&period2=1783336106&interval=30m&events=history&includePrePost=false,2026-07-06T11:08:26.544444+00:00
2026-05-27T09:15:00+00:00,2026-05-27T09:45:00+00:00,30,INFY,INFY.NS,1156.0,1159.5,1155.199951171875,1159.300048828125,726698,Yahoo Finance automated fallback,https://query1.finance.yahoo.com/v8/finance/chart/INFY.NS?period1=1778238506&period2=1783336106&interval=30m&events=history&includePrePost=false,2026-07-06T11:08:26.544444+00:00
2026-05-27T09:45:00+00:00,2026-05-27T10:15:00+00:00,30,INFY,INFY.NS,1159.300048828125,1162.9000244140625,1159.199951171875,1161.800048828125,493331,Yahoo Finance automated fallback,https://query1.finance.yahoo.com/v8/finance/chart/INFY.NS?period1=1778238506&period2=1783336106&interval=30m&events=history&includePrePost=false,2026-07-06T11:08:26.544444+00:00
2026-05-29T03:45:00+00:00,2026-05-29T04:15:00+00:00,30,INFY,INFY.NS,1183.5999755859375,1205.0,1180.5,1201.4000244140625,2302108,Yahoo Finance automated fallback,https://query1.finance.yahoo.com/v8/finance/chart/INFY.NS?period1=1778238506&period2=1783336106&interval=30m&events=history&includePrePost=false,2026-07-06T11:08:26.544444+00:00
2026-05-29T04:15:00+00:00,2026-05-29T04:45:00+00:00,30,INFY,INFY.NS,1202.0,1210.0,1201.199951171875,1207.5,1776842,Yahoo Finance automated fallback,https://query1.finance.yahoo.com/v8/finance/chart/INFY.NS?period1=1778238506&period2=1783336106&interval=30m&events=history&includePrePost=false,2026-07-06T11:08:26.544444+00:00
2026-05-29T04:45:00+00:00,2026-05-29T05:15:00+00:00,30,INFY,INFY.NS,1207.5,1209.0,1202.699951171875,1205.0,691017,Yahoo Finance automated fallback,https://query1.finance.yahoo.com/v8/finance/chart/INFY.NS?period1=1778238506&period2=1783336106&interval=30m&events=history&includePrePost=false,2026-07-06T11:08:26.544444+00:00
2026-05-29T05:15:00+00:00,2026-05-29T05:45:00+00:00,30,INFY,INFY.NS,1205.0,1206.0,1199.0,1203.800048828125,1007372,Yahoo Finance automated fallback,https://query1.finance.yahoo.com/v8/finance/chart/INFY.NS?period1=1778238506&period2=1783336106&interval=30m&events=history&includePrePost=false,2026-07-06T11:08:26.544444+00:00
2026-05-29T05:45:00+00:00,2026-05-29T06:15:00+00:00,30,INFY,INFY.NS,1204.0,1206.9000244140625,1199.5999755859375,1204.800048828125,1230448,Yahoo Finance automated fallback,https://query1.finance.yahoo.com/v8/finance/chart/INFY.NS?period1=1778238506&period2=1783336106&interval=30m&events=history&includePrePost=false,2026-07-06T11:08:26.544444+00:00
2026-05-29T06:15:00+00:00,2026-05-29T06:45:00+00:00,30,INFY,INFY.NS,1204.5999755859375,1206.5,1202.4000244140625,1203.199951171875,970955,Yahoo Finance automated fallback,https://query1.finance.yahoo.com/v8/finance/chart/INFY.NS?period1=1778238506&period2=1783336106&interval=30m&events=history&includePrePost=false,2026-07-06T11:08:26.544444+00:00
2026-05-29T06:45:00+00:00,2026-05-29T07:15:00+00:00,30,INFY,INFY.NS,1203.199951171875,1204.0,1200.4000244140625,1201.300048828125,981920,Yahoo Finance automated fallback,https://query1.finance.yahoo.com/v8/finance/chart/INFY.NS?period1=1778238506&period2=1783336106&interval=30m&events=history&includePrePost=false,2026-07-06T11:08:26.544444+00:00
2026-05-29T07:15:00+00:00,2026-05-29T07:45:00+00:00,30,INFY,INFY.NS,1201.300048828125,1203.0,1199.199951171875,1199.5999755859375,943118,Yahoo Finance automated fallback,https://query1.finance.yahoo.com/v8/finance/chart/INFY.NS?period1=1778238506&period2=1783336106&interval=30m&events=history&includePrePost=false,2026-07-06T11:08:26.544444+00:00
2026-05-29T07:45:00+00:00,2026-05-29T08:15:00+00:00,30,INFY,INFY.NS,1199.5,1200.0,1193.0,1193.0999755859375,1309383,Yahoo Finance automated fallback,https://query1.finance.yahoo.com/v8/finance/chart/INFY.NS?period1=1778238506&period2=1783336106&interval=30m&events=history&includePrePost=false,2026-07-06T11:08:26.544444+00:00
2026-05-29T08:15:00+00:00,2026-05-29T08:45:00+00:00,30,INFY,INFY.NS,1193.199951171875,1193.5999755859375,1187.5999755859375,1189.5999755859375,1382488,Yahoo Finance automated fallback,https://query1.finance.yahoo.com/v8/finance/chart/INFY.NS?period1=1778238506&period2=1783336106&interval=30m&events=history&includePrePost=false,2026-07-06T11:08:26.544444+00:00
2026-05-29T08:45:00+00:00,2026-05-29T09:15:00+00:00,30,INFY,INFY.NS,1189.5999755859375,1194.199951171875,1187.0,1192.199951171875,1048066,Yahoo Finance automated fallback,https://query1.finance.yahoo.com/v8/finance/chart/INFY.NS?period1=1778238506&period2=1783336106&interval=30m&events=history&includePrePost=false,2026-07-06T11:08:26.544444+00:00
2026-05-29T09:15:00+00:00,2026-05-29T09:45:00+00:00,30,INFY,INFY.NS,1192.0999755859375,1196.800048828125,1154.0,1160.0999755859375,32418494,Yahoo Finance automated fallback,https://query1.finance.yahoo.com/v8/finance/chart/INFY.NS?period1=1778238506&period2=1783336106&interval=30m&events=history&includePrePost=false,2026-07-06T11:08:26.544444+00:00
2026-05-29T09:45:00+00:00,2026-05-29T10:15:00+00:00,30,INFY,INFY.NS,1161.4000244140625,1166.0,1154.5,1156.5,21724546,Yahoo Finance automated fallback,https://query1.finance.yahoo.com/v8/finance/chart/INFY.NS?period1=1778238506&period2=1783336106&interval=30m&events=history&includePrePost=false,2026-07-06T11:08:26.544444+00:00
2026-06-01T03:45:00+00:00,2026-06-01T04:15:00+00:00,30,INFY,INFY.NS,1175.800048828125,1199.9000244140625,1175.800048828125,1199.5,1884230,Yahoo Finance automated fallback,https://query1.finance.yahoo.com/v8/finance/chart/INFY.NS?period1=1778238506&period2=1783336106&interval=30m&events=history&includePrePost=false,2026-07-06T11:08:26.544444+00:00
2026-06-01T04:15:00+00:00,2026-06-01T04:45:00+00:00,30,INFY,INFY.NS,1200.5999755859375,1212.5,1198.5,1209.5,2211684,Yahoo Finance automated fallback,https://query1.finance.yahoo.com/v8/finance/chart/INFY.NS?period1=1778238506&period2=1783336106&interval=30m&events=history&includePrePost=false,2026-07-06T11:08:26.544444+00:00
2026-06-01T04:45:00+00:00,2026-06-01T05:15:00+00:00,30,INFY,INFY.NS,1209.4000244140625,1215.699951171875,1208.0,1208.300048828125,1537455,Yahoo Finance automated fallback,https://query1.finance.yahoo.com/v8/finance/chart/INFY.NS?period1=1778238506&period2=1783336106&interval=30m&events=history&includePrePost=false,2026-07-06T11:08:26.544444+00:00
2026-06-01T05:15:00+00:00,2026-06-01T05:45:00+00:00,30,INFY,INFY.NS,1207.800048828125,1214.5,1205.5999755859375,1214.0,965822,Yahoo Finance automated fallback,https://query1.finance.yahoo.com/v8/finance/chart/INFY.NS?period1=1778238506&period2=1783336106&interval=30m&events=history&includePrePost=false,2026-07-06T11:08:26.544444+00:00
2026-06-01T05:45:00+00:00,2026-06-01T06:15:00+00:00,30,INFY,INFY.NS,1213.9000244140625,1214.4000244140625,1211.199951171875,1211.300048828125,685305,Yahoo Finance automated fallback,https://query1.finance.yahoo.com/v8/finance/chart/INFY.NS?period1=1778238506&period2=1783336106&interval=30m&events=history&includePrePost=false,2026-07-06T11:08:26.544444+00:00
2026-06-01T06:15:00+00:00,2026-06-01T06:45:00+00:00,30,INFY,INFY.NS,1211.300048828125,1213.800048828125,1208.4000244140625,1213.0999755859375,675122,Yahoo Finance automated fallback,https://query1.finance.yahoo.com/v8/finance/chart/INFY.NS?period1=1778238506&period2=1783336106&interval=30m&events=history&includePrePost=false,2026-07-06T11:08:26.544444+00:00
2026-06-01T06:45:00+00:00,2026-06-01T07:15:00+00:00,30,INFY,INFY.NS,1213.0999755859375,1217.0,1211.5999755859375,1212.4000244140625,835137,Yahoo Finance automated fallback,https://query1.finance.yahoo.com/v8/finance/chart/INFY.NS?period1=1778238506&period2=1783336106&interval=30m&events=history&includePrePost=false,2026-07-06T11:08:26.544444+00:00
2026-06-01T07:15:00+00:00,2026-06-01T07:45:00+00:00,30,INFY,INFY.NS,1212.5,1213.800048828125,1210.5999755859375,1213.5,941867,Yahoo Finance automated fallback,https://query1.finance.yahoo.com/v8/finance/chart/INFY.NS?period1=1778238506&period2=1783336106&interval=30m&events=history&includePrePost=false,2026-07-06T11:08:26.544444+00:00
2026-06-01T07:45:00+00:00,2026-06-01T08:15:00+00:00,30,INFY,INFY.NS,1213.300048828125,1214.300048828125,1212.699951171875,1213.300048828125,701292,Yahoo Finance automated fallback,https://query1.finance.yahoo.com/v8/finance/chart/INFY.NS?period1=1778238506&period2=1783336106&interval=30m&events=history&includePrePost=false,2026-07-06T11:08:26.544444+00:00
2026-06-01T08:15:00+00:00,2026-06-01T08:45:00+00:00,30,INFY,INFY.NS,1213.300048828125,1213.699951171875,1210.0,1210.4000244140625,664033,Yahoo Finance automated fallback,https://query1.finance.yahoo.com/v8/finance/chart/INFY.NS?period1=1778238506&period2=1783336106&interval=30m&events=history&includePrePost=false,2026-07-06T11:08:26.544444+00:00
2026-06-01T08:45:00+00:00,2026-06-01T09:15:00+00:00,30,INFY,INFY.NS,1210.5,1211.4000244140625,1204.0,1206.5,934906,Yahoo Finance automated fallback,https://query1.finance.yahoo.com/v8/finance/chart/INFY.NS?period1=1778238506&period2=1783336106&interval=30m&events=history&includePrePost=false,2026-07-06T11:08:26.544444+00:00
2026-06-01T09:15:00+00:00,2026-06-01T09:45:00+00:00,30,INFY,INFY.NS,1206.5999755859375,1207.5,1200.4000244140625,1202.4000244140625,3534332,Yahoo Finance automated fallback,https://query1.finance.yahoo.com/v8/finance/chart/INFY.NS?period1=1778238506&period2=1783336106&interval=30m&events=history&includePrePost=false,2026-07-06T11:08:26.544444+00:00
2026-06-01T09:45:00+00:00,2026-06-01T10:15:00+00:00,30,INFY,INFY.NS,1202.5,1204.0999755859375,1200.199951171875,1203.5,2437530,Yahoo Finance automated fallback,https://query1.finance.yahoo.com/v8/finance/chart/INFY.NS?period1=1778238506&period2=1783336106&interval=30m&events=history&includePrePost=false,2026-07-06T11:08:26.544444+00:00
2026-06-02T03:45:00+00:00,2026-06-02T04:15:00+00:00,30,INFY,INFY.NS,1233.5,1255.5,1233.5,1255.199951171875,5646847,Yahoo Finance automated fallback,https://query1.finance.yahoo.com/v8/finance/chart/INFY.NS?period1=1778238506&period2=1783336106&interval=30m&events=history&includePrePost=false,2026-07-06T11:08:26.544444+00:00
2026-06-02T04:15:00+00:00,2026-06-02T04:45:00+00:00,30,INFY,INFY.NS,1254.800048828125,1264.5,1252.800048828125,1260.800048828125,3958912,Yahoo Finance automated fallback,https://query1.finance.yahoo.com/v8/finance/chart/INFY.NS?period1=1778238506&period2=1783336106&interval=30m&events=history&includePrePost=false,2026-07-06T11:08:26.544444+00:00
2026-06-02T04:45:00+00:00,2026-06-02T05:15:00+00:00,30,INFY,INFY.NS,1260.800048828125,1276.9000244140625,1260.4000244140625,1275.0999755859375,3214517,Yahoo Finance automated fallback,https://query1.finance.yahoo.com/v8/finance/chart/INFY.NS?period1=1778238506&period2=1783336106&interval=30m&events=history&includePrePost=false,2026-07-06T11:08:26.544444+00:00
2026-06-02T05:15:00+00:00,2026-06-02T05:45:00+00:00,30,INFY,INFY.NS,1274.800048828125,1274.800048828125,1266.300048828125,1272.300048828125,1882393,Yahoo Finance automated fallback,https://query1.finance.yahoo.com/v8/finance/chart/INFY.NS?period1=1778238506&period2=1783336106&interval=30m&events=history&includePrePost=false,2026-07-06T11:08:26.544444+00:00
2026-06-02T05:45:00+00:00,2026-06-02T06:15:00+00:00,30,INFY,INFY.NS,1272.300048828125,1278.0,1271.9000244140625,1276.800048828125,2014495,Yahoo Finance automated fallback,https://query1.finance.yahoo.com/v8/finance/chart/INFY.NS?period1=1778238506&period2=1783336106&interval=30m&events=history&includePrePost=false,2026-07-06T11:08:26.544444+00:00
2026-06-02T06:15:00+00:00,2026-06-02T06:45:00+00:00,30,INFY,INFY.NS,1277.199951171875,1278.800048828125,1270.800048828125,1271.0,2053014,Yahoo Finance automated fallback,https://query1.finance.yahoo.com/v8/finance/chart/INFY.NS?period1=1778238506&period2=1783336106&interval=30m&events=history&includePrePost=false,2026-07-06T11:08:26.544444+00:00
2026-06-02T06:45:00+00:00,2026-06-02T07:15:00+00:00,30,INFY,INFY.NS,1271.0999755859375,1275.0,1267.199951171875,1272.4000244140625,1827652,Yahoo Finance automated fallback,https://query1.finance.yahoo.com/v8/finance/chart/INFY.NS?period1=1778238506&period2=1783336106&interval=30m&events=history&includePrePost=false,2026-07-06T11:08:26.544444+00:00
2026-06-02T07:15:00+00:00,2026-06-02T07:45:00+00:00,30,INFY,INFY.NS,1272.0999755859375,1274.9000244140625,1266.0999755859375,1268.0999755859375,1779445,Yahoo Finance automated fallback,https://query1.finance.yahoo.com/v8/finance/chart/INFY.NS?period1=1778238506&period2=1783336106&interval=30m&events=history&includePrePost=false,2026-07-06T11:08:26.544444+00:00
2026-06-02T07:45:00+00:00,2026-06-02T08:15:00+00:00,30,INFY,INFY.NS,1268.0,1268.0,1263.0999755859375,1264.5,1753007,Yahoo Finance automated fallback,https://query1.finance.yahoo.com/v8/finance/chart/INFY.NS?period1=1778238506&period2=1783336106&interval=30m&events=history&includePrePost=false,2026-07-06T11:08:26.544444+00:00
2026-06-02T08:15:00+00:00,2026-06-02T08:45:00+00:00,30,INFY,INFY.NS,1264.699951171875,1271.699951171875,1263.0999755859375,1270.9000244140625,2278932,Yahoo Finance automated fallback,https://query1.finance.yahoo.com/v8/finance/chart/INFY.NS?period1=1778238506&period2=1783336106&interval=30m&events=history&includePrePost=false,2026-07-06T11:08:26.544444+00:00
2026-06-02T08:45:00+00:00,2026-06-02T09:15:00+00:00,30,INFY,INFY.NS,1270.9000244140625,1270.9000244140625,1265.5,1267.5999755859375,1710654,Yahoo Finance automated fallback,https://query1.finance.yahoo.com/v8/finance/chart/INFY.NS?period1=1778238506&period2=1783336106&interval=30m&events=history&includePrePost=false,2026-07-06T11:08:26.544444+00:00
2026-06-02T09:15:00+00:00,2026-06-02T09:45:00+00:00,30,INFY,INFY.NS,1267.699951171875,1272.0,1267.0,1271.9000244140625,2569750,Yahoo Finance automated fallback,https://query1.finance.yahoo.com/v8/finance/chart/INFY.NS?period1=1778238506&period2=1783336106&interval=30m&events=history&includePrePost=false,2026-07-06T11:08:26.544444+00:00
2026-06-02T09:45:00+00:00,2026-06-02T10:15:00+00:00,30,INFY,INFY.NS,1271.9000244140625,1273.0,1268.0,1268.0999755859375,2674663,Yahoo Finance automated fallback,https://query1.finance.yahoo.com/v8/finance/chart/INFY.NS?period1=1778238506&period2=1783336106&interval=30m&events=history&includePrePost=false,2026-07-06T11:08:26.544444+00:00
2026-06-03T03:45:00+00:00,2026-06-03T04:15:00+00:00,30,INFY,INFY.NS,1243.9000244140625,1246.5,1223.699951171875,1224.300048828125,2963540,Yahoo Finance automated fallback,https://query1.finance.yahoo.com/v8/finance/chart/INFY.NS?period1=1778238506&period2=1783336106&interval=30m&events=history&includePrePost=false,2026-07-06T11:08:26.544444+00:00
2026-06-03T04:15:00+00:00,2026-06-03T04:45:00+00:00,30,INFY,INFY.NS,1224.5999755859375,1227.4000244140625,1219.5,1220.0,1748184,Yahoo Finance automated fallback,https://query1.finance.yahoo.com/v8/finance/chart/INFY.NS?period1=1778238506&period2=1783336106&interval=30m&events=history&includePrePost=false,2026-07-06T11:08:26.544444+00:00
2026-06-03T04:45:00+00:00,2026-06-03T05:15:00+00:00,30,INFY,INFY.NS,1219.9000244140625,1228.5,1217.300048828125,1224.800048828125,1427503,Yahoo Finance automated fallback,https://query1.finance.yahoo.com/v8/finance/chart/INFY.NS?period1=1778238506&period2=1783336106&interval=30m&events=history&includePrePost=false,2026-07-06T11:08:26.544444+00:00
2026-06-03T05:15:00+00:00,2026-06-03T05:45:00+00:00,30,INFY,INFY.NS,1224.699951171875,1231.800048828125,1223.4000244140625,1226.0,1066286,Yahoo Finance automated fallback,https://query1.finance.yahoo.com/v8/finance/chart/INFY.NS?period1=1778238506&period2=1783336106&interval=30m&events=history&includePrePost=false,2026-07-06T11:08:26.544444+00:00
2026-06-03T05:45:00+00:00,2026-06-03T06:15:00+00:00,30,INFY,INFY.NS,1226.0,1228.0999755859375,1222.4000244140625,1223.300048828125,793172,Yahoo Finance automated fallback,https://query1.finance.yahoo.com/v8/finance/chart/INFY.NS?period1=1778238506&period2=1783336106&interval=30m&events=history&includePrePost=false,2026-07-06T11:08:26.544444+00:00
2026-06-03T06:15:00+00:00,2026-06-03T06:45:00+00:00,30,INFY,INFY.NS,1223.699951171875,1225.5,1216.0,1216.5999755859375,1180238,Yahoo Finance automated fallback,https://query1.finance.yahoo.com/v8/finance/chart/INFY.NS?period1=1778238506&period2=1783336106&interval=30m&events=history&includePrePost=false,2026-07-06T11:08:26.544444+00:00
2026-06-03T06:45:00+00:00,2026-06-03T07:15:00+00:00,30,INFY,INFY.NS,1216.5999755859375,1224.9000244140625,1216.5,1223.0999755859375,980426,Yahoo Finance automated fallback,https://query1.finance.yahoo.com/v8/finance/chart/INFY.NS?period1=1778238506&period2=1783336106&interval=30m&events=history&includePrePost=false,2026-07-06T11:08:26.544444+00:00
2026-06-03T07:15:00+00:00,2026-06-03T07:45:00+00:00,30,INFY,INFY.NS,1222.9000244140625,1223.199951171875,1220.5,1222.5,694057,Yahoo Finance automated fallback,https://query1.finance.yahoo.com/v8/finance/chart/INFY.NS?period1=1778238506&period2=1783336106&interval=30m&events=history&includePrePost=false,2026-07-06T11:08:26.544444+00:00
2026-06-03T07:45:00+00:00,2026-06-03T08:15:00+00:00,30,INFY,INFY.NS,1223.5,1224.300048828125,1220.4000244140625,1220.5999755859375,739298,Yahoo Finance automated fallback,https://query1.finance.yahoo.com/v8/finance/chart/INFY.NS?period1=1778238506&period2=1783336106&interval=30m&events=history&includePrePost=false,2026-07-06T11:08:26.544444+00:00
2026-06-03T08:15:00+00:00,2026-06-03T08:45:00+00:00,30,INFY,INFY.NS,1220.699951171875,1226.0,1219.699951171875,1220.9000244140625,931450,Yahoo Finance automated fallback,https://query1.finance.yahoo.com/v8/finance/chart/INFY.NS?period1=1778238506&period2=1783336106&interval=30m&events=history&includePrePost=false,2026-07-06T11:08:26.544444+00:00
2026-06-03T08:45:00+00:00,2026-06-03T09:15:00+00:00,30,INFY,INFY.NS,1220.5999755859375,1223.0,1219.199951171875,1221.5,898114,Yahoo Finance automated fallback,https://query1.finance.yahoo.com/v8/finance/chart/INFY.NS?period1=1778238506&period2=1783336106&interval=30m&events=history&includePrePost=false,2026-07-06T11:08:26.544444+00:00
2026-06-03T09:15:00+00:00,2026-06-03T09:45:00+00:00,30,INFY,INFY.NS,1221.5,1224.5999755859375,1219.800048828125,1224.5999755859375,1844315,Yahoo Finance automated fallback,https://query1.finance.yahoo.com/v8/finance/chart/INFY.NS?period1=1778238506&period2=1783336106&interval=30m&events=history&includePrePost=false,2026-07-06T11:08:26.544444+00:00
2026-06-03T09:45:00+00:00,2026-06-03T10:15:00+00:00,30,INFY,INFY.NS,1224.699951171875,1224.699951171875,1218.800048828125,1220.5,1308945,Yahoo Finance automated fallback,https://query1.finance.yahoo.com/v8/finance/chart/INFY.NS?period1=1778238506&period2=1783336106&interval=30m&events=history&includePrePost=false,2026-07-06T11:08:26.544444+00:00
2026-06-04T03:45:00+00:00,2026-06-04T04:15:00+00:00,30,INFY,INFY.NS,1208.0,1214.800048828125,1201.4000244140625,1206.5999755859375,871240,Yahoo Finance automated fallback,https://query1.finance.yahoo.com/v8/finance/chart/INFY.NS?period1=1778238506&period2=1783336106&interval=30m&events=history&includePrePost=false,2026-07-06T11:08:26.544444+00:00
2026-06-04T04:15:00+00:00,2026-06-04T04:45:00+00:00,30,INFY,INFY.NS,1207.4000244140625,1208.0,1203.4000244140625,1204.300048828125,935751,Yahoo Finance automated fallback,https://query1.finance.yahoo.com/v8/finance/chart/INFY.NS?period1=1778238506&period2=1783336106&interval=30m&events=history&includePrePost=false,2026-07-06T11:08:26.544444+00:00
2026-06-04T04:45:00+00:00,2026-06-04T05:15:00+00:00,30,INFY,INFY.NS,1204.4000244140625,1205.699951171875,1196.199951171875,1200.300048828125,1079779,Yahoo Finance automated fallback,https://query1.finance.yahoo.com/v8/finance/chart/INFY.NS?period1=1778238506&period2=1783336106&interval=30m&events=history&includePrePost=false,2026-07-06T11:08:26.544444+00:00
2026-06-04T05:15:00+00:00,2026-06-04T05:45:00+00:00,30,INFY,INFY.NS,1200.4000244140625,1205.0,1200.4000244140625,1203.199951171875,392243,Yahoo Finance automated fallback,https://query1.finance.yahoo.com/v8/finance/chart/INFY.NS?period1=1778238506&period2=1783336106&interval=30m&events=history&includePrePost=false,2026-07-06T11:08:26.544444+00:00
2026-06-04T05:45:00+00:00,2026-06-04T06:15:00+00:00,30,INFY,INFY.NS,1203.4000244140625,1206.5,1202.0999755859375,1205.0999755859375,449073,Yahoo Finance automated fallback,https://query1.finance.yahoo.com/v8/finance/chart/INFY.NS?period1=1778238506&period2=1783336106&interval=30m&events=history&includePrePost=false,2026-07-06T11:08:26.544444+00:00
2026-06-04T06:15:00+00:00,2026-06-04T06:45:00+00:00,30,INFY,INFY.NS,1204.699951171875,1205.5,1202.4000244140625,1203.5,869994,Yahoo Finance automated fallback,https://query1.finance.yahoo.com/v8/finance/chart/INFY.NS?period1=1778238506&period2=1783336106&interval=30m&events=history&includePrePost=false,2026-07-06T11:08:26.544444+00:00
2026-06-04T06:45:00+00:00,2026-06-04T07:15:00+00:00,30,INFY,INFY.NS,1203.5,1204.300048828125,1199.0999755859375,1199.0999755859375,770857,Yahoo Finance automated fallback,https://query1.finance.yahoo.com/v8/finance/chart/INFY.NS?period1=1778238506&period2=1783336106&interval=30m&events=history&includePrePost=false,2026-07-06T11:08:26.544444+00:00
2026-06-04T07:15:00+00:00,2026-06-04T07:45:00+00:00,30,INFY,INFY.NS,1199.199951171875,1205.800048828125,1199.0,1202.199951171875,676160,Yahoo Finance automated fallback,https://query1.finance.yahoo.com/v8/finance/chart/INFY.NS?period1=1778238506&period2=1783336106&interval=30m&events=history&includePrePost=false,2026-07-06T11:08:26.544444+00:00
2026-06-04T07:45:00+00:00,2026-06-04T08:15:00+00:00,30,INFY,INFY.NS,1202.199951171875,1205.5,1201.199951171875,1203.699951171875,1058915,Yahoo Finance automated fallback,https://query1.finance.yahoo.com/v8/finance/chart/INFY.NS?period1=1778238506&period2=1783336106&interval=30m&events=history&includePrePost=false,2026-07-06T11:08:26.544444+00:00
2026-06-04T08:15:00+00:00,2026-06-04T08:45:00+00:00,30,INFY,INFY.NS,1203.699951171875,1204.5999755859375,1201.5999755859375,1203.9000244140625,658837,Yahoo Finance automated fallback,https://query1.finance.yahoo.com/v8/finance/chart/INFY.NS?period1=1778238506&period2=1783336106&interval=30m&events=history&includePrePost=false,2026-07-06T11:08:26.544444+00:00
2026-06-04T08:45:00+00:00,2026-06-04T09:15:00+00:00,30,INFY,INFY.NS,1203.9000244140625,1206.4000244140625,1202.9000244140625,1203.5,537506,Yahoo Finance automated fallback,https://query1.finance.yahoo.com/v8/finance/chart/INFY.NS?period1=1778238506&period2=1783336106&interval=30m&events=history&includePrePost=false,2026-07-06T11:08:26.544444+00:00
2026-06-04T09:15:00+00:00,2026-06-04T09:45:00+00:00,30,INFY,INFY.NS,1203.5999755859375,1204.0,1199.0,1201.800048828125,1920486,Yahoo Finance automated fallback,https://query1.finance.yahoo.com/v8/finance/chart/INFY.NS?period1=1778238506&period2=1783336106&interval=30m&events=history&includePrePost=false,2026-07-06T11:08:26.544444+00:00
2026-06-04T09:45:00+00:00,2026-06-04T10:15:00+00:00,30,INFY,INFY.NS,1201.800048828125,1206.0,1200.5,1206.0,1491678,Yahoo Finance automated fallback,https://query1.finance.yahoo.com/v8/finance/chart/INFY.NS?period1=1778238506&period2=1783336106&interval=30m&events=history&includePrePost=false,2026-07-06T11:08:26.544444+00:00
2026-06-05T03:45:00+00:00,2026-06-05T04:15:00+00:00,30,INFY,INFY.NS,1218.0,1221.800048828125,1205.0,1207.9000244140625,889027,Yahoo Finance automated fallback,https://query1.finance.yahoo.com/v8/finance/chart/INFY.NS?period1=1778238506&period2=1783336106&interval=30m&events=history&includePrePost=false,2026-07-06T11:08:26.544444+00:00
2026-06-05T04:15:00+00:00,2026-06-05T04:45:00+00:00,30,INFY,INFY.NS,1208.0,1211.199951171875,1206.0999755859375,1209.5,377871,Yahoo Finance automated fallback,https://query1.finance.yahoo.com/v8/finance/chart/INFY.NS?period1=1778238506&period2=1783336106&interval=30m&events=history&includePrePost=false,2026-07-06T11:08:26.544444+00:00
2026-06-05T04:45:00+00:00,2026-06-05T05:15:00+00:00,30,INFY,INFY.NS,1209.5,1209.800048828125,1202.199951171875,1206.5,650703,Yahoo Finance automated fallback,https://query1.finance.yahoo.com/v8/finance/chart/INFY.NS?period1=1778238506&period2=1783336106&interval=30m&events=history&includePrePost=false,2026-07-06T11:08:26.544444+00:00
2026-06-05T05:15:00+00:00,2026-06-05T05:45:00+00:00,30,INFY,INFY.NS,1206.0,1206.5999755859375,1201.0,1202.800048828125,438309,Yahoo Finance automated fallback,https://query1.finance.yahoo.com/v8/finance/chart/INFY.NS?period1=1778238506&period2=1783336106&interval=30m&events=history&includePrePost=false,2026-07-06T11:08:26.544444+00:00
2026-06-05T05:45:00+00:00,2026-06-05T06:15:00+00:00,30,INFY,INFY.NS,1202.800048828125,1204.800048828125,1200.300048828125,1203.9000244140625,469702,Yahoo Finance automated fallback,https://query1.finance.yahoo.com/v8/finance/chart/INFY.NS?period1=1778238506&period2=1783336106&interval=30m&events=history&includePrePost=false,2026-07-06T11:08:26.544444+00:00
2026-06-05T06:15:00+00:00,2026-06-05T06:45:00+00:00,30,INFY,INFY.NS,1204.4000244140625,1204.5999755859375,1200.4000244140625,1201.800048828125,406705,Yahoo Finance automated fallback,https://query1.finance.yahoo.com/v8/finance/chart/INFY.NS?period1=1778238506&period2=1783336106&interval=30m&events=history&includePrePost=false,2026-07-06T11:08:26.544444+00:00
2026-06-05T06:45:00+00:00,2026-06-05T07:15:00+00:00,30,INFY,INFY.NS,1201.800048828125,1202.5,1199.4000244140625,1200.0,328353,Yahoo Finance automated fallback,https://query1.finance.yahoo.com/v8/finance/chart/INFY.NS?period1=1778238506&period2=1783336106&interval=30m&events=history&includePrePost=false,2026-07-06T11:08:26.544444+00:00
2026-06-05T07:15:00+00:00,2026-06-05T07:45:00+00:00,30,INFY,INFY.NS,1200.0,1201.9000244140625,1199.300048828125,1201.0,302200,Yahoo Finance automated fallback,https://query1.finance.yahoo.com/v8/finance/chart/INFY.NS?period1=1778238506&period2=1783336106&interval=30m&events=history&includePrePost=false,2026-07-06T11:08:26.544444+00:00
2026-06-05T07:45:00+00:00,2026-06-05T08:15:00+00:00,30,INFY,INFY.NS,1200.699951171875,1201.9000244140625,1199.0999755859375,1200.0,262390,Yahoo Finance automated fallback,https://query1.finance.yahoo.com/v8/finance/chart/INFY.NS?period1=1778238506&period2=1783336106&interval=30m&events=history&includePrePost=false,2026-07-06T11:08:26.544444+00:00
2026-06-05T08:15:00+00:00,2026-06-05T08:45:00+00:00,30,INFY,INFY.NS,1200.0999755859375,1200.5999755859375,1196.5,1197.699951171875,559337,Yahoo Finance automated fallback,https://query1.finance.yahoo.com/v8/finance/chart/INFY.NS?period1=1778238506&period2=1783336106&interval=30m&events=history&includePrePost=false,2026-07-06T11:08:26.544444+00:00
2026-06-05T08:45:00+00:00,2026-06-05T09:15:00+00:00,30,INFY,INFY.NS,1197.5999755859375,1200.800048828125,1194.5,1197.5,693054,Yahoo Finance automated fallback,https://query1.finance.yahoo.com/v8/finance/chart/INFY.NS?period1=1778238506&period2=1783336106&interval=30m&events=history&includePrePost=false,2026-07-06T11:08:26.544444+00:00
2026-06-05T09:15:00+00:00,2026-06-05T09:45:00+00:00,30,INFY,INFY.NS,1197.699951171875,1200.0,1195.199951171875,1197.300048828125,1471313,Yahoo Finance automated fallback,https://query1.finance.yahoo.com/v8/finance/chart/INFY.NS?period1=1778238506&period2=1783336106&interval=30m&events=history&includePrePost=false,2026-07-06T11:08:26.544444+00:00
2026-06-05T09:45:00+00:00,2026-06-05T10:15:00+00:00,30,INFY,INFY.NS,1197.4000244140625,1199.4000244140625,1196.5999755859375,1199.0,1213663,Yahoo Finance automated fallback,https://query1.finance.yahoo.com/v8/finance/chart/INFY.NS?period1=1778238506&period2=1783336106&interval=30m&events=history&includePrePost=false,2026-07-06T11:08:26.544444+00:00
2026-06-08T03:45:00+00:00,2026-06-08T04:15:00+00:00,30,INFY,INFY.NS,1179.0,1187.5,1176.9000244140625,1179.5999755859375,687816,Yahoo Finance automated fallback,https://query1.finance.yahoo.com/v8/finance/chart/INFY.NS?period1=1778238506&period2=1783336106&interval=30m&events=history&includePrePost=false,2026-07-06T11:08:26.544444+00:00
2026-06-08T04:15:00+00:00,2026-06-08T04:45:00+00:00,30,INFY,INFY.NS,1179.5999755859375,1191.0,1179.5999755859375,1187.5,692693,Yahoo Finance automated fallback,https://query1.finance.yahoo.com/v8/finance/chart/INFY.NS?period1=1778238506&period2=1783336106&interval=30m&events=history&includePrePost=false,2026-07-06T11:08:26.544444+00:00
2026-06-08T04:45:00+00:00,2026-06-08T05:15:00+00:00,30,INFY,INFY.NS,1187.0999755859375,1197.5999755859375,1185.5999755859375,1197.300048828125,672707,Yahoo Finance automated fallback,https://query1.finance.yahoo.com/v8/finance/chart/INFY.NS?period1=1778238506&period2=1783336106&interval=30m&events=history&includePrePost=false,2026-07-06T11:08:26.544444+00:00
2026-06-08T05:15:00+00:00,2026-06-08T05:45:00+00:00,30,INFY,INFY.NS,1197.0,1200.199951171875,1193.0,1193.699951171875,1059502,Yahoo Finance automated fallback,https://query1.finance.yahoo.com/v8/finance/chart/INFY.NS?period1=1778238506&period2=1783336106&interval=30m&events=history&includePrePost=false,2026-07-06T11:08:26.544444+00:00
2026-06-08T05:45:00+00:00,2026-06-08T06:15:00+00:00,30,INFY,INFY.NS,1194.0,1196.199951171875,1190.800048828125,1194.800048828125,529098,Yahoo Finance automated fallback,https://query1.finance.yahoo.com/v8/finance/chart/INFY.NS?period1=1778238506&period2=1783336106&interval=30m&events=history&includePrePost=false,2026-07-06T11:08:26.544444+00:00
2026-06-08T06:15:00+00:00,2026-06-08T06:45:00+00:00,30,INFY,INFY.NS,1194.800048828125,1197.5999755859375,1194.0,1195.199951171875,299611,Yahoo Finance automated fallback,https://query1.finance.yahoo.com/v8/finance/chart/INFY.NS?period1=1778238506&period2=1783336106&interval=30m&events=history&includePrePost=false,2026-07-06T11:08:26.544444+00:00
2026-06-08T06:45:00+00:00,2026-06-08T07:15:00+00:00,30,INFY,INFY.NS,1195.199951171875,1195.800048828125,1191.5999755859375,1192.0,318540,Yahoo Finance automated fallback,https://query1.finance.yahoo.com/v8/finance/chart/INFY.NS?period1=1778238506&period2=1783336106&interval=30m&events=history&includePrePost=false,2026-07-06T11:08:26.544444+00:00
2026-06-08T07:15:00+00:00,2026-06-08T07:45:00+00:00,30,INFY,INFY.NS,1192.300048828125,1194.5999755859375,1187.5,1191.699951171875,362771,Yahoo Finance automated fallback,https://query1.finance.yahoo.com/v8/finance/chart/INFY.NS?period1=1778238506&period2=1783336106&interval=30m&events=history&includePrePost=false,2026-07-06T11:08:26.544444+00:00
2026-06-08T07:45:00+00:00,2026-06-08T08:15:00+00:00,30,INFY,INFY.NS,1191.800048828125,1192.5,1190.699951171875,1190.699951171875,408878,Yahoo Finance automated fallback,https://query1.finance.yahoo.com/v8/finance/chart/INFY.NS?period1=1778238506&period2=1783336106&interval=30m&events=history&includePrePost=false,2026-07-06T11:08:26.544444+00:00
2026-06-08T08:15:00+00:00,2026-06-08T08:45:00+00:00,30,INFY,INFY.NS,1190.800048828125,1191.5999755859375,1188.0999755859375,1188.699951171875,857761,Yahoo Finance automated fallback,https://query1.finance.yahoo.com/v8/finance/chart/INFY.NS?period1=1778238506&period2=1783336106&interval=30m&events=history&includePrePost=false,2026-07-06T11:08:26.544444+00:00
2026-06-08T08:45:00+00:00,2026-06-08T09:15:00+00:00,30,INFY,INFY.NS,1188.5999755859375,1188.800048828125,1186.199951171875,1187.800048828125,275349,Yahoo Finance automated fallback,https://query1.finance.yahoo.com/v8/finance/chart/INFY.NS?period1=1778238506&period2=1783336106&interval=30m&events=history&includePrePost=false,2026-07-06T11:08:26.544444+00:00
2026-06-08T09:15:00+00:00,2026-06-08T09:45:00+00:00,30,INFY,INFY.NS,1188.199951171875,1191.4000244140625,1185.300048828125,1186.4000244140625,923596,Yahoo Finance automated fallback,https://query1.finance.yahoo.com/v8/finance/chart/INFY.NS?period1=1778238506&period2=1783336106&interval=30m&events=history&includePrePost=false,2026-07-06T11:08:26.544444+00:00
2026-06-08T09:45:00+00:00,2026-06-08T10:15:00+00:00,30,INFY,INFY.NS,1186.5999755859375,1191.0,1184.699951171875,1187.0,905788,Yahoo Finance automated fallback,https://query1.finance.yahoo.com/v8/finance/chart/INFY.NS?period1=1778238506&period2=1783336106&interval=30m&events=history&includePrePost=false,2026-07-06T11:08:26.544444+00:00
2026-06-09T03:45:00+00:00,2026-06-09T04:15:00+00:00,30,INFY,INFY.NS,1193.5,1193.5,1171.5,1171.5,1128783,Yahoo Finance automated fallback,https://query1.finance.yahoo.com/v8/finance/chart/INFY.NS?period1=1778238506&period2=1783336106&interval=30m&events=history&includePrePost=false,2026-07-06T11:08:26.544444+00:00
2026-06-09T04:15:00+00:00,2026-06-09T04:45:00+00:00,30,INFY,INFY.NS,1171.300048828125,1174.9000244140625,1167.5,1167.9000244140625,717719,Yahoo Finance automated fallback,https://query1.finance.yahoo.com/v8/finance/chart/INFY.NS?period1=1778238506&period2=1783336106&interval=30m&events=history&includePrePost=false,2026-07-06T11:08:26.544444+00:00
2026-06-09T04:45:00+00:00,2026-06-09T05:15:00+00:00,30,INFY,INFY.NS,1168.0,1171.9000244140625,1167.699951171875,1171.5999755859375,608074,Yahoo Finance automated fallback,https://query1.finance.yahoo.com/v8/finance/chart/INFY.NS?period1=1778238506&period2=1783336106&interval=30m&events=history&includePrePost=false,2026-07-06T11:08:26.544444+00:00
2026-06-09T05:15:00+00:00,2026-06-09T05:45:00+00:00,30,INFY,INFY.NS,1171.800048828125,1176.5999755859375,1170.300048828125,1175.0999755859375,443072,Yahoo Finance automated fallback,https://query1.finance.yahoo.com/v8/finance/chart/INFY.NS?period1=1778238506&period2=1783336106&interval=30m&events=history&includePrePost=false,2026-07-06T11:08:26.544444+00:00
2026-06-09T05:45:00+00:00,2026-06-09T06:15:00+00:00,30,INFY,INFY.NS,1175.0999755859375,1176.4000244140625,1173.0,1173.5,660129,Yahoo Finance automated fallback,https://query1.finance.yahoo.com/v8/finance/chart/INFY.NS?period1=1778238506&period2=1783336106&interval=30m&events=history&includePrePost=false,2026-07-06T11:08:26.544444+00:00
2026-06-09T06:15:00+00:00,2026-06-09T06:45:00+00:00,30,INFY,INFY.NS,1173.5,1176.300048828125,1173.0,1175.699951171875,605839,Yahoo Finance automated fallback,https://query1.finance.yahoo.com/v8/finance/chart/INFY.NS?period1=1778238506&period2=1783336106&interval=30m&events=history&includePrePost=false,2026-07-06T11:08:26.544444+00:00
2026-06-09T06:45:00+00:00,2026-06-09T07:15:00+00:00,30,INFY,INFY.NS,1175.699951171875,1176.199951171875,1169.0999755859375,1169.5999755859375,562347,Yahoo Finance automated fallback,https://query1.finance.yahoo.com/v8/finance/chart/INFY.NS?period1=1778238506&period2=1783336106&interval=30m&events=history&includePrePost=false,2026-07-06T11:08:26.544444+00:00
2026-06-09T07:15:00+00:00,2026-06-09T07:45:00+00:00,30,INFY,INFY.NS,1169.800048828125,1172.9000244140625,1169.0,1172.800048828125,501493,Yahoo Finance automated fallback,https://query1.finance.yahoo.com/v8/finance/chart/INFY.NS?period1=1778238506&period2=1783336106&interval=30m&events=history&includePrePost=false,2026-07-06T11:08:26.544444+00:00
2026-06-09T07:45:00+00:00,2026-06-09T08:15:00+00:00,30,INFY,INFY.NS,1172.800048828125,1175.4000244140625,1170.9000244140625,1174.0999755859375,648291,Yahoo Finance automated fallback,https://query1.finance.yahoo.com/v8/finance/chart/INFY.NS?period1=1778238506&period2=1783336106&interval=30m&events=history&includePrePost=false,2026-07-06T11:08:26.544444+00:00
2026-06-09T08:15:00+00:00,2026-06-09T08:45:00+00:00,30,INFY,INFY.NS,1174.0999755859375,1174.5,1172.0,1173.0,513258,Yahoo Finance automated fallback,https://query1.finance.yahoo.com/v8/finance/chart/INFY.NS?period1=1778238506&period2=1783336106&interval=30m&events=history&includePrePost=false,2026-07-06T11:08:26.544444+00:00
2026-06-09T08:45:00+00:00,2026-06-09T09:15:00+00:00,30,INFY,INFY.NS,1173.699951171875,1175.5,1173.0,1174.5,594250,Yahoo Finance automated fallback,https://query1.finance.yahoo.com/v8/finance/chart/INFY.NS?period1=1778238506&period2=1783336106&interval=30m&events=history&includePrePost=false,2026-07-06T11:08:26.544444+00:00
2026-06-09T09:15:00+00:00,2026-06-09T09:45:00+00:00,30,INFY,INFY.NS,1174.4000244140625,1183.800048828125,1173.9000244140625,1180.0999755859375,1970618,Yahoo Finance automated fallback,https://query1.finance.yahoo.com/v8/finance/chart/INFY.NS?period1=1778238506&period2=1783336106&interval=30m&events=history&includePrePost=false,2026-07-06T11:08:26.544444+00:00
2026-06-09T09:45:00+00:00,2026-06-09T10:15:00+00:00,30,INFY,INFY.NS,1180.0999755859375,1183.0999755859375,1179.5,1181.699951171875,1272104,Yahoo Finance automated fallback,https://query1.finance.yahoo.com/v8/finance/chart/INFY.NS?period1=1778238506&period2=1783336106&interval=30m&events=history&includePrePost=false,2026-07-06T11:08:26.544444+00:00
2026-06-10T03:45:00+00:00,2026-06-10T04:15:00+00:00,30,INFY,INFY.NS,1162.0,1166.4000244140625,1159.9000244140625,1165.300048828125,631684,Yahoo Finance automated fallback,https://query1.finance.yahoo.com/v8/finance/chart/INFY.NS?period1=1778238506&period2=1783336106&interval=30m&events=history&includePrePost=false,2026-07-06T11:08:26.544444+00:00
2026-06-10T04:15:00+00:00,2026-06-10T04:45:00+00:00,30,INFY,INFY.NS,1165.199951171875,1171.4000244140625,1163.199951171875,1163.300048828125,1022115,Yahoo Finance automated fallback,https://query1.finance.yahoo.com/v8/finance/chart/INFY.NS?period1=1778238506&period2=1783336106&interval=30m&events=history&includePrePost=false,2026-07-06T11:08:26.544444+00:00
2026-06-10T04:45:00+00:00,2026-06-10T05:15:00+00:00,30,INFY,INFY.NS,1163.0,1165.4000244140625,1157.699951171875,1158.5,468700,Yahoo Finance automated fallback,https://query1.finance.yahoo.com/v8/finance/chart/INFY.NS?period1=1778238506&period2=1783336106&interval=30m&events=history&includePrePost=false,2026-07-06T11:08:26.544444+00:00
2026-06-10T05:15:00+00:00,2026-06-10T05:45:00+00:00,30,INFY,INFY.NS,1158.5,1160.5999755859375,1158.0,1158.800048828125,353943,Yahoo Finance automated fallback,https://query1.finance.yahoo.com/v8/finance/chart/INFY.NS?period1=1778238506&period2=1783336106&interval=30m&events=history&includePrePost=false,2026-07-06T11:08:26.544444+00:00
2026-06-10T05:45:00+00:00,2026-06-10T06:15:00+00:00,30,INFY,INFY.NS,1158.800048828125,1160.5999755859375,1154.5,1155.0999755859375,551379,Yahoo Finance automated fallback,https://query1.finance.yahoo.com/v8/finance/chart/INFY.NS?period1=1778238506&period2=1783336106&interval=30m&events=history&includePrePost=false,2026-07-06T11:08:26.544444+00:00
2026-06-10T06:15:00+00:00,2026-06-10T06:45:00+00:00,30,INFY,INFY.NS,1155.0999755859375,1157.5,1152.5,1154.5999755859375,394555,Yahoo Finance automated fallback,https://query1.finance.yahoo.com/v8/finance/chart/INFY.NS?period1=1778238506&period2=1783336106&interval=30m&events=history&includePrePost=false,2026-07-06T11:08:26.544444+00:00
2026-06-10T06:45:00+00:00,2026-06-10T07:15:00+00:00,30,INFY,INFY.NS,1154.800048828125,1154.800048828125,1150.9000244140625,1151.0999755859375,302923,Yahoo Finance automated fallback,https://query1.finance.yahoo.com/v8/finance/chart/INFY.NS?period1=1778238506&period2=1783336106&interval=30m&events=history&includePrePost=false,2026-07-06T11:08:26.544444+00:00
2026-06-10T07:15:00+00:00,2026-06-10T07:45:00+00:00,30,INFY,INFY.NS,1151.0999755859375,1152.5999755859375,1149.0,1149.300048828125,518049,Yahoo Finance automated fallback,https://query1.finance.yahoo.com/v8/finance/chart/INFY.NS?period1=1778238506&period2=1783336106&interval=30m&events=history&includePrePost=false,2026-07-06T11:08:26.544444+00:00
2026-06-10T07:45:00+00:00,2026-06-10T08:15:00+00:00,30,INFY,INFY.NS,1149.300048828125,1152.9000244140625,1146.199951171875,1150.5,888485,Yahoo Finance automated fallback,https://query1.finance.yahoo.com/v8/finance/chart/INFY.NS?period1=1778238506&period2=1783336106&interval=30m&events=history&includePrePost=false,2026-07-06T11:08:26.544444+00:00
2026-06-10T08:15:00+00:00,2026-06-10T08:45:00+00:00,30,INFY,INFY.NS,1150.4000244140625,1150.800048828125,1148.5,1149.300048828125,353481,Yahoo Finance automated fallback,https://query1.finance.yahoo.com/v8/finance/chart/INFY.NS?period1=1778238506&period2=1783336106&interval=30m&events=history&includePrePost=false,2026-07-06T11:08:26.544444+00:00
2026-06-10T08:45:00+00:00,2026-06-10T09:15:00+00:00,30,INFY,INFY.NS,1149.4000244140625,1150.300048828125,1146.0999755859375,1147.0,743264,Yahoo Finance automated fallback,https://query1.finance.yahoo.com/v8/finance/chart/INFY.NS?period1=1778238506&period2=1783336106&interval=30m&events=history&includePrePost=false,2026-07-06T11:08:26.544444+00:00
2026-06-10T09:15:00+00:00,2026-06-10T09:45:00+00:00,30,INFY,INFY.NS,1147.0,1147.300048828125,1143.5999755859375,1145.0999755859375,1105943,Yahoo Finance automated fallback,https://query1.finance.yahoo.com/v8/finance/chart/INFY.NS?period1=1778238506&period2=1783336106&interval=30m&events=history&includePrePost=false,2026-07-06T11:08:26.544444+00:00
2026-06-10T09:45:00+00:00,2026-06-10T10:15:00+00:00,30,INFY,INFY.NS,1145.0,1147.300048828125,1143.699951171875,1145.300048828125,891681,Yahoo Finance automated fallback,https://query1.finance.yahoo.com/v8/finance/chart/INFY.NS?period1=1778238506&period2=1783336106&interval=30m&events=history&includePrePost=false,2026-07-06T11:08:26.544444+00:00
2026-06-11T03:45:00+00:00,2026-06-11T04:15:00+00:00,30,INFY,INFY.NS,1128.800048828125,1129.9000244140625,1109.300048828125,1112.9000244140625,1339274,Yahoo Finance automated fallback,https://query1.finance.yahoo.com/v8/finance/chart/INFY.NS?period1=1778238506&period2=1783336106&interval=30m&events=history&includePrePost=false,2026-07-06T11:08:26.544444+00:00
2026-06-11T04:15:00+00:00,2026-06-11T04:45:00+00:00,30,INFY,INFY.NS,1112.800048828125,1116.5,1110.199951171875,1111.300048828125,915315,Yahoo Finance automated fallback,https://query1.finance.yahoo.com/v8/finance/chart/INFY.NS?period1=1778238506&period2=1783336106&interval=30m&events=history&includePrePost=false,2026-07-06T11:08:26.544444+00:00
2026-06-11T04:45:00+00:00,2026-06-11T05:15:00+00:00,30,INFY,INFY.NS,1111.4000244140625,1122.0,1110.199951171875,1118.4000244140625,1082235,Yahoo Finance automated fallback,https://query1.finance.yahoo.com/v8/finance/chart/INFY.NS?period1=1778238506&period2=1783336106&interval=30m&events=history&includePrePost=false,2026-07-06T11:08:26.544444+00:00
2026-06-11T05:15:00+00:00,2026-06-11T05:45:00+00:00,30,INFY,INFY.NS,1118.0999755859375,1122.4000244140625,1116.300048828125,1118.0999755859375,454249,Yahoo Finance automated fallback,https://query1.finance.yahoo.com/v8/finance/chart/INFY.NS?period1=1778238506&period2=1783336106&interval=30m&events=history&includePrePost=false,2026-07-06T11:08:26.544444+00:00
2026-06-11T05:45:00+00:00,2026-06-11T06:15:00+00:00,30,INFY,INFY.NS,1118.300048828125,1121.5,1116.0999755859375,1120.4000244140625,459830,Yahoo Finance automated fallback,https://query1.finance.yahoo.com/v8/finance/chart/INFY.NS?period1=1778238506&period2=1783336106&interval=30m&events=history&includePrePost=false,2026-07-06T11:08:26.544444+00:00
2026-06-11T06:15:00+00:00,2026-06-11T06:45:00+00:00,30,INFY,INFY.NS,1120.5,1125.5999755859375,1120.0,1122.5,460503,Yahoo Finance automated fallback,https://query1.finance.yahoo.com/v8/finance/chart/INFY.NS?period1=1778238506&period2=1783336106&interval=30m&events=history&includePrePost=false,2026-07-06T11:08:26.544444+00:00
2026-06-11T06:45:00+00:00,2026-06-11T07:15:00+00:00,30,INFY,INFY.NS,1122.5,1124.9000244140625,1120.0,1120.4000244140625,325712,Yahoo Finance automated fallback,https://query1.finance.yahoo.com/v8/finance/chart/INFY.NS?period1=1778238506&period2=1783336106&interval=30m&events=history&includePrePost=false,2026-07-06T11:08:26.544444+00:00
2026-06-11T07:15:00+00:00,2026-06-11T07:45:00+00:00,30,INFY,INFY.NS,1120.4000244140625,1121.800048828125,1117.5999755859375,1119.199951171875,243894,Yahoo Finance automated fallback,https://query1.finance.yahoo.com/v8/finance/chart/INFY.NS?period1=1778238506&period2=1783336106&interval=30m&events=history&includePrePost=false,2026-07-06T11:08:26.544444+00:00
2026-06-11T07:45:00+00:00,2026-06-11T08:15:00+00:00,30,INFY,INFY.NS,1119.0999755859375,1120.300048828125,1116.0,1116.0999755859375,296402,Yahoo Finance automated fallback,https://query1.finance.yahoo.com/v8/finance/chart/INFY.NS?period1=1778238506&period2=1783336106&interval=30m&events=history&includePrePost=false,2026-07-06T11:08:26.544444+00:00
2026-06-11T08:15:00+00:00,2026-06-11T08:45:00+00:00,30,INFY,INFY.NS,1116.0,1117.0,1114.5,1116.0,397098,Yahoo Finance automated fallback,https://query1.finance.yahoo.com/v8/finance/chart/INFY.NS?period1=1778238506&period2=1783336106&interval=30m&events=history&includePrePost=false,2026-07-06T11:08:26.544444+00:00
2026-06-11T08:45:00+00:00,2026-06-11T09:15:00+00:00,30,INFY,INFY.NS,1116.0,1120.0,1115.699951171875,1116.9000244140625,505930,Yahoo Finance automated fallback,https://query1.finance.yahoo.com/v8/finance/chart/INFY.NS?period1=1778238506&period2=1783336106&interval=30m&events=history&includePrePost=false,2026-07-06T11:08:26.544444+00:00
2026-06-11T09:15:00+00:00,2026-06-11T09:45:00+00:00,30,INFY,INFY.NS,1117.0,1117.9000244140625,1112.0,1114.0,1394640,Yahoo Finance automated fallback,https://query1.finance.yahoo.com/v8/finance/chart/INFY.NS?period1=1778238506&period2=1783336106&interval=30m&events=history&includePrePost=false,2026-07-06T11:08:26.544444+00:00
2026-06-11T09:45:00+00:00,2026-06-11T10:15:00+00:00,30,INFY,INFY.NS,1114.0,1119.5999755859375,1113.9000244140625,1119.5,905546,Yahoo Finance automated fallback,https://query1.finance.yahoo.com/v8/finance/chart/INFY.NS?period1=1778238506&period2=1783336106&interval=30m&events=history&includePrePost=false,2026-07-06T11:08:26.544444+00:00
2026-06-12T03:45:00+00:00,2026-06-12T04:15:00+00:00,30,INFY,INFY.NS,1121.0999755859375,1123.0999755859375,1114.300048828125,1115.5,512103,Yahoo Finance automated fallback,https://query1.finance.yahoo.com/v8/finance/chart/INFY.NS?period1=1778238506&period2=1783336106&interval=30m&events=history&includePrePost=false,2026-07-06T11:08:26.544444+00:00
2026-06-12T04:15:00+00:00,2026-06-12T04:45:00+00:00,30,INFY,INFY.NS,1114.800048828125,1114.800048828125,1111.5999755859375,1114.4000244140625,390481,Yahoo Finance automated fallback,https://query1.finance.yahoo.com/v8/finance/chart/INFY.NS?period1=1778238506&period2=1783336106&interval=30m&events=history&includePrePost=false,2026-07-06T11:08:26.544444+00:00
2026-06-12T04:45:00+00:00,2026-06-12T05:15:00+00:00,30,INFY,INFY.NS,1114.5999755859375,1120.800048828125,1113.699951171875,1120.5999755859375,462033,Yahoo Finance automated fallback,https://query1.finance.yahoo.com/v8/finance/chart/INFY.NS?period1=1778238506&period2=1783336106&interval=30m&events=history&includePrePost=false,2026-07-06T11:08:26.544444+00:00
2026-06-12T05:15:00+00:00,2026-06-12T05:45:00+00:00,30,INFY,INFY.NS,1120.5,1123.0,1118.5,1120.800048828125,336653,Yahoo Finance automated fallback,https://query1.finance.yahoo.com/v8/finance/chart/INFY.NS?period1=1778238506&period2=1783336106&interval=30m&events=history&includePrePost=false,2026-07-06T11:08:26.544444+00:00
2026-06-12T05:45:00+00:00,2026-06-12T06:15:00+00:00,30,INFY,INFY.NS,1120.800048828125,1121.4000244140625,1117.0,1117.699951171875,178038,Yahoo Finance automated fallback,https://query1.finance.yahoo.com/v8/finance/chart/INFY.NS?period1=1778238506&period2=1783336106&interval=30m&events=history&includePrePost=false,2026-07-06T11:08:26.544444+00:00
2026-06-12T06:15:00+00:00,2026-06-12T06:45:00+00:00,30,INFY,INFY.NS,1117.9000244140625,1119.5,1117.5,1118.0999755859375,215138,Yahoo Finance automated fallback,https://query1.finance.yahoo.com/v8/finance/chart/INFY.NS?period1=1778238506&period2=1783336106&interval=30m&events=history&includePrePost=false,2026-07-06T11:08:26.544444+00:00
2026-06-12T06:45:00+00:00,2026-06-12T07:15:00+00:00,30,INFY,INFY.NS,1118.0,1119.9000244140625,1117.300048828125,1117.9000244140625,293472,Yahoo Finance automated fallback,https://query1.finance.yahoo.com/v8/finance/chart/INFY.NS?period1=1778238506&period2=1783336106&interval=30m&events=history&includePrePost=false,2026-07-06T11:08:26.544444+00:00
2026-06-12T07:15:00+00:00,2026-06-12T07:45:00+00:00,30,INFY,INFY.NS,1117.9000244140625,1118.0999755859375,1115.4000244140625,1115.5999755859375,317194,Yahoo Finance automated fallback,https://query1.finance.yahoo.com/v8/finance/chart/INFY.NS?period1=1778238506&period2=1783336106&interval=30m&events=history&includePrePost=false,2026-07-06T11:08:26.544444+00:00
2026-06-12T07:45:00+00:00,2026-06-12T08:15:00+00:00,30,INFY,INFY.NS,1115.699951171875,1118.5,1114.199951171875,1117.199951171875,262252,Yahoo Finance automated fallback,https://query1.finance.yahoo.com/v8/finance/chart/INFY.NS?period1=1778238506&period2=1783336106&interval=30m&events=history&includePrePost=false,2026-07-06T11:08:26.544444+00:00
2026-06-12T08:15:00+00:00,2026-06-12T08:45:00+00:00,30,INFY,INFY.NS,1117.9000244140625,1119.4000244140625,1117.0999755859375,1117.699951171875,264354,Yahoo Finance automated fallback,https://query1.finance.yahoo.com/v8/finance/chart/INFY.NS?period1=1778238506&period2=1783336106&interval=30m&events=history&includePrePost=false,2026-07-06T11:08:26.544444+00:00
2026-06-12T08:45:00+00:00,2026-06-12T09:15:00+00:00,30,INFY,INFY.NS,1117.800048828125,1118.5,1112.5,1113.800048828125,1080896,Yahoo Finance automated fallback,https://query1.finance.yahoo.com/v8/finance/chart/INFY.NS?period1=1778238506&period2=1783336106&interval=30m&events=history&includePrePost=false,2026-07-06T11:08:26.544444+00:00
2026-06-12T09:15:00+00:00,2026-06-12T09:45:00+00:00,30,INFY,INFY.NS,1113.800048828125,1119.5999755859375,1113.5,1116.0,1571496,Yahoo Finance automated fallback,https://query1.finance.yahoo.com/v8/finance/chart/INFY.NS?period1=1778238506&period2=1783336106&interval=30m&events=history&includePrePost=false,2026-07-06T11:08:26.544444+00:00
2026-06-12T09:45:00+00:00,2026-06-12T10:15:00+00:00,30,INFY,INFY.NS,1115.9000244140625,1119.0,1115.0,1116.4000244140625,1796179,Yahoo Finance automated fallback,https://query1.finance.yahoo.com/v8/finance/chart/INFY.NS?period1=1778238506&period2=1783336106&interval=30m&events=history&includePrePost=false,2026-07-06T11:08:26.544444+00:00
2026-06-15T03:45:00+00:00,2026-06-15T04:15:00+00:00,30,INFY,INFY.NS,1130.0,1134.0,1123.5,1129.9000244140625,477884,Yahoo Finance automated fallback,https://query1.finance.yahoo.com/v8/finance/chart/INFY.NS?period1=1778238506&period2=1783336106&interval=30m&events=history&includePrePost=false,2026-07-06T11:08:26.544444+00:00
2026-06-15T04:15:00+00:00,2026-06-15T04:45:00+00:00,30,INFY,INFY.NS,1129.800048828125,1130.800048828125,1124.5,1125.199951171875,322890,Yahoo Finance automated fallback,https://query1.finance.yahoo.com/v8/finance/chart/INFY.NS?period1=1778238506&period2=1783336106&interval=30m&events=history&includePrePost=false,2026-07-06T11:08:26.544444+00:00
2026-06-15T04:45:00+00:00,2026-06-15T05:15:00+00:00,30,INFY,INFY.NS,1125.5,1133.5,1124.5999755859375,1132.800048828125,632311,Yahoo Finance automated fallback,https://query1.finance.yahoo.com/v8/finance/chart/INFY.NS?period1=1778238506&period2=1783336106&interval=30m&events=history&includePrePost=false,2026-07-06T11:08:26.544444+00:00
2026-06-15T05:15:00+00:00,2026-06-15T05:45:00+00:00,30,INFY,INFY.NS,1132.9000244140625,1151.0,1132.0999755859375,1147.800048828125,1131901,Yahoo Finance automated fallback,https://query1.finance.yahoo.com/v8/finance/chart/INFY.NS?period1=1778238506&period2=1783336106&interval=30m&events=history&includePrePost=false,2026-07-06T11:08:26.544444+00:00
2026-06-15T05:45:00+00:00,2026-06-15T06:15:00+00:00,30,INFY,INFY.NS,1147.699951171875,1147.699951171875,1137.699951171875,1138.0,571004,Yahoo Finance automated fallback,https://query1.finance.yahoo.com/v8/finance/chart/INFY.NS?period1=1778238506&period2=1783336106&interval=30m&events=history&includePrePost=false,2026-07-06T11:08:26.544444+00:00
2026-06-15T06:15:00+00:00,2026-06-15T06:45:00+00:00,30,INFY,INFY.NS,1137.699951171875,1142.699951171875,1135.699951171875,1140.699951171875,491190,Yahoo Finance automated fallback,https://query1.finance.yahoo.com/v8/finance/chart/INFY.NS?period1=1778238506&period2=1783336106&interval=30m&events=history&includePrePost=false,2026-07-06T11:08:26.544444+00:00
2026-06-15T06:45:00+00:00,2026-06-15T07:15:00+00:00,30,INFY,INFY.NS,1140.699951171875,1140.699951171875,1135.699951171875,1138.4000244140625,361259,Yahoo Finance automated fallback,https://query1.finance.yahoo.com/v8/finance/chart/INFY.NS?period1=1778238506&period2=1783336106&interval=30m&events=history&includePrePost=false,2026-07-06T11:08:26.544444+00:00
2026-06-15T07:15:00+00:00,2026-06-15T07:45:00+00:00,30,INFY,INFY.NS,1138.4000244140625,1139.9000244140625,1135.199951171875,1135.5999755859375,797196,Yahoo Finance automated fallback,https://query1.finance.yahoo.com/v8/finance/chart/INFY.NS?period1=1778238506&period2=1783336106&interval=30m&events=history&includePrePost=false,2026-07-06T11:08:26.544444+00:00
2026-06-15T07:45:00+00:00,2026-06-15T08:15:00+00:00,30,INFY,INFY.NS,1135.5999755859375,1137.0999755859375,1135.0,1135.5,317305,Yahoo Finance automated fallback,https://query1.finance.yahoo.com/v8/finance/chart/INFY.NS?period1=1778238506&period2=1783336106&interval=30m&events=history&includePrePost=false,2026-07-06T11:08:26.544444+00:00
2026-06-15T08:15:00+00:00,2026-06-15T08:45:00+00:00,30,INFY,INFY.NS,1135.699951171875,1138.699951171875,1134.199951171875,1137.300048828125,325871,Yahoo Finance automated fallback,https://query1.finance.yahoo.com/v8/finance/chart/INFY.NS?period1=1778238506&period2=1783336106&interval=30m&events=history&includePrePost=false,2026-07-06T11:08:26.544444+00:00
2026-06-15T08:45:00+00:00,2026-06-15T09:15:00+00:00,30,INFY,INFY.NS,1137.5,1138.0,1135.5999755859375,1136.0,538628,Yahoo Finance automated fallback,https://query1.finance.yahoo.com/v8/finance/chart/INFY.NS?period1=1778238506&period2=1783336106&interval=30m&events=history&includePrePost=false,2026-07-06T11:08:26.544444+00:00
2026-06-15T09:15:00+00:00,2026-06-15T09:45:00+00:00,30,INFY,INFY.NS,1136.0999755859375,1137.0,1132.5999755859375,1134.699951171875,889711,Yahoo Finance automated fallback,https://query1.finance.yahoo.com/v8/finance/chart/INFY.NS?period1=1778238506&period2=1783336106&interval=30m&events=history&includePrePost=false,2026-07-06T11:08:26.544444+00:00
2026-06-15T09:45:00+00:00,2026-06-15T10:15:00+00:00,30,INFY,INFY.NS,1134.699951171875,1136.800048828125,1134.4000244140625,1134.9000244140625,577495,Yahoo Finance automated fallback,https://query1.finance.yahoo.com/v8/finance/chart/INFY.NS?period1=1778238506&period2=1783336106&interval=30m&events=history&includePrePost=false,2026-07-06T11:08:26.544444+00:00
2026-06-16T03:45:00+00:00,2026-06-16T04:15:00+00:00,30,INFY,INFY.NS,1131.5,1145.4000244140625,1123.4000244140625,1142.5999755859375,1165763,Yahoo Finance automated fallback,https://query1.finance.yahoo.com/v8/finance/chart/INFY.NS?period1=1778238506&period2=1783336106&interval=30m&events=history&includePrePost=false,2026-07-06T11:08:26.544444+00:00
2026-06-16T04:15:00+00:00,2026-06-16T04:45:00+00:00,30,INFY,INFY.NS,1142.800048828125,1144.800048828125,1140.199951171875,1141.800048828125,507115,Yahoo Finance automated fallback,https://query1.finance.yahoo.com/v8/finance/chart/INFY.NS?period1=1778238506&period2=1783336106&interval=30m&events=history&includePrePost=false,2026-07-06T11:08:26.544444+00:00
2026-06-16T04:45:00+00:00,2026-06-16T05:15:00+00:00,30,INFY,INFY.NS,1141.800048828125,1153.699951171875,1141.699951171875,1145.199951171875,810229,Yahoo Finance automated fallback,https://query1.finance.yahoo.com/v8/finance/chart/INFY.NS?period1=1778238506&period2=1783336106&interval=30m&events=history&includePrePost=false,2026-07-06T11:08:26.544444+00:00
2026-06-16T05:15:00+00:00,2026-06-16T05:45:00+00:00,30,INFY,INFY.NS,1145.0999755859375,1146.0999755859375,1142.0,1143.300048828125,471381,Yahoo Finance automated fallback,https://query1.finance.yahoo.com/v8/finance/chart/INFY.NS?period1=1778238506&period2=1783336106&interval=30m&events=history&includePrePost=false,2026-07-06T11:08:26.544444+00:00
2026-06-16T05:45:00+00:00,2026-06-16T06:15:00+00:00,30,INFY,INFY.NS,1143.300048828125,1143.800048828125,1134.800048828125,1135.5,696143,Yahoo Finance automated fallback,https://query1.finance.yahoo.com/v8/finance/chart/INFY.NS?period1=1778238506&period2=1783336106&interval=30m&events=history&includePrePost=false,2026-07-06T11:08:26.544444+00:00
2026-06-16T06:15:00+00:00,2026-06-16T06:45:00+00:00,30,INFY,INFY.NS,1135.5,1139.5999755859375,1134.0,1136.9000244140625,472135,Yahoo Finance automated fallback,https://query1.finance.yahoo.com/v8/finance/chart/INFY.NS?period1=1778238506&period2=1783336106&interval=30m&events=history&includePrePost=false,2026-07-06T11:08:26.544444+00:00
2026-06-16T06:45:00+00:00,2026-06-16T07:15:00+00:00,30,INFY,INFY.NS,1136.800048828125,1139.4000244140625,1135.800048828125,1138.0,332365,Yahoo Finance automated fallback,https://query1.finance.yahoo.com/v8/finance/chart/INFY.NS?period1=1778238506&period2=1783336106&interval=30m&events=history&includePrePost=false,2026-07-06T11:08:26.544444+00:00
2026-06-16T07:15:00+00:00,2026-06-16T07:45:00+00:00,30,INFY,INFY.NS,1137.800048828125,1141.300048828125,1137.199951171875,1140.0999755859375,1226039,Yahoo Finance automated fallback,https://query1.finance.yahoo.com/v8/finance/chart/INFY.NS?period1=1778238506&period2=1783336106&interval=30m&events=history&includePrePost=false,2026-07-06T11:08:26.544444+00:00
2026-06-16T07:45:00+00:00,2026-06-16T08:15:00+00:00,30,INFY,INFY.NS,1140.0999755859375,1142.5999755859375,1139.0,1141.5999755859375,468845,Yahoo Finance automated fallback,https://query1.finance.yahoo.com/v8/finance/chart/INFY.NS?period1=1778238506&period2=1783336106&interval=30m&events=history&includePrePost=false,2026-07-06T11:08:26.544444+00:00
2026-06-16T08:15:00+00:00,2026-06-16T08:45:00+00:00,30,INFY,INFY.NS,1141.300048828125,1142.800048828125,1139.0,1142.5,545308,Yahoo Finance automated fallback,https://query1.finance.yahoo.com/v8/finance/chart/INFY.NS?period1=1778238506&period2=1783336106&interval=30m&events=history&includePrePost=false,2026-07-06T11:08:26.544444+00:00
2026-06-16T08:45:00+00:00,2026-06-16T09:15:00+00:00,30,INFY,INFY.NS,1142.699951171875,1148.5999755859375,1141.800048828125,1145.5,576230,Yahoo Finance automated fallback,https://query1.finance.yahoo.com/v8/finance/chart/INFY.NS?period1=1778238506&period2=1783336106&interval=30m&events=history&includePrePost=false,2026-07-06T11:08:26.544444+00:00
2026-06-16T09:15:00+00:00,2026-06-16T09:45:00+00:00,30,INFY,INFY.NS,1145.5,1148.0,1141.5999755859375,1143.4000244140625,1414805,Yahoo Finance automated fallback,https://query1.finance.yahoo.com/v8/finance/chart/INFY.NS?period1=1778238506&period2=1783336106&interval=30m&events=history&includePrePost=false,2026-07-06T11:08:26.544444+00:00
2026-06-16T09:45:00+00:00,2026-06-16T10:15:00+00:00,30,INFY,INFY.NS,1143.4000244140625,1146.0,1142.300048828125,1145.0,864949,Yahoo Finance automated fallback,https://query1.finance.yahoo.com/v8/finance/chart/INFY.NS?period1=1778238506&period2=1783336106&interval=30m&events=history&includePrePost=false,2026-07-06T11:08:26.544444+00:00
2026-06-17T03:45:00+00:00,2026-06-17T04:15:00+00:00,30,INFY,INFY.NS,1149.199951171875,1162.5,1148.0,1156.699951171875,839367,Yahoo Finance automated fallback,https://query1.finance.yahoo.com/v8/finance/chart/INFY.NS?period1=1778238506&period2=1783336106&interval=30m&events=history&includePrePost=false,2026-07-06T11:08:26.544444+00:00
2026-06-17T04:15:00+00:00,2026-06-17T04:45:00+00:00,30,INFY,INFY.NS,1157.0,1158.5999755859375,1151.4000244140625,1151.9000244140625,486280,Yahoo Finance automated fallback,https://query1.finance.yahoo.com/v8/finance/chart/INFY.NS?period1=1778238506&period2=1783336106&interval=30m&events=history&includePrePost=false,2026-07-06T11:08:26.544444+00:00
2026-06-17T04:45:00+00:00,2026-06-17T05:15:00+00:00,30,INFY,INFY.NS,1151.9000244140625,1157.9000244140625,1151.5999755859375,1157.800048828125,362450,Yahoo Finance automated fallback,https://query1.finance.yahoo.com/v8/finance/chart/INFY.NS?period1=1778238506&period2=1783336106&interval=30m&events=history&includePrePost=false,2026-07-06T11:08:26.544444+00:00
2026-06-17T05:15:00+00:00,2026-06-17T05:45:00+00:00,30,INFY,INFY.NS,1158.199951171875,1162.4000244140625,1157.0,1158.300048828125,459890,Yahoo Finance automated fallback,https://query1.finance.yahoo.com/v8/finance/chart/INFY.NS?period1=1778238506&period2=1783336106&interval=30m&events=history&includePrePost=false,2026-07-06T11:08:26.544444+00:00
2026-06-17T05:45:00+00:00,2026-06-17T06:15:00+00:00,30,INFY,INFY.NS,1158.4000244140625,1159.5,1155.0999755859375,1155.699951171875,283409,Yahoo Finance automated fallback,https://query1.finance.yahoo.com/v8/finance/chart/INFY.NS?period1=1778238506&period2=1783336106&interval=30m&events=history&includePrePost=false,2026-07-06T11:08:26.544444+00:00
2026-06-17T06:15:00+00:00,2026-06-17T06:45:00+00:00,30,INFY,INFY.NS,1155.699951171875,1156.800048828125,1154.0,1155.9000244140625,340798,Yahoo Finance automated fallback,https://query1.finance.yahoo.com/v8/finance/chart/INFY.NS?period1=1778238506&period2=1783336106&interval=30m&events=history&includePrePost=false,2026-07-06T11:08:26.544444+00:00
2026-06-17T06:45:00+00:00,2026-06-17T07:15:00+00:00,30,INFY,INFY.NS,1155.9000244140625,1156.0999755859375,1153.5999755859375,1155.5,256846,Yahoo Finance automated fallback,https://query1.finance.yahoo.com/v8/finance/chart/INFY.NS?period1=1778238506&period2=1783336106&interval=30m&events=history&includePrePost=false,2026-07-06T11:08:26.544444+00:00
2026-06-17T07:15:00+00:00,2026-06-17T07:45:00+00:00,30,INFY,INFY.NS,1155.4000244140625,1158.0,1155.0999755859375,1156.5999755859375,213484,Yahoo Finance automated fallback,https://query1.finance.yahoo.com/v8/finance/chart/INFY.NS?period1=1778238506&period2=1783336106&interval=30m&events=history&includePrePost=false,2026-07-06T11:08:26.544444+00:00
2026-06-17T07:45:00+00:00,2026-06-17T08:15:00+00:00,30,INFY,INFY.NS,1156.300048828125,1159.199951171875,1156.199951171875,1158.699951171875,193706,Yahoo Finance automated fallback,https://query1.finance.yahoo.com/v8/finance/chart/INFY.NS?period1=1778238506&period2=1783336106&interval=30m&events=history&includePrePost=false,2026-07-06T11:08:26.544444+00:00
2026-06-17T08:15:00+00:00,2026-06-17T08:45:00+00:00,30,INFY,INFY.NS,1159.0999755859375,1160.0,1156.5999755859375,1157.4000244140625,244732,Yahoo Finance automated fallback,https://query1.finance.yahoo.com/v8/finance/chart/INFY.NS?period1=1778238506&period2=1783336106&interval=30m&events=history&includePrePost=false,2026-07-06T11:08:26.544444+00:00
2026-06-17T08:45:00+00:00,2026-06-17T09:15:00+00:00,30,INFY,INFY.NS,1157.4000244140625,1159.5,1155.5,1159.0,326205,Yahoo Finance automated fallback,https://query1.finance.yahoo.com/v8/finance/chart/INFY.NS?period1=1778238506&period2=1783336106&interval=30m&events=history&includePrePost=false,2026-07-06T11:08:26.544444+00:00
2026-06-17T09:15:00+00:00,2026-06-17T09:45:00+00:00,30,INFY,INFY.NS,1158.9000244140625,1160.5,1156.5,1157.0999755859375,1067766,Yahoo Finance automated fallback,https://query1.finance.yahoo.com/v8/finance/chart/INFY.NS?period1=1778238506&period2=1783336106&interval=30m&events=history&includePrePost=false,2026-07-06T11:08:26.544444+00:00
2026-06-17T09:45:00+00:00,2026-06-17T10:15:00+00:00,30,INFY,INFY.NS,1157.0,1157.5,1155.0,1156.4000244140625,434570,Yahoo Finance automated fallback,https://query1.finance.yahoo.com/v8/finance/chart/INFY.NS?period1=1778238506&period2=1783336106&interval=30m&events=history&includePrePost=false,2026-07-06T11:08:26.544444+00:00
2026-06-18T03:45:00+00:00,2026-06-18T04:15:00+00:00,30,INFY,INFY.NS,1142.0999755859375,1142.0999755859375,1125.5999755859375,1129.5999755859375,1909426,Yahoo Finance automated fallback,https://query1.finance.yahoo.com/v8/finance/chart/INFY.NS?period1=1778238506&period2=1783336106&interval=30m&events=history&includePrePost=false,2026-07-06T11:08:26.544444+00:00
2026-06-18T04:15:00+00:00,2026-06-18T04:45:00+00:00,30,INFY,INFY.NS,1129.0999755859375,1138.300048828125,1129.0999755859375,1135.0,1191101,Yahoo Finance automated fallback,https://query1.finance.yahoo.com/v8/finance/chart/INFY.NS?period1=1778238506&period2=1783336106&interval=30m&events=history&includePrePost=false,2026-07-06T11:08:26.544444+00:00
2026-06-18T04:45:00+00:00,2026-06-18T05:15:00+00:00,30,INFY,INFY.NS,1135.0,1137.0,1132.5,1135.0,724578,Yahoo Finance automated fallback,https://query1.finance.yahoo.com/v8/finance/chart/INFY.NS?period1=1778238506&period2=1783336106&interval=30m&events=history&includePrePost=false,2026-07-06T11:08:26.544444+00:00
2026-06-18T05:15:00+00:00,2026-06-18T05:45:00+00:00,30,INFY,INFY.NS,1134.9000244140625,1136.5,1133.0,1133.4000244140625,462750,Yahoo Finance automated fallback,https://query1.finance.yahoo.com/v8/finance/chart/INFY.NS?period1=1778238506&period2=1783336106&interval=30m&events=history&includePrePost=false,2026-07-06T11:08:26.544444+00:00
2026-06-18T05:45:00+00:00,2026-06-18T06:15:00+00:00,30,INFY,INFY.NS,1133.699951171875,1133.800048828125,1128.5999755859375,1131.800048828125,1375526,Yahoo Finance automated fallback,https://query1.finance.yahoo.com/v8/finance/chart/INFY.NS?period1=1778238506&period2=1783336106&interval=30m&events=history&includePrePost=false,2026-07-06T11:08:26.544444+00:00
2026-06-18T06:15:00+00:00,2026-06-18T06:45:00+00:00,30,INFY,INFY.NS,1131.800048828125,1134.0999755859375,1131.0999755859375,1132.199951171875,719238,Yahoo Finance automated fallback,https://query1.finance.yahoo.com/v8/finance/chart/INFY.NS?period1=1778238506&period2=1783336106&interval=30m&events=history&includePrePost=false,2026-07-06T11:08:26.544444+00:00
2026-06-18T06:45:00+00:00,2026-06-18T07:15:00+00:00,30,INFY,INFY.NS,1132.199951171875,1132.5,1130.0999755859375,1131.5,1082788,Yahoo Finance automated fallback,https://query1.finance.yahoo.com/v8/finance/chart/INFY.NS?period1=1778238506&period2=1783336106&interval=30m&events=history&includePrePost=false,2026-07-06T11:08:26.544444+00:00
2026-06-18T07:15:00+00:00,2026-06-18T07:45:00+00:00,30,INFY,INFY.NS,1131.5,1132.9000244140625,1130.800048828125,1132.300048828125,541217,Yahoo Finance automated fallback,https://query1.finance.yahoo.com/v8/finance/chart/INFY.NS?period1=1778238506&period2=1783336106&interval=30m&events=history&includePrePost=false,2026-07-06T11:08:26.544444+00:00
2026-06-18T07:45:00+00:00,2026-06-18T08:15:00+00:00,30,INFY,INFY.NS,1132.300048828125,1132.800048828125,1130.800048828125,1131.800048828125,665597,Yahoo Finance automated fallback,https://query1.finance.yahoo.com/v8/finance/chart/INFY.NS?period1=1778238506&period2=1783336106&interval=30m&events=history&includePrePost=false,2026-07-06T11:08:26.544444+00:00
2026-06-18T08:15:00+00:00,2026-06-18T08:45:00+00:00,30,INFY,INFY.NS,1131.800048828125,1132.9000244140625,1131.0,1131.4000244140625,761048,Yahoo Finance automated fallback,https://query1.finance.yahoo.com/v8/finance/chart/INFY.NS?period1=1778238506&period2=1783336106&interval=30m&events=history&includePrePost=false,2026-07-06T11:08:26.544444+00:00
2026-06-18T08:45:00+00:00,2026-06-18T09:15:00+00:00,30,INFY,INFY.NS,1131.0999755859375,1131.5,1127.5,1128.300048828125,1156909,Yahoo Finance automated fallback,https://query1.finance.yahoo.com/v8/finance/chart/INFY.NS?period1=1778238506&period2=1783336106&interval=30m&events=history&includePrePost=false,2026-07-06T11:08:26.544444+00:00
2026-06-18T09:15:00+00:00,2026-06-18T09:45:00+00:00,30,INFY,INFY.NS,1128.4000244140625,1129.5,1126.0,1127.199951171875,3020458,Yahoo Finance automated fallback,https://query1.finance.yahoo.com/v8/finance/chart/INFY.NS?period1=1778238506&period2=1783336106&interval=30m&events=history&includePrePost=false,2026-07-06T11:08:26.544444+00:00
2026-06-18T09:45:00+00:00,2026-06-18T10:15:00+00:00,30,INFY,INFY.NS,1127.4000244140625,1128.5,1126.199951171875,1128.0,1754319,Yahoo Finance automated fallback,https://query1.finance.yahoo.com/v8/finance/chart/INFY.NS?period1=1778238506&period2=1783336106&interval=30m&events=history&includePrePost=false,2026-07-06T11:08:26.544444+00:00
2026-06-19T03:45:00+00:00,2026-06-19T04:15:00+00:00,30,INFY,INFY.NS,1057.800048828125,1057.800048828125,1030.0999755859375,1036.9000244140625,8102065,Yahoo Finance automated fallback,https://query1.finance.yahoo.com/v8/finance/chart/INFY.NS?period1=1778238506&period2=1783336106&interval=30m&events=history&includePrePost=false,2026-07-06T11:08:26.544444+00:00
2026-06-19T04:15:00+00:00,2026-06-19T04:45:00+00:00,30,INFY,INFY.NS,1036.699951171875,1046.4000244140625,1035.0,1043.5,4654154,Yahoo Finance automated fallback,https://query1.finance.yahoo.com/v8/finance/chart/INFY.NS?period1=1778238506&period2=1783336106&interval=30m&events=history&includePrePost=false,2026-07-06T11:08:26.544444+00:00
2026-06-19T04:45:00+00:00,2026-06-19T05:15:00+00:00,30,INFY,INFY.NS,1043.300048828125,1044.4000244140625,1040.0,1040.699951171875,2398458,Yahoo Finance automated fallback,https://query1.finance.yahoo.com/v8/finance/chart/INFY.NS?period1=1778238506&period2=1783336106&interval=30m&events=history&includePrePost=false,2026-07-06T11:08:26.544444+00:00
2026-06-19T05:15:00+00:00,2026-06-19T05:45:00+00:00,30,INFY,INFY.NS,1040.699951171875,1042.800048828125,1037.0,1038.4000244140625,1955702,Yahoo Finance automated fallback,https://query1.finance.yahoo.com/v8/finance/chart/INFY.NS?period1=1778238506&period2=1783336106&interval=30m&events=history&includePrePost=false,2026-07-06T11:08:26.544444+00:00
2026-06-19T05:45:00+00:00,2026-06-19T06:15:00+00:00,30,INFY,INFY.NS,1038.699951171875,1040.0,1038.0,1039.5,1201013,Yahoo Finance automated fallback,https://query1.finance.yahoo.com/v8/finance/chart/INFY.NS?period1=1778238506&period2=1783336106&interval=30m&events=history&includePrePost=false,2026-07-06T11:08:26.544444+00:00
2026-06-19T06:15:00+00:00,2026-06-19T06:45:00+00:00,30,INFY,INFY.NS,1039.5,1043.0,1037.5999755859375,1042.5999755859375,1634195,Yahoo Finance automated fallback,https://query1.finance.yahoo.com/v8/finance/chart/INFY.NS?period1=1778238506&period2=1783336106&interval=30m&events=history&includePrePost=false,2026-07-06T11:08:26.544444+00:00
2026-06-19T06:45:00+00:00,2026-06-19T07:15:00+00:00,30,INFY,INFY.NS,1042.800048828125,1042.9000244140625,1040.0,1042.0,1388670,Yahoo Finance automated fallback,https://query1.finance.yahoo.com/v8/finance/chart/INFY.NS?period1=1778238506&period2=1783336106&interval=30m&events=history&includePrePost=false,2026-07-06T11:08:26.544444+00:00
2026-06-19T07:15:00+00:00,2026-06-19T07:45:00+00:00,30,INFY,INFY.NS,1041.9000244140625,1044.0,1039.300048828125,1039.9000244140625,1378370,Yahoo Finance automated fallback,https://query1.finance.yahoo.com/v8/finance/chart/INFY.NS?period1=1778238506&period2=1783336106&interval=30m&events=history&includePrePost=false,2026-07-06T11:08:26.544444+00:00
2026-06-19T07:45:00+00:00,2026-06-19T08:15:00+00:00,30,INFY,INFY.NS,1039.699951171875,1040.800048828125,1039.0999755859375,1040.5,1018119,Yahoo Finance automated fallback,https://query1.finance.yahoo.com/v8/finance/chart/INFY.NS?period1=1778238506&period2=1783336106&interval=30m&events=history&includePrePost=false,2026-07-06T11:08:26.544444+00:00
2026-06-19T08:15:00+00:00,2026-06-19T08:45:00+00:00,30,INFY,INFY.NS,1040.5,1043.0,1040.0,1041.5999755859375,1409571,Yahoo Finance automated fallback,https://query1.finance.yahoo.com/v8/finance/chart/INFY.NS?period1=1778238506&period2=1783336106&interval=30m&events=history&includePrePost=false,2026-07-06T11:08:26.544444+00:00
2026-06-19T08:45:00+00:00,2026-06-19T09:15:00+00:00,30,INFY,INFY.NS,1042.0,1043.300048828125,1041.0,1042.0,1307419,Yahoo Finance automated fallback,https://query1.finance.yahoo.com/v8/finance/chart/INFY.NS?period1=1778238506&period2=1783336106&interval=30m&events=history&includePrePost=false,2026-07-06T11:08:26.544444+00:00
2026-06-19T09:15:00+00:00,2026-06-19T09:45:00+00:00,30,INFY,INFY.NS,1042.0999755859375,1055.0,1040.0999755859375,1054.699951171875,7741296,Yahoo Finance automated fallback,https://query1.finance.yahoo.com/v8/finance/chart/INFY.NS?period1=1778238506&period2=1783336106&interval=30m&events=history&includePrePost=false,2026-07-06T11:08:26.544444+00:00
2026-06-19T09:45:00+00:00,2026-06-19T10:15:00+00:00,30,INFY,INFY.NS,1054.699951171875,1056.9000244140625,1052.5999755859375,1054.5999755859375,4973481,Yahoo Finance automated fallback,https://query1.finance.yahoo.com/v8/finance/chart/INFY.NS?period1=1778238506&period2=1783336106&interval=30m&events=history&includePrePost=false,2026-07-06T11:08:26.544444+00:00
2026-06-22T03:45:00+00:00,2026-06-22T04:15:00+00:00,30,INFY,INFY.NS,1056.9000244140625,1071.5999755859375,1056.9000244140625,1063.9000244140625,1295084,Yahoo Finance automated fallback,https://query1.finance.yahoo.com/v8/finance/chart/INFY.NS?period1=1778238506&period2=1783336106&interval=30m&events=history&includePrePost=false,2026-07-06T11:08:26.544444+00:00
2026-06-22T04:15:00+00:00,2026-06-22T04:45:00+00:00,30,INFY,INFY.NS,1064.0,1066.699951171875,1063.0999755859375,1064.5999755859375,641248,Yahoo Finance automated fallback,https://query1.finance.yahoo.com/v8/finance/chart/INFY.NS?period1=1778238506&period2=1783336106&interval=30m&events=history&includePrePost=false,2026-07-06T11:08:26.544444+00:00
2026-06-22T04:45:00+00:00,2026-06-22T05:15:00+00:00,30,INFY,INFY.NS,1064.300048828125,1065.0,1059.5999755859375,1062.0999755859375,400514,Yahoo Finance automated fallback,https://query1.finance.yahoo.com/v8/finance/chart/INFY.NS?period1=1778238506&period2=1783336106&interval=30m&events=history&includePrePost=false,2026-07-06T11:08:26.544444+00:00
2026-06-22T05:15:00+00:00,2026-06-22T05:45:00+00:00,30,INFY,INFY.NS,1062.300048828125,1070.9000244140625,1061.699951171875,1069.5999755859375,948658,Yahoo Finance automated fallback,https://query1.finance.yahoo.com/v8/finance/chart/INFY.NS?period1=1778238506&period2=1783336106&interval=30m&events=history&includePrePost=false,2026-07-06T11:08:26.544444+00:00
2026-06-22T05:45:00+00:00,2026-06-22T06:15:00+00:00,30,INFY,INFY.NS,1069.699951171875,1069.699951171875,1067.0,1067.199951171875,267353,Yahoo Finance automated fallback,https://query1.finance.yahoo.com/v8/finance/chart/INFY.NS?period1=1778238506&period2=1783336106&interval=30m&events=history&includePrePost=false,2026-07-06T11:08:26.544444+00:00
2026-06-22T06:15:00+00:00,2026-06-22T06:45:00+00:00,30,INFY,INFY.NS,1067.300048828125,1067.800048828125,1065.199951171875,1066.0,211833,Yahoo Finance automated fallback,https://query1.finance.yahoo.com/v8/finance/chart/INFY.NS?period1=1778238506&period2=1783336106&interval=30m&events=history&includePrePost=false,2026-07-06T11:08:26.544444+00:00
2026-06-22T06:45:00+00:00,2026-06-22T07:15:00+00:00,30,INFY,INFY.NS,1066.0,1069.0,1064.4000244140625,1067.5999755859375,319246,Yahoo Finance automated fallback,https://query1.finance.yahoo.com/v8/finance/chart/INFY.NS?period1=1778238506&period2=1783336106&interval=30m&events=history&includePrePost=false,2026-07-06T11:08:26.544444+00:00
2026-06-22T07:15:00+00:00,2026-06-22T07:45:00+00:00,30,INFY,INFY.NS,1067.5,1068.300048828125,1066.0,1066.4000244140625,218483,Yahoo Finance automated fallback,https://query1.finance.yahoo.com/v8/finance/chart/INFY.NS?period1=1778238506&period2=1783336106&interval=30m&events=history&includePrePost=false,2026-07-06T11:08:26.544444+00:00
2026-06-22T07:45:00+00:00,2026-06-22T08:15:00+00:00,30,INFY,INFY.NS,1066.300048828125,1067.5,1065.0,1066.5999755859375,285414,Yahoo Finance automated fallback,https://query1.finance.yahoo.com/v8/finance/chart/INFY.NS?period1=1778238506&period2=1783336106&interval=30m&events=history&includePrePost=false,2026-07-06T11:08:26.544444+00:00
2026-06-22T08:15:00+00:00,2026-06-22T08:45:00+00:00,30,INFY,INFY.NS,1066.9000244140625,1075.5999755859375,1065.9000244140625,1074.699951171875,1179534,Yahoo Finance automated fallback,https://query1.finance.yahoo.com/v8/finance/chart/INFY.NS?period1=1778238506&period2=1783336106&interval=30m&events=history&includePrePost=false,2026-07-06T11:08:26.544444+00:00
2026-06-22T08:45:00+00:00,2026-06-22T09:15:00+00:00,30,INFY,INFY.NS,1075.0,1080.0999755859375,1072.199951171875,1072.699951171875,1409545,Yahoo Finance automated fallback,https://query1.finance.yahoo.com/v8/finance/chart/INFY.NS?period1=1778238506&period2=1783336106&interval=30m&events=history&includePrePost=false,2026-07-06T11:08:26.544444+00:00
2026-06-22T09:15:00+00:00,2026-06-22T09:45:00+00:00,30,INFY,INFY.NS,1072.699951171875,1073.5,1064.0999755859375,1064.5999755859375,955227,Yahoo Finance automated fallback,https://query1.finance.yahoo.com/v8/finance/chart/INFY.NS?period1=1778238506&period2=1783336106&interval=30m&events=history&includePrePost=false,2026-07-06T11:08:26.544444+00:00
2026-06-22T09:45:00+00:00,2026-06-22T10:15:00+00:00,30,INFY,INFY.NS,1064.5999755859375,1066.0999755859375,1062.0,1065.0,782761,Yahoo Finance automated fallback,https://query1.finance.yahoo.com/v8/finance/chart/INFY.NS?period1=1778238506&period2=1783336106&interval=30m&events=history&includePrePost=false,2026-07-06T11:08:26.544444+00:00
2026-06-23T03:45:00+00:00,2026-06-23T04:15:00+00:00,30,INFY,INFY.NS,1053.0,1053.0,1034.300048828125,1037.5,2470575,Yahoo Finance automated fallback,https://query1.finance.yahoo.com/v8/finance/chart/INFY.NS?period1=1778238506&period2=1783336106&interval=30m&events=history&includePrePost=false,2026-07-06T11:08:26.544444+00:00
2026-06-23T04:15:00+00:00,2026-06-23T04:45:00+00:00,30,INFY,INFY.NS,1037.4000244140625,1037.699951171875,1034.300048828125,1035.800048828125,2062471,Yahoo Finance automated fallback,https://query1.finance.yahoo.com/v8/finance/chart/INFY.NS?period1=1778238506&period2=1783336106&interval=30m&events=history&includePrePost=false,2026-07-06T11:08:26.544444+00:00
2026-06-23T04:45:00+00:00,2026-06-23T05:15:00+00:00,30,INFY,INFY.NS,1035.800048828125,1037.300048828125,1033.5,1034.300048828125,1224599,Yahoo Finance automated fallback,https://query1.finance.yahoo.com/v8/finance/chart/INFY.NS?period1=1778238506&period2=1783336106&interval=30m&events=history&includePrePost=false,2026-07-06T11:08:26.544444+00:00
2026-06-23T05:15:00+00:00,2026-06-23T05:45:00+00:00,30,INFY,INFY.NS,1034.300048828125,1035.699951171875,1031.5,1035.300048828125,1349553,Yahoo Finance automated fallback,https://query1.finance.yahoo.com/v8/finance/chart/INFY.NS?period1=1778238506&period2=1783336106&interval=30m&events=history&includePrePost=false,2026-07-06T11:08:26.544444+00:00
2026-06-23T05:45:00+00:00,2026-06-23T06:15:00+00:00,30,INFY,INFY.NS,1035.300048828125,1038.5,1033.300048828125,1034.4000244140625,1076845,Yahoo Finance automated fallback,https://query1.finance.yahoo.com/v8/finance/chart/INFY.NS?period1=1778238506&period2=1783336106&interval=30m&events=history&includePrePost=false,2026-07-06T11:08:26.544444+00:00
2026-06-23T06:15:00+00:00,2026-06-23T06:45:00+00:00,30,INFY,INFY.NS,1034.4000244140625,1035.0,1032.5,1033.699951171875,691954,Yahoo Finance automated fallback,https://query1.finance.yahoo.com/v8/finance/chart/INFY.NS?period1=1778238506&period2=1783336106&interval=30m&events=history&includePrePost=false,2026-07-06T11:08:26.544444+00:00
2026-06-23T06:45:00+00:00,2026-06-23T07:15:00+00:00,30,INFY,INFY.NS,1033.699951171875,1035.0,1033.0,1033.5,553289,Yahoo Finance automated fallback,https://query1.finance.yahoo.com/v8/finance/chart/INFY.NS?period1=1778238506&period2=1783336106&interval=30m&events=history&includePrePost=false,2026-07-06T11:08:26.544444+00:00
2026-06-23T07:15:00+00:00,2026-06-23T07:45:00+00:00,30,INFY,INFY.NS,1033.0999755859375,1034.800048828125,1032.199951171875,1032.800048828125,633938,Yahoo Finance automated fallback,https://query1.finance.yahoo.com/v8/finance/chart/INFY.NS?period1=1778238506&period2=1783336106&interval=30m&events=history&includePrePost=false,2026-07-06T11:08:26.544444+00:00
2026-06-23T07:45:00+00:00,2026-06-23T08:15:00+00:00,30,INFY,INFY.NS,1032.5,1033.300048828125,1031.0,1031.5,677903,Yahoo Finance automated fallback,https://query1.finance.yahoo.com/v8/finance/chart/INFY.NS?period1=1778238506&period2=1783336106&interval=30m&events=history&includePrePost=false,2026-07-06T11:08:26.544444+00:00
2026-06-23T08:15:00+00:00,2026-06-23T08:45:00+00:00,30,INFY,INFY.NS,1031.800048828125,1035.4000244140625,1031.0,1034.800048828125,817909,Yahoo Finance automated fallback,https://query1.finance.yahoo.com/v8/finance/chart/INFY.NS?period1=1778238506&period2=1783336106&interval=30m&events=history&includePrePost=false,2026-07-06T11:08:26.544444+00:00
2026-06-23T08:45:00+00:00,2026-06-23T09:15:00+00:00,30,INFY,INFY.NS,1034.699951171875,1038.300048828125,1034.199951171875,1036.0,1194437,Yahoo Finance automated fallback,https://query1.finance.yahoo.com/v8/finance/chart/INFY.NS?period1=1778238506&period2=1783336106&interval=30m&events=history&includePrePost=false,2026-07-06T11:08:26.544444+00:00
2026-06-23T09:15:00+00:00,2026-06-23T09:45:00+00:00,30,INFY,INFY.NS,1036.0,1038.199951171875,1028.0,1028.199951171875,2921701,Yahoo Finance automated fallback,https://query1.finance.yahoo.com/v8/finance/chart/INFY.NS?period1=1778238506&period2=1783336106&interval=30m&events=history&includePrePost=false,2026-07-06T11:08:26.544444+00:00
2026-06-23T09:45:00+00:00,2026-06-23T10:15:00+00:00,30,INFY,INFY.NS,1028.199951171875,1029.800048828125,1026.0999755859375,1029.0,1961949,Yahoo Finance automated fallback,https://query1.finance.yahoo.com/v8/finance/chart/INFY.NS?period1=1778238506&period2=1783336106&interval=30m&events=history&includePrePost=false,2026-07-06T11:08:26.544444+00:00
2026-06-24T03:45:00+00:00,2026-06-24T04:15:00+00:00,30,INFY,INFY.NS,1040.800048828125,1046.4000244140625,1038.5,1044.0,1209152,Yahoo Finance automated fallback,https://query1.finance.yahoo.com/v8/finance/chart/INFY.NS?period1=1778238506&period2=1783336106&interval=30m&events=history&includePrePost=false,2026-07-06T11:08:26.544444+00:00
2026-06-24T04:15:00+00:00,2026-06-24T04:45:00+00:00,30,INFY,INFY.NS,1043.9000244140625,1048.5,1040.5999755859375,1044.199951171875,974318,Yahoo Finance automated fallback,https://query1.finance.yahoo.com/v8/finance/chart/INFY.NS?period1=1778238506&period2=1783336106&interval=30m&events=history&includePrePost=false,2026-07-06T11:08:26.544444+00:00
2026-06-24T04:45:00+00:00,2026-06-24T05:15:00+00:00,30,INFY,INFY.NS,1044.199951171875,1053.5999755859375,1043.9000244140625,1050.9000244140625,1209999,Yahoo Finance automated fallback,https://query1.finance.yahoo.com/v8/finance/chart/INFY.NS?period1=1778238506&period2=1783336106&interval=30m&events=history&includePrePost=false,2026-07-06T11:08:26.544444+00:00
2026-06-24T05:15:00+00:00,2026-06-24T05:45:00+00:00,30,INFY,INFY.NS,1050.5,1051.5,1045.5,1049.4000244140625,554800,Yahoo Finance automated fallback,https://query1.finance.yahoo.com/v8/finance/chart/INFY.NS?period1=1778238506&period2=1783336106&interval=30m&events=history&includePrePost=false,2026-07-06T11:08:26.544444+00:00
2026-06-24T05:45:00+00:00,2026-06-24T06:15:00+00:00,30,INFY,INFY.NS,1049.199951171875,1050.699951171875,1047.0,1050.199951171875,470900,Yahoo Finance automated fallback,https://query1.finance.yahoo.com/v8/finance/chart/INFY.NS?period1=1778238506&period2=1783336106&interval=30m&events=history&includePrePost=false,2026-07-06T11:08:26.544444+00:00
2026-06-24T06:15:00+00:00,2026-06-24T06:45:00+00:00,30,INFY,INFY.NS,1050.300048828125,1051.5,1046.5,1046.9000244140625,405596,Yahoo Finance automated fallback,https://query1.finance.yahoo.com/v8/finance/chart/INFY.NS?period1=1778238506&period2=1783336106&interval=30m&events=history&includePrePost=false,2026-07-06T11:08:26.544444+00:00
2026-06-24T06:45:00+00:00,2026-06-24T07:15:00+00:00,30,INFY,INFY.NS,1046.800048828125,1047.300048828125,1044.0,1044.800048828125,541620,Yahoo Finance automated fallback,https://query1.finance.yahoo.com/v8/finance/chart/INFY.NS?period1=1778238506&period2=1783336106&interval=30m&events=history&includePrePost=false,2026-07-06T11:08:26.544444+00:00
2026-06-24T07:15:00+00:00,2026-06-24T07:45:00+00:00,30,INFY,INFY.NS,1044.800048828125,1051.0,1044.4000244140625,1050.199951171875,625357,Yahoo Finance automated fallback,https://query1.finance.yahoo.com/v8/finance/chart/INFY.NS?period1=1778238506&period2=1783336106&interval=30m&events=history&includePrePost=false,2026-07-06T11:08:26.544444+00:00
2026-06-24T07:45:00+00:00,2026-06-24T08:15:00+00:00,30,INFY,INFY.NS,1050.5,1053.5999755859375,1049.0,1053.199951171875,856399,Yahoo Finance automated fallback,https://query1.finance.yahoo.com/v8/finance/chart/INFY.NS?period1=1778238506&period2=1783336106&interval=30m&events=history&includePrePost=false,2026-07-06T11:08:26.544444+00:00
2026-06-24T08:15:00+00:00,2026-06-24T08:45:00+00:00,30,INFY,INFY.NS,1053.199951171875,1063.300048828125,1053.0999755859375,1063.0,1150562,Yahoo Finance automated fallback,https://query1.finance.yahoo.com/v8/finance/chart/INFY.NS?period1=1778238506&period2=1783336106&interval=30m&events=history&includePrePost=false,2026-07-06T11:08:26.544444+00:00
2026-06-24T08:45:00+00:00,2026-06-24T09:15:00+00:00,30,INFY,INFY.NS,1063.199951171875,1065.0999755859375,1059.300048828125,1062.4000244140625,1039923,Yahoo Finance automated fallback,https://query1.finance.yahoo.com/v8/finance/chart/INFY.NS?period1=1778238506&period2=1783336106&interval=30m&events=history&includePrePost=false,2026-07-06T11:08:26.544444+00:00
2026-06-24T09:15:00+00:00,2026-06-24T09:45:00+00:00,30,INFY,INFY.NS,1062.5999755859375,1063.5999755859375,1055.800048828125,1056.300048828125,1295238,Yahoo Finance automated fallback,https://query1.finance.yahoo.com/v8/finance/chart/INFY.NS?period1=1778238506&period2=1783336106&interval=30m&events=history&includePrePost=false,2026-07-06T11:08:26.544444+00:00
2026-06-24T09:45:00+00:00,2026-06-24T10:15:00+00:00,30,INFY,INFY.NS,1056.199951171875,1057.199951171875,1055.0,1056.0,870690,Yahoo Finance automated fallback,https://query1.finance.yahoo.com/v8/finance/chart/INFY.NS?period1=1778238506&period2=1783336106&interval=30m&events=history&includePrePost=false,2026-07-06T11:08:26.544444+00:00
2026-06-25T03:45:00+00:00,2026-06-25T04:15:00+00:00,30,INFY,INFY.NS,1064.5,1067.699951171875,1044.0999755859375,1047.5,1292700,Yahoo Finance automated fallback,https://query1.finance.yahoo.com/v8/finance/chart/INFY.NS?period1=1778238506&period2=1783336106&interval=30m&events=history&includePrePost=false,2026-07-06T11:08:26.544444+00:00
2026-06-25T04:15:00+00:00,2026-06-25T04:45:00+00:00,30,INFY,INFY.NS,1047.5,1058.9000244140625,1047.0,1057.300048828125,1232990,Yahoo Finance automated fallback,https://query1.finance.yahoo.com/v8/finance/chart/INFY.NS?period1=1778238506&period2=1783336106&interval=30m&events=history&includePrePost=false,2026-07-06T11:08:26.544444+00:00
2026-06-25T04:45:00+00:00,2026-06-25T05:15:00+00:00,30,INFY,INFY.NS,1057.300048828125,1057.300048828125,1052.300048828125,1052.800048828125,606859,Yahoo Finance automated fallback,https://query1.finance.yahoo.com/v8/finance/chart/INFY.NS?period1=1778238506&period2=1783336106&interval=30m&events=history&includePrePost=false,2026-07-06T11:08:26.544444+00:00
2026-06-25T05:15:00+00:00,2026-06-25T05:45:00+00:00,30,INFY,INFY.NS,1053.0,1055.0999755859375,1050.0,1054.800048828125,616349,Yahoo Finance automated fallback,https://query1.finance.yahoo.com/v8/finance/chart/INFY.NS?period1=1778238506&period2=1783336106&interval=30m&events=history&includePrePost=false,2026-07-06T11:08:26.544444+00:00
2026-06-25T05:45:00+00:00,2026-06-25T06:15:00+00:00,30,INFY,INFY.NS,1055.0,1055.5,1049.9000244140625,1053.300048828125,769812,Yahoo Finance automated fallback,https://query1.finance.yahoo.com/v8/finance/chart/INFY.NS?period1=1778238506&period2=1783336106&interval=30m&events=history&includePrePost=false,2026-07-06T11:08:26.544444+00:00
2026-06-25T06:15:00+00:00,2026-06-25T06:45:00+00:00,30,INFY,INFY.NS,1053.5,1056.5,1052.199951171875,1053.300048828125,674691,Yahoo Finance automated fallback,https://query1.finance.yahoo.com/v8/finance/chart/INFY.NS?period1=1778238506&period2=1783336106&interval=30m&events=history&includePrePost=false,2026-07-06T11:08:26.544444+00:00
2026-06-25T06:45:00+00:00,2026-06-25T07:15:00+00:00,30,INFY,INFY.NS,1053.5,1053.5999755859375,1047.5999755859375,1048.699951171875,768131,Yahoo Finance automated fallback,https://query1.finance.yahoo.com/v8/finance/chart/INFY.NS?period1=1778238506&period2=1783336106&interval=30m&events=history&includePrePost=false,2026-07-06T11:08:26.544444+00:00
2026-06-25T07:15:00+00:00,2026-06-25T07:45:00+00:00,30,INFY,INFY.NS,1048.699951171875,1049.4000244140625,1045.5999755859375,1045.800048828125,676678,Yahoo Finance automated fallback,https://query1.finance.yahoo.com/v8/finance/chart/INFY.NS?period1=1778238506&period2=1783336106&interval=30m&events=history&includePrePost=false,2026-07-06T11:08:26.544444+00:00
2026-06-25T07:45:00+00:00,2026-06-25T08:15:00+00:00,30,INFY,INFY.NS,1045.5999755859375,1048.5999755859375,1045.199951171875,1047.699951171875,1269977,Yahoo Finance automated fallback,https://query1.finance.yahoo.com/v8/finance/chart/INFY.NS?period1=1778238506&period2=1783336106&interval=30m&events=history&includePrePost=false,2026-07-06T11:08:26.544444+00:00
2026-06-25T08:15:00+00:00,2026-06-25T08:45:00+00:00,30,INFY,INFY.NS,1047.800048828125,1052.4000244140625,1046.9000244140625,1049.5999755859375,1393664,Yahoo Finance automated fallback,https://query1.finance.yahoo.com/v8/finance/chart/INFY.NS?period1=1778238506&period2=1783336106&interval=30m&events=history&includePrePost=false,2026-07-06T11:08:26.544444+00:00
2026-06-25T08:45:00+00:00,2026-06-25T09:15:00+00:00,30,INFY,INFY.NS,1049.800048828125,1050.9000244140625,1042.5999755859375,1043.0,1571278,Yahoo Finance automated fallback,https://query1.finance.yahoo.com/v8/finance/chart/INFY.NS?period1=1778238506&period2=1783336106&interval=30m&events=history&includePrePost=false,2026-07-06T11:08:26.544444+00:00
2026-06-25T09:15:00+00:00,2026-06-25T09:45:00+00:00,30,INFY,INFY.NS,1043.0999755859375,1045.5,1040.0999755859375,1040.199951171875,2553679,Yahoo Finance automated fallback,https://query1.finance.yahoo.com/v8/finance/chart/INFY.NS?period1=1778238506&period2=1783336106&interval=30m&events=history&includePrePost=false,2026-07-06T11:08:26.544444+00:00
2026-06-25T09:45:00+00:00,2026-06-25T10:15:00+00:00,30,INFY,INFY.NS,1040.199951171875,1043.0,1039.0999755859375,1042.9000244140625,1296507,Yahoo Finance automated fallback,https://query1.finance.yahoo.com/v8/finance/chart/INFY.NS?period1=1778238506&period2=1783336106&interval=30m&events=history&includePrePost=false,2026-07-06T11:08:26.544444+00:00
2026-06-29T03:45:00+00:00,2026-06-29T04:15:00+00:00,30,INFY,INFY.NS,1039.300048828125,1046.0,1029.4000244140625,1035.199951171875,875807,Yahoo Finance automated fallback,https://query1.finance.yahoo.com/v8/finance/chart/INFY.NS?period1=1778238506&period2=1783336106&interval=30m&events=history&includePrePost=false,2026-07-06T11:08:26.544444+00:00
2026-06-29T04:15:00+00:00,2026-06-29T04:45:00+00:00,30,INFY,INFY.NS,1034.800048828125,1038.0,1031.4000244140625,1032.0,719818,Yahoo Finance automated fallback,https://query1.finance.yahoo.com/v8/finance/chart/INFY.NS?period1=1778238506&period2=1783336106&interval=30m&events=history&includePrePost=false,2026-07-06T11:08:26.544444+00:00
2026-06-29T04:45:00+00:00,2026-06-29T05:15:00+00:00,30,INFY,INFY.NS,1031.9000244140625,1040.9000244140625,1031.5999755859375,1033.9000244140625,790867,Yahoo Finance automated fallback,https://query1.finance.yahoo.com/v8/finance/chart/INFY.NS?period1=1778238506&period2=1783336106&interval=30m&events=history&includePrePost=false,2026-07-06T11:08:26.544444+00:00
2026-06-29T05:15:00+00:00,2026-06-29T05:45:00+00:00,30,INFY,INFY.NS,1033.9000244140625,1035.4000244140625,1033.0,1034.5,373921,Yahoo Finance automated fallback,https://query1.finance.yahoo.com/v8/finance/chart/INFY.NS?period1=1778238506&period2=1783336106&interval=30m&events=history&includePrePost=false,2026-07-06T11:08:26.544444+00:00
2026-06-29T05:45:00+00:00,2026-06-29T06:15:00+00:00,30,INFY,INFY.NS,1034.4000244140625,1036.0,1031.5,1032.5999755859375,567264,Yahoo Finance automated fallback,https://query1.finance.yahoo.com/v8/finance/chart/INFY.NS?period1=1778238506&period2=1783336106&interval=30m&events=history&includePrePost=false,2026-07-06T11:08:26.544444+00:00
2026-06-29T06:15:00+00:00,2026-06-29T06:45:00+00:00,30,INFY,INFY.NS,1032.5999755859375,1034.300048828125,1031.0,1033.199951171875,625070,Yahoo Finance automated fallback,https://query1.finance.yahoo.com/v8/finance/chart/INFY.NS?period1=1778238506&period2=1783336106&interval=30m&events=history&includePrePost=false,2026-07-06T11:08:26.544444+00:00
2026-06-29T06:45:00+00:00,2026-06-29T07:15:00+00:00,30,INFY,INFY.NS,1033.300048828125,1033.5999755859375,1031.199951171875,1032.0,359243,Yahoo Finance automated fallback,https://query1.finance.yahoo.com/v8/finance/chart/INFY.NS?period1=1778238506&period2=1783336106&interval=30m&events=history&includePrePost=false,2026-07-06T11:08:26.544444+00:00
2026-06-29T07:15:00+00:00,2026-06-29T07:45:00+00:00,30,INFY,INFY.NS,1032.4000244140625,1034.9000244140625,1031.5999755859375,1031.9000244140625,406211,Yahoo Finance automated fallback,https://query1.finance.yahoo.com/v8/finance/chart/INFY.NS?period1=1778238506&period2=1783336106&interval=30m&events=history&includePrePost=false,2026-07-06T11:08:26.544444+00:00
2026-06-29T07:45:00+00:00,2026-06-29T08:15:00+00:00,30,INFY,INFY.NS,1031.699951171875,1035.699951171875,1029.300048828125,1032.199951171875,1150099,Yahoo Finance automated fallback,https://query1.finance.yahoo.com/v8/finance/chart/INFY.NS?period1=1778238506&period2=1783336106&interval=30m&events=history&includePrePost=false,2026-07-06T11:08:26.544444+00:00
2026-06-29T08:15:00+00:00,2026-06-29T08:45:00+00:00,30,INFY,INFY.NS,1032.199951171875,1035.0,1032.0999755859375,1033.300048828125,913625,Yahoo Finance automated fallback,https://query1.finance.yahoo.com/v8/finance/chart/INFY.NS?period1=1778238506&period2=1783336106&interval=30m&events=history&includePrePost=false,2026-07-06T11:08:26.544444+00:00
2026-06-29T08:45:00+00:00,2026-06-29T09:15:00+00:00,30,INFY,INFY.NS,1033.5999755859375,1036.800048828125,1032.4000244140625,1034.0999755859375,852527,Yahoo Finance automated fallback,https://query1.finance.yahoo.com/v8/finance/chart/INFY.NS?period1=1778238506&period2=1783336106&interval=30m&events=history&includePrePost=false,2026-07-06T11:08:26.544444+00:00
2026-06-29T09:15:00+00:00,2026-06-29T09:45:00+00:00,30,INFY,INFY.NS,1034.199951171875,1043.5999755859375,1032.9000244140625,1036.0,3429189,Yahoo Finance automated fallback,https://query1.finance.yahoo.com/v8/finance/chart/INFY.NS?period1=1778238506&period2=1783336106&interval=30m&events=history&includePrePost=false,2026-07-06T11:08:26.544444+00:00
2026-06-29T09:45:00+00:00,2026-06-29T10:15:00+00:00,30,INFY,INFY.NS,1036.0,1038.5,1030.199951171875,1034.0,3055600,Yahoo Finance automated fallback,https://query1.finance.yahoo.com/v8/finance/chart/INFY.NS?period1=1778238506&period2=1783336106&interval=30m&events=history&includePrePost=false,2026-07-06T11:08:26.544444+00:00
2026-06-30T03:45:00+00:00,2026-06-30T04:15:00+00:00,30,INFY,INFY.NS,1029.9000244140625,1030.0,1006.2000122070312,1007.7000122070312,2393244,Yahoo Finance automated fallback,https://query1.finance.yahoo.com/v8/finance/chart/INFY.NS?period1=1778238506&period2=1783336106&interval=30m&events=history&includePrePost=false,2026-07-06T11:08:26.544444+00:00
2026-06-30T04:15:00+00:00,2026-06-30T04:45:00+00:00,30,INFY,INFY.NS,1007.7999877929688,1013.2999877929688,1006.0,1011.4000244140625,1452196,Yahoo Finance automated fallback,https://query1.finance.yahoo.com/v8/finance/chart/INFY.NS?period1=1778238506&period2=1783336106&interval=30m&events=history&includePrePost=false,2026-07-06T11:08:26.544444+00:00
2026-06-30T04:45:00+00:00,2026-06-30T05:15:00+00:00,30,INFY,INFY.NS,1011.5,1016.5999755859375,1010.4000244140625,1011.5999755859375,1123626,Yahoo Finance automated fallback,https://query1.finance.yahoo.com/v8/finance/chart/INFY.NS?period1=1778238506&period2=1783336106&interval=30m&events=history&includePrePost=false,2026-07-06T11:08:26.544444+00:00
2026-06-30T05:15:00+00:00,2026-06-30T05:45:00+00:00,30,INFY,INFY.NS,1011.5999755859375,1015.9000244140625,1010.5,1015.2000122070312,674541,Yahoo Finance automated fallback,https://query1.finance.yahoo.com/v8/finance/chart/INFY.NS?period1=1778238506&period2=1783336106&interval=30m&events=history&includePrePost=false,2026-07-06T11:08:26.544444+00:00
2026-06-30T05:45:00+00:00,2026-06-30T06:15:00+00:00,30,INFY,INFY.NS,1015.2000122070312,1017.0,1009.4000244140625,1010.0,1150643,Yahoo Finance automated fallback,https://query1.finance.yahoo.com/v8/finance/chart/INFY.NS?period1=1778238506&period2=1783336106&interval=30m&events=history&includePrePost=false,2026-07-06T11:08:26.544444+00:00
2026-06-30T06:15:00+00:00,2026-06-30T06:45:00+00:00,30,INFY,INFY.NS,1010.4000244140625,1011.0,1007.2999877929688,1007.5,846374,Yahoo Finance automated fallback,https://query1.finance.yahoo.com/v8/finance/chart/INFY.NS?period1=1778238506&period2=1783336106&interval=30m&events=history&includePrePost=false,2026-07-06T11:08:26.544444+00:00
2026-06-30T06:45:00+00:00,2026-06-30T07:15:00+00:00,30,INFY,INFY.NS,1007.7000122070312,1015.0,1007.4000244140625,1014.9000244140625,671898,Yahoo Finance automated fallback,https://query1.finance.yahoo.com/v8/finance/chart/INFY.NS?period1=1778238506&period2=1783336106&interval=30m&events=history&includePrePost=false,2026-07-06T11:08:26.544444+00:00
2026-06-30T07:15:00+00:00,2026-06-30T07:45:00+00:00,30,INFY,INFY.NS,1015.0,1015.0,1010.7999877929688,1011.2999877929688,949208,Yahoo Finance automated fallback,https://query1.finance.yahoo.com/v8/finance/chart/INFY.NS?period1=1778238506&period2=1783336106&interval=30m&events=history&includePrePost=false,2026-07-06T11:08:26.544444+00:00
2026-06-30T07:45:00+00:00,2026-06-30T08:15:00+00:00,30,INFY,INFY.NS,1011.4000244140625,1012.7999877929688,1009.4000244140625,1010.5999755859375,746985,Yahoo Finance automated fallback,https://query1.finance.yahoo.com/v8/finance/chart/INFY.NS?period1=1778238506&period2=1783336106&interval=30m&events=history&includePrePost=false,2026-07-06T11:08:26.544444+00:00
2026-06-30T08:15:00+00:00,2026-06-30T08:45:00+00:00,30,INFY,INFY.NS,1010.2999877929688,1011.9000244140625,1005.0,1005.2999877929688,1118351,Yahoo Finance automated fallback,https://query1.finance.yahoo.com/v8/finance/chart/INFY.NS?period1=1778238506&period2=1783336106&interval=30m&events=history&includePrePost=false,2026-07-06T11:08:26.544444+00:00
2026-06-30T08:45:00+00:00,2026-06-30T09:15:00+00:00,30,INFY,INFY.NS,1005.2999877929688,1007.7999877929688,1002.7000122070312,1004.5,1916679,Yahoo Finance automated fallback,https://query1.finance.yahoo.com/v8/finance/chart/INFY.NS?period1=1778238506&period2=1783336106&interval=30m&events=history&includePrePost=false,2026-07-06T11:08:26.544444+00:00
2026-06-30T09:15:00+00:00,2026-06-30T09:45:00+00:00,30,INFY,INFY.NS,1004.7000122070312,1004.7000122070312,996.2000122070312,1000.5999755859375,5709954,Yahoo Finance automated fallback,https://query1.finance.yahoo.com/v8/finance/chart/INFY.NS?period1=1778238506&period2=1783336106&interval=30m&events=history&includePrePost=false,2026-07-06T11:08:26.544444+00:00
2026-06-30T09:45:00+00:00,2026-06-30T10:15:00+00:00,30,INFY,INFY.NS,1000.5999755859375,1006.0,999.5999755859375,1005.9000244140625,4070421,Yahoo Finance automated fallback,https://query1.finance.yahoo.com/v8/finance/chart/INFY.NS?period1=1778238506&period2=1783336106&interval=30m&events=history&includePrePost=false,2026-07-06T11:08:26.544444+00:00
2026-07-01T03:45:00+00:00,2026-07-01T04:15:00+00:00,30,INFY,INFY.NS,1007.0,1013.9000244140625,1001.5,1002.4000244140625,1008962,Yahoo Finance automated fallback,https://query1.finance.yahoo.com/v8/finance/chart/INFY.NS?period1=1778238506&period2=1783336106&interval=30m&events=history&includePrePost=false,2026-07-06T11:08:26.544444+00:00
2026-07-01T04:15:00+00:00,2026-07-01T04:45:00+00:00,30,INFY,INFY.NS,1002.2999877929688,1006.7999877929688,999.2000122070312,1000.2000122070312,1251793,Yahoo Finance automated fallback,https://query1.finance.yahoo.com/v8/finance/chart/INFY.NS?period1=1778238506&period2=1783336106&interval=30m&events=history&includePrePost=false,2026-07-06T11:08:26.544444+00:00
2026-07-01T04:45:00+00:00,2026-07-01T05:15:00+00:00,30,INFY,INFY.NS,1000.4000244140625,1002.0,996.7000122070312,997.5999755859375,1023246,Yahoo Finance automated fallback,https://query1.finance.yahoo.com/v8/finance/chart/INFY.NS?period1=1778238506&period2=1783336106&interval=30m&events=history&includePrePost=false,2026-07-06T11:08:26.544444+00:00
2026-07-01T05:15:00+00:00,2026-07-01T05:45:00+00:00,30,INFY,INFY.NS,997.9000244140625,999.9000244140625,997.9000244140625,999.5999755859375,393515,Yahoo Finance automated fallback,https://query1.finance.yahoo.com/v8/finance/chart/INFY.NS?period1=1778238506&period2=1783336106&interval=30m&events=history&includePrePost=false,2026-07-06T11:08:26.544444+00:00
2026-07-01T05:45:00+00:00,2026-07-01T06:15:00+00:00,30,INFY,INFY.NS,999.5999755859375,999.9000244140625,996.5,997.7999877929688,467732,Yahoo Finance automated fallback,https://query1.finance.yahoo.com/v8/finance/chart/INFY.NS?period1=1778238506&period2=1783336106&interval=30m&events=history&includePrePost=false,2026-07-06T11:08:26.544444+00:00
2026-07-01T06:15:00+00:00,2026-07-01T06:45:00+00:00,30,INFY,INFY.NS,997.7000122070312,999.0,994.5999755859375,995.4000244140625,582014,Yahoo Finance automated fallback,https://query1.finance.yahoo.com/v8/finance/chart/INFY.NS?period1=1778238506&period2=1783336106&interval=30m&events=history&includePrePost=false,2026-07-06T11:08:26.544444+00:00
2026-07-01T06:45:00+00:00,2026-07-01T07:15:00+00:00,30,INFY,INFY.NS,995.5,995.5,992.0,995.0999755859375,729289,Yahoo Finance automated fallback,https://query1.finance.yahoo.com/v8/finance/chart/INFY.NS?period1=1778238506&period2=1783336106&interval=30m&events=history&includePrePost=false,2026-07-06T11:08:26.544444+00:00
2026-07-01T07:15:00+00:00,2026-07-01T07:45:00+00:00,30,INFY,INFY.NS,995.0999755859375,995.0999755859375,992.0999755859375,992.5999755859375,473064,Yahoo Finance automated fallback,https://query1.finance.yahoo.com/v8/finance/chart/INFY.NS?period1=1778238506&period2=1783336106&interval=30m&events=history&includePrePost=false,2026-07-06T11:08:26.544444+00:00
2026-07-01T07:45:00+00:00,2026-07-01T08:15:00+00:00,30,INFY,INFY.NS,992.9000244140625,993.0,987.0999755859375,988.5999755859375,1069919,Yahoo Finance automated fallback,https://query1.finance.yahoo.com/v8/finance/chart/INFY.NS?period1=1778238506&period2=1783336106&interval=30m&events=history&includePrePost=false,2026-07-06T11:08:26.544444+00:00
2026-07-01T08:15:00+00:00,2026-07-01T08:45:00+00:00,30,INFY,INFY.NS,988.5999755859375,989.7999877929688,987.2000122070312,988.7999877929688,775339,Yahoo Finance automated fallback,https://query1.finance.yahoo.com/v8/finance/chart/INFY.NS?period1=1778238506&period2=1783336106&interval=30m&events=history&includePrePost=false,2026-07-06T11:08:26.544444+00:00
2026-07-01T08:45:00+00:00,2026-07-01T09:15:00+00:00,30,INFY,INFY.NS,988.7000122070312,991.0,984.4000244140625,990.4000244140625,1050145,Yahoo Finance automated fallback,https://query1.finance.yahoo.com/v8/finance/chart/INFY.NS?period1=1778238506&period2=1783336106&interval=30m&events=history&includePrePost=false,2026-07-06T11:08:26.544444+00:00
2026-07-01T09:15:00+00:00,2026-07-01T09:45:00+00:00,30,INFY,INFY.NS,990.2999877929688,992.4000244140625,984.0999755859375,985.4000244140625,1908869,Yahoo Finance automated fallback,https://query1.finance.yahoo.com/v8/finance/chart/INFY.NS?period1=1778238506&period2=1783336106&interval=30m&events=history&includePrePost=false,2026-07-06T11:08:26.544444+00:00
2026-07-01T09:45:00+00:00,2026-07-01T10:15:00+00:00,30,INFY,INFY.NS,985.5999755859375,986.7000122070312,983.2999877929688,986.0,1548519,Yahoo Finance automated fallback,https://query1.finance.yahoo.com/v8/finance/chart/INFY.NS?period1=1778238506&period2=1783336106&interval=30m&events=history&includePrePost=false,2026-07-06T11:08:26.544444+00:00
2026-07-02T03:45:00+00:00,2026-07-02T04:15:00+00:00,30,INFY,INFY.NS,1008.7000122070312,1034.4000244140625,1007.9000244140625,1034.300048828125,3239304,Yahoo Finance automated fallback,https://query1.finance.yahoo.com/v8/finance/chart/INFY.NS?period1=1778238506&period2=1783336106&interval=30m&events=history&includePrePost=false,2026-07-06T11:08:26.544444+00:00
2026-07-02T04:15:00+00:00,2026-07-02T04:45:00+00:00,30,INFY,INFY.NS,1034.0,1035.0,1028.800048828125,1033.0,1477942,Yahoo Finance automated fallback,https://query1.finance.yahoo.com/v8/finance/chart/INFY.NS?period1=1778238506&period2=1783336106&interval=30m&events=history&includePrePost=false,2026-07-06T11:08:26.544444+00:00
2026-07-02T04:45:00+00:00,2026-07-02T05:15:00+00:00,30,INFY,INFY.NS,1033.0,1039.0,1032.5999755859375,1036.0,1583785,Yahoo Finance automated fallback,https://query1.finance.yahoo.com/v8/finance/chart/INFY.NS?period1=1778238506&period2=1783336106&interval=30m&events=history&includePrePost=false,2026-07-06T11:08:26.544444+00:00
2026-07-02T05:15:00+00:00,2026-07-02T05:45:00+00:00,30,INFY,INFY.NS,1035.800048828125,1038.300048828125,1033.5999755859375,1037.4000244140625,645641,Yahoo Finance automated fallback,https://query1.finance.yahoo.com/v8/finance/chart/INFY.NS?period1=1778238506&period2=1783336106&interval=30m&events=history&includePrePost=false,2026-07-06T11:08:26.544444+00:00
2026-07-02T05:45:00+00:00,2026-07-02T06:15:00+00:00,30,INFY,INFY.NS,1037.4000244140625,1040.0,1035.5999755859375,1036.0999755859375,838020,Yahoo Finance automated fallback,https://query1.finance.yahoo.com/v8/finance/chart/INFY.NS?period1=1778238506&period2=1783336106&interval=30m&events=history&includePrePost=false,2026-07-06T11:08:26.544444+00:00
2026-07-02T06:15:00+00:00,2026-07-02T06:45:00+00:00,30,INFY,INFY.NS,1036.199951171875,1040.0999755859375,1035.9000244140625,1039.9000244140625,798583,Yahoo Finance automated fallback,https://query1.finance.yahoo.com/v8/finance/chart/INFY.NS?period1=1778238506&period2=1783336106&interval=30m&events=history&includePrePost=false,2026-07-06T11:08:26.544444+00:00
2026-07-02T06:45:00+00:00,2026-07-02T07:15:00+00:00,30,INFY,INFY.NS,1039.800048828125,1040.0,1038.5,1038.5999755859375,467834,Yahoo Finance automated fallback,https://query1.finance.yahoo.com/v8/finance/chart/INFY.NS?period1=1778238506&period2=1783336106&interval=30m&events=history&includePrePost=false,2026-07-06T11:08:26.544444+00:00
2026-07-02T07:15:00+00:00,2026-07-02T07:45:00+00:00,30,INFY,INFY.NS,1038.5,1040.800048828125,1038.0,1038.9000244140625,710376,Yahoo Finance automated fallback,https://query1.finance.yahoo.com/v8/finance/chart/INFY.NS?period1=1778238506&period2=1783336106&interval=30m&events=history&includePrePost=false,2026-07-06T11:08:26.544444+00:00
2026-07-02T07:45:00+00:00,2026-07-02T08:15:00+00:00,30,INFY,INFY.NS,1038.9000244140625,1041.300048828125,1038.5999755859375,1040.9000244140625,728978,Yahoo Finance automated fallback,https://query1.finance.yahoo.com/v8/finance/chart/INFY.NS?period1=1778238506&period2=1783336106&interval=30m&events=history&includePrePost=false,2026-07-06T11:08:26.544444+00:00
2026-07-02T08:15:00+00:00,2026-07-02T08:45:00+00:00,30,INFY,INFY.NS,1040.699951171875,1041.699951171875,1037.199951171875,1038.9000244140625,733037,Yahoo Finance automated fallback,https://query1.finance.yahoo.com/v8/finance/chart/INFY.NS?period1=1778238506&period2=1783336106&interval=30m&events=history&includePrePost=false,2026-07-06T11:08:26.544444+00:00
2026-07-02T08:45:00+00:00,2026-07-02T09:15:00+00:00,30,INFY,INFY.NS,1039.0,1041.0,1038.199951171875,1040.9000244140625,729221,Yahoo Finance automated fallback,https://query1.finance.yahoo.com/v8/finance/chart/INFY.NS?period1=1778238506&period2=1783336106&interval=30m&events=history&includePrePost=false,2026-07-06T11:08:26.544444+00:00
2026-07-02T09:15:00+00:00,2026-07-02T09:45:00+00:00,30,INFY,INFY.NS,1040.9000244140625,1041.699951171875,1036.4000244140625,1040.4000244140625,2470389,Yahoo Finance automated fallback,https://query1.finance.yahoo.com/v8/finance/chart/INFY.NS?period1=1778238506&period2=1783336106&interval=30m&events=history&includePrePost=false,2026-07-06T11:08:26.544444+00:00
2026-07-02T09:45:00+00:00,2026-07-02T10:15:00+00:00,30,INFY,INFY.NS,1040.199951171875,1044.4000244140625,1040.0999755859375,1042.199951171875,2087434,Yahoo Finance automated fallback,https://query1.finance.yahoo.com/v8/finance/chart/INFY.NS?period1=1778238506&period2=1783336106&interval=30m&events=history&includePrePost=false,2026-07-06T11:08:26.544444+00:00
2026-07-03T03:45:00+00:00,2026-07-03T04:15:00+00:00,30,INFY,INFY.NS,1059.9000244140625,1067.699951171875,1045.0,1045.300048828125,1235431,Yahoo Finance automated fallback,https://query1.finance.yahoo.com/v8/finance/chart/INFY.NS?period1=1778238506&period2=1783336106&interval=30m&events=history&includePrePost=false,2026-07-06T11:08:26.544444+00:00
2026-07-03T04:15:00+00:00,2026-07-03T04:45:00+00:00,30,INFY,INFY.NS,1045.300048828125,1049.5,1042.0,1047.0999755859375,1221754,Yahoo Finance automated fallback,https://query1.finance.yahoo.com/v8/finance/chart/INFY.NS?period1=1778238506&period2=1783336106&interval=30m&events=history&includePrePost=false,2026-07-06T11:08:26.544444+00:00
2026-07-03T04:45:00+00:00,2026-07-03T05:15:00+00:00,30,INFY,INFY.NS,1047.199951171875,1049.9000244140625,1044.699951171875,1048.199951171875,857518,Yahoo Finance automated fallback,https://query1.finance.yahoo.com/v8/finance/chart/INFY.NS?period1=1778238506&period2=1783336106&interval=30m&events=history&includePrePost=false,2026-07-06T11:08:26.544444+00:00
2026-07-03T05:15:00+00:00,2026-07-03T05:45:00+00:00,30,INFY,INFY.NS,1048.199951171875,1057.0999755859375,1047.9000244140625,1053.699951171875,1464194,Yahoo Finance automated fallback,https://query1.finance.yahoo.com/v8/finance/chart/INFY.NS?period1=1778238506&period2=1783336106&interval=30m&events=history&includePrePost=false,2026-07-06T11:08:26.544444+00:00
2026-07-03T05:45:00+00:00,2026-07-03T06:15:00+00:00,30,INFY,INFY.NS,1053.699951171875,1054.9000244140625,1051.699951171875,1054.300048828125,506709,Yahoo Finance automated fallback,https://query1.finance.yahoo.com/v8/finance/chart/INFY.NS?period1=1778238506&period2=1783336106&interval=30m&events=history&includePrePost=false,2026-07-06T11:08:26.544444+00:00
2026-07-03T06:15:00+00:00,2026-07-03T06:45:00+00:00,30,INFY,INFY.NS,1054.300048828125,1054.300048828125,1049.4000244140625,1052.800048828125,530519,Yahoo Finance automated fallback,https://query1.finance.yahoo.com/v8/finance/chart/INFY.NS?period1=1778238506&period2=1783336106&interval=30m&events=history&includePrePost=false,2026-07-06T11:08:26.544444+00:00
2026-07-03T06:45:00+00:00,2026-07-03T07:15:00+00:00,30,INFY,INFY.NS,1052.800048828125,1058.5999755859375,1050.5999755859375,1051.4000244140625,1053740,Yahoo Finance automated fallback,https://query1.finance.yahoo.com/v8/finance/chart/INFY.NS?period1=1778238506&period2=1783336106&interval=30m&events=history&includePrePost=false,2026-07-06T11:08:26.544444+00:00
2026-07-03T07:15:00+00:00,2026-07-03T07:45:00+00:00,30,INFY,INFY.NS,1051.699951171875,1052.5,1049.0999755859375,1050.699951171875,478945,Yahoo Finance automated fallback,https://query1.finance.yahoo.com/v8/finance/chart/INFY.NS?period1=1778238506&period2=1783336106&interval=30m&events=history&includePrePost=false,2026-07-06T11:08:26.544444+00:00
2026-07-03T07:45:00+00:00,2026-07-03T08:15:00+00:00,30,INFY,INFY.NS,1050.699951171875,1050.800048828125,1044.5,1045.5999755859375,665244,Yahoo Finance automated fallback,https://query1.finance.yahoo.com/v8/finance/chart/INFY.NS?period1=1778238506&period2=1783336106&interval=30m&events=history&includePrePost=false,2026-07-06T11:08:26.544444+00:00
2026-07-03T08:15:00+00:00,2026-07-03T08:45:00+00:00,30,INFY,INFY.NS,1045.800048828125,1047.5,1043.699951171875,1047.0999755859375,521816,Yahoo Finance automated fallback,https://query1.finance.yahoo.com/v8/finance/chart/INFY.NS?period1=1778238506&period2=1783336106&interval=30m&events=history&includePrePost=false,2026-07-06T11:08:26.544444+00:00
2026-07-03T08:45:00+00:00,2026-07-03T09:15:00+00:00,30,INFY,INFY.NS,1046.9000244140625,1050.0,1046.199951171875,1047.699951171875,441627,Yahoo Finance automated fallback,https://query1.finance.yahoo.com/v8/finance/chart/INFY.NS?period1=1778238506&period2=1783336106&interval=30m&events=history&includePrePost=false,2026-07-06T11:08:26.544444+00:00
2026-07-03T09:15:00+00:00,2026-07-03T09:45:00+00:00,30,INFY,INFY.NS,1047.699951171875,1049.5999755859375,1046.5,1047.0,689311,Yahoo Finance automated fallback,https://query1.finance.yahoo.com/v8/finance/chart/INFY.NS?period1=1778238506&period2=1783336106&interval=30m&events=history&includePrePost=false,2026-07-06T11:08:26.544444+00:00
2026-07-03T09:45:00+00:00,2026-07-03T10:15:00+00:00,30,INFY,INFY.NS,1047.0,1047.699951171875,1045.5,1047.0999755859375,549424,Yahoo Finance automated fallback,https://query1.finance.yahoo.com/v8/finance/chart/INFY.NS?period1=1778238506&period2=1783336106&interval=30m&events=history&includePrePost=false,2026-07-06T11:08:26.544444+00:00
2026-07-06T03:45:00+00:00,2026-07-06T04:15:00+00:00,30,INFY,INFY.NS,1051.0999755859375,1051.0999755859375,1041.5,1045.4000244140625,543590,Yahoo Finance automated fallback,https://query1.finance.yahoo.com/v8/finance/chart/INFY.NS?period1=1778238506&period2=1783336106&interval=30m&events=history&includePrePost=false,2026-07-06T11:08:26.544444+00:00
2026-07-06T04:15:00+00:00,2026-07-06T04:45:00+00:00,30,INFY,INFY.NS,1045.4000244140625,1045.9000244140625,1035.0999755859375,1035.300048828125,1116112,Yahoo Finance automated fallback,https://query1.finance.yahoo.com/v8/finance/chart/INFY.NS?period1=1778238506&period2=1783336106&interval=30m&events=history&includePrePost=false,2026-07-06T11:08:26.544444+00:00
2026-07-06T04:45:00+00:00,2026-07-06T05:15:00+00:00,30,INFY,INFY.NS,1035.199951171875,1040.5,1034.300048828125,1038.300048828125,427019,Yahoo Finance automated fallback,https://query1.finance.yahoo.com/v8/finance/chart/INFY.NS?period1=1778238506&period2=1783336106&interval=30m&events=history&includePrePost=false,2026-07-06T11:08:26.544444+00:00
2026-07-06T05:15:00+00:00,2026-07-06T05:45:00+00:00,30,INFY,INFY.NS,1038.300048828125,1039.9000244140625,1033.0,1035.0,387073,Yahoo Finance automated fallback,https://query1.finance.yahoo.com/v8/finance/chart/INFY.NS?period1=1778238506&period2=1783336106&interval=30m&events=history&includePrePost=false,2026-07-06T11:08:26.544444+00:00
2026-07-06T05:45:00+00:00,2026-07-06T06:15:00+00:00,30,INFY,INFY.NS,1035.0,1038.0999755859375,1034.199951171875,1036.199951171875,458221,Yahoo Finance automated fallback,https://query1.finance.yahoo.com/v8/finance/chart/INFY.NS?period1=1778238506&period2=1783336106&interval=30m&events=history&includePrePost=false,2026-07-06T11:08:26.544444+00:00
2026-07-06T06:15:00+00:00,2026-07-06T06:45:00+00:00,30,INFY,INFY.NS,1036.5,1037.800048828125,1034.199951171875,1035.199951171875,154207,Yahoo Finance automated fallback,https://query1.finance.yahoo.com/v8/finance/chart/INFY.NS?period1=1778238506&period2=1783336106&interval=30m&events=history&includePrePost=false,2026-07-06T11:08:26.544444+00:00
2026-07-06T06:45:00+00:00,2026-07-06T07:15:00+00:00,30,INFY,INFY.NS,1035.199951171875,1036.4000244140625,1034.0,1035.199951171875,209353,Yahoo Finance automated fallback,https://query1.finance.yahoo.com/v8/finance/chart/INFY.NS?period1=1778238506&period2=1783336106&interval=30m&events=history&includePrePost=false,2026-07-06T11:08:26.544444+00:00
2026-07-06T07:15:00+00:00,2026-07-06T07:45:00+00:00,30,INFY,INFY.NS,1035.5999755859375,1036.300048828125,1034.0999755859375,1035.5,137954,Yahoo Finance automated fallback,https://query1.finance.yahoo.com/v8/finance/chart/INFY.NS?period1=1778238506&period2=1783336106&interval=30m&events=history&includePrePost=false,2026-07-06T11:08:26.544444+00:00
2026-07-06T07:45:00+00:00,2026-07-06T08:15:00+00:00,30,INFY,INFY.NS,1035.4000244140625,1037.800048828125,1034.0999755859375,1037.199951171875,153224,Yahoo Finance automated fallback,https://query1.finance.yahoo.com/v8/finance/chart/INFY.NS?period1=1778238506&period2=1783336106&interval=30m&events=history&includePrePost=false,2026-07-06T11:08:26.544444+00:00
2026-07-06T08:15:00+00:00,2026-07-06T08:45:00+00:00,30,INFY,INFY.NS,1037.4000244140625,1037.4000244140625,1033.199951171875,1033.5,234382,Yahoo Finance automated fallback,https://query1.finance.yahoo.com/v8/finance/chart/INFY.NS?period1=1778238506&period2=1783336106&interval=30m&events=history&includePrePost=false,2026-07-06T11:08:26.544444+00:00
2026-07-06T08:45:00+00:00,2026-07-06T09:15:00+00:00,30,INFY,INFY.NS,1033.5,1035.699951171875,1033.300048828125,1034.199951171875,192330,Yahoo Finance automated fallback,https://query1.finance.yahoo.com/v8/finance/chart/INFY.NS?period1=1778238506&period2=1783336106&interval=30m&events=history&includePrePost=false,2026-07-06T11:08:26.544444+00:00
2026-07-06T09:15:00+00:00,2026-07-06T09:45:00+00:00,30,INFY,INFY.NS,1034.199951171875,1043.0999755859375,1033.800048828125,1042.5,738664,Yahoo Finance automated fallback,https://query1.finance.yahoo.com/v8/finance/chart/INFY.NS?period1=1778238506&period2=1783336106&interval=30m&events=history&includePrePost=false,2026-07-06T11:08:26.544444+00:00
2026-07-06T09:45:00+00:00,2026-07-06T10:15:00+00:00,30,INFY,INFY.NS,1042.5999755859375,1045.199951171875,1040.0999755859375,1043.9000244140625,509577,Yahoo Finance automated fallback,https://query1.finance.yahoo.com/v8/finance/chart/INFY.NS?period1=1778238506&period2=1783336106&interval=30m&events=history&includePrePost=false,2026-07-06T11:08:26.544444+00:00
2026-07-06T10:00:00+00:00,2026-07-06T10:30:00+00:00,30,INFY,INFY.NS,1042.199951171875,1042.199951171875,1042.199951171875,1042.199951171875,0,Yahoo Finance automated fallback,https://query1.finance.yahoo.com/v8/finance/chart/INFY.NS?period1=1778238506&period2=1783336106&interval=30m&events=history&includePrePost=false,2026-07-06T11:08:26.544444+00:00
