Interval Start,Interval End,Interval Minutes,Symbol,Ticker,Open,High,Low,Close,Volume,Source,Source URL,Fetch Timestamp
2026-05-11T03:45:00+00:00,2026-05-11T04:15:00+00:00,30,NIFTY50,^NSEI,23943.19921875,23975.80078125,23864.44921875,23865.69921875,0,Yahoo Finance automated fallback,https://query1.finance.yahoo.com/v8/finance/chart/^NSEI?period1=1778238506&period2=1783336106&interval=30m&events=history&includePrePost=false,2026-07-06T11:08:26.544444+00:00
2026-05-11T04:15:00+00:00,2026-05-11T04:45:00+00:00,30,NIFTY50,^NSEI,23866.150390625,23903.69921875,23864.349609375,23893.400390625,0,Yahoo Finance automated fallback,https://query1.finance.yahoo.com/v8/finance/chart/^NSEI?period1=1778238506&period2=1783336106&interval=30m&events=history&includePrePost=false,2026-07-06T11:08:26.544444+00:00
2026-05-11T04:45:00+00:00,2026-05-11T05:15:00+00:00,30,NIFTY50,^NSEI,23894.75,23896.25,23845.44921875,23860.099609375,0,Yahoo Finance automated fallback,https://query1.finance.yahoo.com/v8/finance/chart/^NSEI?period1=1778238506&period2=1783336106&interval=30m&events=history&includePrePost=false,2026-07-06T11:08:26.544444+00:00
2026-05-11T05:15:00+00:00,2026-05-11T05:45:00+00:00,30,NIFTY50,^NSEI,23859.94921875,23922.55078125,23850.849609375,23914.599609375,0,Yahoo Finance automated fallback,https://query1.finance.yahoo.com/v8/finance/chart/^NSEI?period1=1778238506&period2=1783336106&interval=30m&events=history&includePrePost=false,2026-07-06T11:08:26.544444+00:00
2026-05-11T05:45:00+00:00,2026-05-11T06:15:00+00:00,30,NIFTY50,^NSEI,23914.599609375,23952.69921875,23907.25,23949.400390625,0,Yahoo Finance automated fallback,https://query1.finance.yahoo.com/v8/finance/chart/^NSEI?period1=1778238506&period2=1783336106&interval=30m&events=history&includePrePost=false,2026-07-06T11:08:26.544444+00:00
2026-05-11T06:15:00+00:00,2026-05-11T06:45:00+00:00,30,NIFTY50,^NSEI,23949.55078125,23956.900390625,23920.30078125,23935.55078125,0,Yahoo Finance automated fallback,https://query1.finance.yahoo.com/v8/finance/chart/^NSEI?period1=1778238506&period2=1783336106&interval=30m&events=history&includePrePost=false,2026-07-06T11:08:26.544444+00:00
2026-05-11T06:45:00+00:00,2026-05-11T07:15:00+00:00,30,NIFTY50,^NSEI,23935.19921875,23954.94921875,23902.44921875,23950.349609375,0,Yahoo Finance automated fallback,https://query1.finance.yahoo.com/v8/finance/chart/^NSEI?period1=1778238506&period2=1783336106&interval=30m&events=history&includePrePost=false,2026-07-06T11:08:26.544444+00:00
2026-05-11T07:15:00+00:00,2026-05-11T07:45:00+00:00,30,NIFTY50,^NSEI,23949.69921875,23954.650390625,23905.05078125,23949.80078125,0,Yahoo Finance automated fallback,https://query1.finance.yahoo.com/v8/finance/chart/^NSEI?period1=1778238506&period2=1783336106&interval=30m&events=history&includePrePost=false,2026-07-06T11:08:26.544444+00:00
2026-05-11T07:45:00+00:00,2026-05-11T08:15:00+00:00,30,NIFTY50,^NSEI,23949.900390625,23986.849609375,23934.5,23965.44921875,0,Yahoo Finance automated fallback,https://query1.finance.yahoo.com/v8/finance/chart/^NSEI?period1=1778238506&period2=1783336106&interval=30m&events=history&includePrePost=false,2026-07-06T11:08:26.544444+00:00
2026-05-11T08:15:00+00:00,2026-05-11T08:45:00+00:00,30,NIFTY50,^NSEI,23966.55078125,23997.0,23943.099609375,23946.30078125,0,Yahoo Finance automated fallback,https://query1.finance.yahoo.com/v8/finance/chart/^NSEI?period1=1778238506&period2=1783336106&interval=30m&events=history&includePrePost=false,2026-07-06T11:08:26.544444+00:00
2026-05-11T08:45:00+00:00,2026-05-11T09:15:00+00:00,30,NIFTY50,^NSEI,23945.25,23957.849609375,23904.19921875,23916.349609375,0,Yahoo Finance automated fallback,https://query1.finance.yahoo.com/v8/finance/chart/^NSEI?period1=1778238506&period2=1783336106&interval=30m&events=history&includePrePost=false,2026-07-06T11:08:26.544444+00:00
2026-05-11T09:15:00+00:00,2026-05-11T09:45:00+00:00,30,NIFTY50,^NSEI,23916.599609375,23924.349609375,23801.55078125,23805.75,0,Yahoo Finance automated fallback,https://query1.finance.yahoo.com/v8/finance/chart/^NSEI?period1=1778238506&period2=1783336106&interval=30m&events=history&includePrePost=false,2026-07-06T11:08:26.544444+00:00
2026-05-11T09:45:00+00:00,2026-05-11T10:15:00+00:00,30,NIFTY50,^NSEI,23806.19921875,23820.349609375,23801.25,23820.349609375,0,Yahoo Finance automated fallback,https://query1.finance.yahoo.com/v8/finance/chart/^NSEI?period1=1778238506&period2=1783336106&interval=30m&events=history&includePrePost=false,2026-07-06T11:08:26.544444+00:00
2026-05-12T03:45:00+00:00,2026-05-12T04:15:00+00:00,30,NIFTY50,^NSEI,23722.599609375,23754.150390625,23617.75,23640.650390625,0,Yahoo Finance automated fallback,https://query1.finance.yahoo.com/v8/finance/chart/^NSEI?period1=1778238506&period2=1783336106&interval=30m&events=history&includePrePost=false,2026-07-06T11:08:26.544444+00:00
2026-05-12T04:15:00+00:00,2026-05-12T04:45:00+00:00,30,NIFTY50,^NSEI,23640.75,23655.400390625,23614.0,23651.400390625,0,Yahoo Finance automated fallback,https://query1.finance.yahoo.com/v8/finance/chart/^NSEI?period1=1778238506&period2=1783336106&interval=30m&events=history&includePrePost=false,2026-07-06T11:08:26.544444+00:00
2026-05-12T04:45:00+00:00,2026-05-12T05:15:00+00:00,30,NIFTY50,^NSEI,23652.05078125,23675.19921875,23596.44921875,23627.55078125,0,Yahoo Finance automated fallback,https://query1.finance.yahoo.com/v8/finance/chart/^NSEI?period1=1778238506&period2=1783336106&interval=30m&events=history&includePrePost=false,2026-07-06T11:08:26.544444+00:00
2026-05-12T05:15:00+00:00,2026-05-12T05:45:00+00:00,30,NIFTY50,^NSEI,23628.05078125,23629.599609375,23578.69921875,23589.349609375,0,Yahoo Finance automated fallback,https://query1.finance.yahoo.com/v8/finance/chart/^NSEI?period1=1778238506&period2=1783336106&interval=30m&events=history&includePrePost=false,2026-07-06T11:08:26.544444+00:00
2026-05-12T05:45:00+00:00,2026-05-12T06:15:00+00:00,30,NIFTY50,^NSEI,23589.599609375,23613.400390625,23578.650390625,23602.69921875,0,Yahoo Finance automated fallback,https://query1.finance.yahoo.com/v8/finance/chart/^NSEI?period1=1778238506&period2=1783336106&interval=30m&events=history&includePrePost=false,2026-07-06T11:08:26.544444+00:00
2026-05-12T06:15:00+00:00,2026-05-12T06:45:00+00:00,30,NIFTY50,^NSEI,23603.94921875,23612.849609375,23551.599609375,23557.80078125,0,Yahoo Finance automated fallback,https://query1.finance.yahoo.com/v8/finance/chart/^NSEI?period1=1778238506&period2=1783336106&interval=30m&events=history&includePrePost=false,2026-07-06T11:08:26.544444+00:00
2026-05-12T06:45:00+00:00,2026-05-12T07:15:00+00:00,30,NIFTY50,^NSEI,23559.5,23580.05078125,23508.599609375,23526.150390625,0,Yahoo Finance automated fallback,https://query1.finance.yahoo.com/v8/finance/chart/^NSEI?period1=1778238506&period2=1783336106&interval=30m&events=history&includePrePost=false,2026-07-06T11:08:26.544444+00:00
2026-05-12T07:15:00+00:00,2026-05-12T07:45:00+00:00,30,NIFTY50,^NSEI,23527.25,23540.099609375,23506.349609375,23536.80078125,0,Yahoo Finance automated fallback,https://query1.finance.yahoo.com/v8/finance/chart/^NSEI?period1=1778238506&period2=1783336106&interval=30m&events=history&includePrePost=false,2026-07-06T11:08:26.544444+00:00
2026-05-12T07:45:00+00:00,2026-05-12T08:15:00+00:00,30,NIFTY50,^NSEI,23538.05078125,23564.05078125,23496.599609375,23506.80078125,0,Yahoo Finance automated fallback,https://query1.finance.yahoo.com/v8/finance/chart/^NSEI?period1=1778238506&period2=1783336106&interval=30m&events=history&includePrePost=false,2026-07-06T11:08:26.544444+00:00
2026-05-12T08:15:00+00:00,2026-05-12T08:45:00+00:00,30,NIFTY50,^NSEI,23510.05078125,23530.849609375,23448.0,23457.5,0,Yahoo Finance automated fallback,https://query1.finance.yahoo.com/v8/finance/chart/^NSEI?period1=1778238506&period2=1783336106&interval=30m&events=history&includePrePost=false,2026-07-06T11:08:26.544444+00:00
2026-05-12T08:45:00+00:00,2026-05-12T09:15:00+00:00,30,NIFTY50,^NSEI,23458.75,23492.69921875,23434.44921875,23463.599609375,0,Yahoo Finance automated fallback,https://query1.finance.yahoo.com/v8/finance/chart/^NSEI?period1=1778238506&period2=1783336106&interval=30m&events=history&includePrePost=false,2026-07-06T11:08:26.544444+00:00
2026-05-12T09:15:00+00:00,2026-05-12T09:45:00+00:00,30,NIFTY50,^NSEI,23464.900390625,23474.599609375,23349.099609375,23354.80078125,0,Yahoo Finance automated fallback,https://query1.finance.yahoo.com/v8/finance/chart/^NSEI?period1=1778238506&period2=1783336106&interval=30m&events=history&includePrePost=false,2026-07-06T11:08:26.544444+00:00
2026-05-12T09:45:00+00:00,2026-05-12T10:15:00+00:00,30,NIFTY50,^NSEI,23356.0,23434.849609375,23355.599609375,23430.55078125,0,Yahoo Finance automated fallback,https://query1.finance.yahoo.com/v8/finance/chart/^NSEI?period1=1778238506&period2=1783336106&interval=30m&events=history&includePrePost=false,2026-07-06T11:08:26.544444+00:00
2026-05-13T03:45:00+00:00,2026-05-13T04:15:00+00:00,30,NIFTY50,^NSEI,23365.80078125,23503.150390625,23263.05078125,23308.5,0,Yahoo Finance automated fallback,https://query1.finance.yahoo.com/v8/finance/chart/^NSEI?period1=1778238506&period2=1783336106&interval=30m&events=history&includePrePost=false,2026-07-06T11:08:26.544444+00:00
2026-05-13T04:15:00+00:00,2026-05-13T04:45:00+00:00,30,NIFTY50,^NSEI,23308.900390625,23426.25,23287.099609375,23403.05078125,0,Yahoo Finance automated fallback,https://query1.finance.yahoo.com/v8/finance/chart/^NSEI?period1=1778238506&period2=1783336106&interval=30m&events=history&includePrePost=false,2026-07-06T11:08:26.544444+00:00
2026-05-13T04:45:00+00:00,2026-05-13T05:15:00+00:00,30,NIFTY50,^NSEI,23403.19921875,23478.599609375,23398.44921875,23464.0,0,Yahoo Finance automated fallback,https://query1.finance.yahoo.com/v8/finance/chart/^NSEI?period1=1778238506&period2=1783336106&interval=30m&events=history&includePrePost=false,2026-07-06T11:08:26.544444+00:00
2026-05-13T05:15:00+00:00,2026-05-13T05:45:00+00:00,30,NIFTY50,^NSEI,23464.05078125,23472.44921875,23368.05078125,23403.94921875,0,Yahoo Finance automated fallback,https://query1.finance.yahoo.com/v8/finance/chart/^NSEI?period1=1778238506&period2=1783336106&interval=30m&events=history&includePrePost=false,2026-07-06T11:08:26.544444+00:00
2026-05-13T05:45:00+00:00,2026-05-13T06:15:00+00:00,30,NIFTY50,^NSEI,23403.80078125,23498.849609375,23392.75,23498.599609375,0,Yahoo Finance automated fallback,https://query1.finance.yahoo.com/v8/finance/chart/^NSEI?period1=1778238506&period2=1783336106&interval=30m&events=history&includePrePost=false,2026-07-06T11:08:26.544444+00:00
2026-05-13T06:15:00+00:00,2026-05-13T06:45:00+00:00,30,NIFTY50,^NSEI,23499.0,23513.849609375,23465.44921875,23512.75,0,Yahoo Finance automated fallback,https://query1.finance.yahoo.com/v8/finance/chart/^NSEI?period1=1778238506&period2=1783336106&interval=30m&events=history&includePrePost=false,2026-07-06T11:08:26.544444+00:00
2026-05-13T06:45:00+00:00,2026-05-13T07:15:00+00:00,30,NIFTY50,^NSEI,23511.94921875,23518.0,23423.30078125,23453.900390625,0,Yahoo Finance automated fallback,https://query1.finance.yahoo.com/v8/finance/chart/^NSEI?period1=1778238506&period2=1783336106&interval=30m&events=history&includePrePost=false,2026-07-06T11:08:26.544444+00:00
2026-05-13T07:15:00+00:00,2026-05-13T07:45:00+00:00,30,NIFTY50,^NSEI,23453.55078125,23582.80078125,23449.650390625,23538.5,0,Yahoo Finance automated fallback,https://query1.finance.yahoo.com/v8/finance/chart/^NSEI?period1=1778238506&period2=1783336106&interval=30m&events=history&includePrePost=false,2026-07-06T11:08:26.544444+00:00
2026-05-13T07:45:00+00:00,2026-05-13T08:15:00+00:00,30,NIFTY50,^NSEI,23538.0,23540.5,23490.55078125,23523.349609375,0,Yahoo Finance automated fallback,https://query1.finance.yahoo.com/v8/finance/chart/^NSEI?period1=1778238506&period2=1783336106&interval=30m&events=history&includePrePost=false,2026-07-06T11:08:26.544444+00:00
2026-05-13T08:15:00+00:00,2026-05-13T08:45:00+00:00,30,NIFTY50,^NSEI,23522.05078125,23535.0,23480.25,23516.80078125,0,Yahoo Finance automated fallback,https://query1.finance.yahoo.com/v8/finance/chart/^NSEI?period1=1778238506&period2=1783336106&interval=30m&events=history&includePrePost=false,2026-07-06T11:08:26.544444+00:00
2026-05-13T08:45:00+00:00,2026-05-13T09:15:00+00:00,30,NIFTY50,^NSEI,23516.5,23522.400390625,23465.19921875,23467.5,0,Yahoo Finance automated fallback,https://query1.finance.yahoo.com/v8/finance/chart/^NSEI?period1=1778238506&period2=1783336106&interval=30m&events=history&includePrePost=false,2026-07-06T11:08:26.544444+00:00
2026-05-13T09:15:00+00:00,2026-05-13T09:45:00+00:00,30,NIFTY50,^NSEI,23468.19921875,23490.849609375,23402.849609375,23425.69921875,0,Yahoo Finance automated fallback,https://query1.finance.yahoo.com/v8/finance/chart/^NSEI?period1=1778238506&period2=1783336106&interval=30m&events=history&includePrePost=false,2026-07-06T11:08:26.544444+00:00
2026-05-13T09:45:00+00:00,2026-05-13T10:15:00+00:00,30,NIFTY50,^NSEI,23425.400390625,23436.94921875,23394.349609375,23428.69921875,0,Yahoo Finance automated fallback,https://query1.finance.yahoo.com/v8/finance/chart/^NSEI?period1=1778238506&period2=1783336106&interval=30m&events=history&includePrePost=false,2026-07-06T11:08:26.544444+00:00
2026-05-14T03:45:00+00:00,2026-05-14T04:15:00+00:00,30,NIFTY50,^NSEI,23531.44921875,23589.19921875,23494.099609375,23496.80078125,0,Yahoo Finance automated fallback,https://query1.finance.yahoo.com/v8/finance/chart/^NSEI?period1=1778238506&period2=1783336106&interval=30m&events=history&includePrePost=false,2026-07-06T11:08:26.544444+00:00
2026-05-14T04:15:00+00:00,2026-05-14T04:45:00+00:00,30,NIFTY50,^NSEI,23499.0,23532.94921875,23447.5,23495.80078125,0,Yahoo Finance automated fallback,https://query1.finance.yahoo.com/v8/finance/chart/^NSEI?period1=1778238506&period2=1783336106&interval=30m&events=history&includePrePost=false,2026-07-06T11:08:26.544444+00:00
2026-05-14T04:45:00+00:00,2026-05-14T05:15:00+00:00,30,NIFTY50,^NSEI,23496.80078125,23537.5,23473.25,23497.25,0,Yahoo Finance automated fallback,https://query1.finance.yahoo.com/v8/finance/chart/^NSEI?period1=1778238506&period2=1783336106&interval=30m&events=history&includePrePost=false,2026-07-06T11:08:26.544444+00:00
2026-05-14T05:15:00+00:00,2026-05-14T05:45:00+00:00,30,NIFTY50,^NSEI,23495.599609375,23495.599609375,23426.849609375,23459.150390625,0,Yahoo Finance automated fallback,https://query1.finance.yahoo.com/v8/finance/chart/^NSEI?period1=1778238506&period2=1783336106&interval=30m&events=history&includePrePost=false,2026-07-06T11:08:26.544444+00:00
2026-05-14T05:45:00+00:00,2026-05-14T06:15:00+00:00,30,NIFTY50,^NSEI,23459.849609375,23669.150390625,23459.0,23668.599609375,0,Yahoo Finance automated fallback,https://query1.finance.yahoo.com/v8/finance/chart/^NSEI?period1=1778238506&period2=1783336106&interval=30m&events=history&includePrePost=false,2026-07-06T11:08:26.544444+00:00
2026-05-14T06:15:00+00:00,2026-05-14T06:45:00+00:00,30,NIFTY50,^NSEI,23670.69921875,23702.150390625,23636.44921875,23667.400390625,0,Yahoo Finance automated fallback,https://query1.finance.yahoo.com/v8/finance/chart/^NSEI?period1=1778238506&period2=1783336106&interval=30m&events=history&includePrePost=false,2026-07-06T11:08:26.544444+00:00
2026-05-14T06:45:00+00:00,2026-05-14T07:15:00+00:00,30,NIFTY50,^NSEI,23667.94921875,23708.099609375,23667.19921875,23701.69921875,0,Yahoo Finance automated fallback,https://query1.finance.yahoo.com/v8/finance/chart/^NSEI?period1=1778238506&period2=1783336106&interval=30m&events=history&includePrePost=false,2026-07-06T11:08:26.544444+00:00
2026-05-14T07:15:00+00:00,2026-05-14T07:45:00+00:00,30,NIFTY50,^NSEI,23703.349609375,23747.150390625,23675.80078125,23713.55078125,0,Yahoo Finance automated fallback,https://query1.finance.yahoo.com/v8/finance/chart/^NSEI?period1=1778238506&period2=1783336106&interval=30m&events=history&includePrePost=false,2026-07-06T11:08:26.544444+00:00
2026-05-14T07:45:00+00:00,2026-05-14T08:15:00+00:00,30,NIFTY50,^NSEI,23715.25,23760.25,23709.30078125,23752.55078125,0,Yahoo Finance automated fallback,https://query1.finance.yahoo.com/v8/finance/chart/^NSEI?period1=1778238506&period2=1783336106&interval=30m&events=history&includePrePost=false,2026-07-06T11:08:26.544444+00:00
2026-05-14T08:15:00+00:00,2026-05-14T08:45:00+00:00,30,NIFTY50,^NSEI,23753.80078125,23768.599609375,23725.94921875,23744.55078125,0,Yahoo Finance automated fallback,https://query1.finance.yahoo.com/v8/finance/chart/^NSEI?period1=1778238506&period2=1783336106&interval=30m&events=history&includePrePost=false,2026-07-06T11:08:26.544444+00:00
2026-05-14T08:45:00+00:00,2026-05-14T09:15:00+00:00,30,NIFTY50,^NSEI,23746.44921875,23776.650390625,23719.80078125,23730.099609375,0,Yahoo Finance automated fallback,https://query1.finance.yahoo.com/v8/finance/chart/^NSEI?period1=1778238506&period2=1783336106&interval=30m&events=history&includePrePost=false,2026-07-06T11:08:26.544444+00:00
2026-05-14T09:15:00+00:00,2026-05-14T09:45:00+00:00,30,NIFTY50,^NSEI,23729.849609375,23733.0,23670.19921875,23683.80078125,0,Yahoo Finance automated fallback,https://query1.finance.yahoo.com/v8/finance/chart/^NSEI?period1=1778238506&period2=1783336106&interval=30m&events=history&includePrePost=false,2026-07-06T11:08:26.544444+00:00
2026-05-14T09:45:00+00:00,2026-05-14T10:15:00+00:00,30,NIFTY50,^NSEI,23683.349609375,23719.55078125,23668.150390625,23713.75,0,Yahoo Finance automated fallback,https://query1.finance.yahoo.com/v8/finance/chart/^NSEI?period1=1778238506&period2=1783336106&interval=30m&events=history&includePrePost=false,2026-07-06T11:08:26.544444+00:00
2026-05-15T03:45:00+00:00,2026-05-15T04:15:00+00:00,30,NIFTY50,^NSEI,23731.400390625,23802.75,23663.849609375,23801.849609375,0,Yahoo Finance automated fallback,https://query1.finance.yahoo.com/v8/finance/chart/^NSEI?period1=1778238506&period2=1783336106&interval=30m&events=history&includePrePost=false,2026-07-06T11:08:26.544444+00:00
2026-05-15T04:15:00+00:00,2026-05-15T04:45:00+00:00,30,NIFTY50,^NSEI,23802.099609375,23836.400390625,23781.25,23800.099609375,0,Yahoo Finance automated fallback,https://query1.finance.yahoo.com/v8/finance/chart/^NSEI?period1=1778238506&period2=1783336106&interval=30m&events=history&includePrePost=false,2026-07-06T11:08:26.544444+00:00
2026-05-15T04:45:00+00:00,2026-05-15T05:15:00+00:00,30,NIFTY50,^NSEI,23800.25,23834.150390625,23788.75,23817.400390625,0,Yahoo Finance automated fallback,https://query1.finance.yahoo.com/v8/finance/chart/^NSEI?period1=1778238506&period2=1783336106&interval=30m&events=history&includePrePost=false,2026-07-06T11:08:26.544444+00:00
2026-05-15T05:15:00+00:00,2026-05-15T05:45:00+00:00,30,NIFTY50,^NSEI,23817.05078125,23838.94921875,23732.25,23744.099609375,0,Yahoo Finance automated fallback,https://query1.finance.yahoo.com/v8/finance/chart/^NSEI?period1=1778238506&period2=1783336106&interval=30m&events=history&includePrePost=false,2026-07-06T11:08:26.544444+00:00
2026-05-15T05:45:00+00:00,2026-05-15T06:15:00+00:00,30,NIFTY50,^NSEI,23743.55078125,23751.69921875,23677.650390625,23721.69921875,0,Yahoo Finance automated fallback,https://query1.finance.yahoo.com/v8/finance/chart/^NSEI?period1=1778238506&period2=1783336106&interval=30m&events=history&includePrePost=false,2026-07-06T11:08:26.544444+00:00
2026-05-15T06:15:00+00:00,2026-05-15T06:45:00+00:00,30,NIFTY50,^NSEI,23721.75,23769.5,23713.69921875,23751.099609375,0,Yahoo Finance automated fallback,https://query1.finance.yahoo.com/v8/finance/chart/^NSEI?period1=1778238506&period2=1783336106&interval=30m&events=history&includePrePost=false,2026-07-06T11:08:26.544444+00:00
2026-05-15T06:45:00+00:00,2026-05-15T07:15:00+00:00,30,NIFTY50,^NSEI,23751.150390625,23769.69921875,23715.55078125,23767.349609375,0,Yahoo Finance automated fallback,https://query1.finance.yahoo.com/v8/finance/chart/^NSEI?period1=1778238506&period2=1783336106&interval=30m&events=history&includePrePost=false,2026-07-06T11:08:26.544444+00:00
2026-05-15T07:15:00+00:00,2026-05-15T07:45:00+00:00,30,NIFTY50,^NSEI,23767.5,23797.5,23766.05078125,23780.05078125,0,Yahoo Finance automated fallback,https://query1.finance.yahoo.com/v8/finance/chart/^NSEI?period1=1778238506&period2=1783336106&interval=30m&events=history&includePrePost=false,2026-07-06T11:08:26.544444+00:00
2026-05-15T07:45:00+00:00,2026-05-15T08:15:00+00:00,30,NIFTY50,^NSEI,23780.650390625,23787.80078125,23728.0,23738.650390625,0,Yahoo Finance automated fallback,https://query1.finance.yahoo.com/v8/finance/chart/^NSEI?period1=1778238506&period2=1783336106&interval=30m&events=history&includePrePost=false,2026-07-06T11:08:26.544444+00:00
2026-05-15T08:15:00+00:00,2026-05-15T08:45:00+00:00,30,NIFTY50,^NSEI,23739.19921875,23750.650390625,23693.69921875,23722.150390625,0,Yahoo Finance automated fallback,https://query1.finance.yahoo.com/v8/finance/chart/^NSEI?period1=1778238506&period2=1783336106&interval=30m&events=history&includePrePost=false,2026-07-06T11:08:26.544444+00:00
2026-05-15T08:45:00+00:00,2026-05-15T09:15:00+00:00,30,NIFTY50,^NSEI,23722.349609375,23726.650390625,23676.599609375,23690.44921875,0,Yahoo Finance automated fallback,https://query1.finance.yahoo.com/v8/finance/chart/^NSEI?period1=1778238506&period2=1783336106&interval=30m&events=history&includePrePost=false,2026-07-06T11:08:26.544444+00:00
2026-05-15T09:15:00+00:00,2026-05-15T09:45:00+00:00,30,NIFTY50,^NSEI,23690.75,23692.25,23610.80078125,23643.650390625,0,Yahoo Finance automated fallback,https://query1.finance.yahoo.com/v8/finance/chart/^NSEI?period1=1778238506&period2=1783336106&interval=30m&events=history&includePrePost=false,2026-07-06T11:08:26.544444+00:00
2026-05-15T09:45:00+00:00,2026-05-15T10:15:00+00:00,30,NIFTY50,^NSEI,23644.099609375,23660.75,23616.5,23657.900390625,0,Yahoo Finance automated fallback,https://query1.finance.yahoo.com/v8/finance/chart/^NSEI?period1=1778238506&period2=1783336106&interval=30m&events=history&includePrePost=false,2026-07-06T11:08:26.544444+00:00
2026-05-18T03:45:00+00:00,2026-05-18T04:15:00+00:00,30,NIFTY50,^NSEI,23482.19921875,23485.80078125,23347.349609375,23371.05078125,0,Yahoo Finance automated fallback,https://query1.finance.yahoo.com/v8/finance/chart/^NSEI?period1=1778238506&period2=1783336106&interval=30m&events=history&includePrePost=false,2026-07-06T11:08:26.544444+00:00
2026-05-18T04:15:00+00:00,2026-05-18T04:45:00+00:00,30,NIFTY50,^NSEI,23370.75,23372.19921875,23317.55078125,23362.400390625,0,Yahoo Finance automated fallback,https://query1.finance.yahoo.com/v8/finance/chart/^NSEI?period1=1778238506&period2=1783336106&interval=30m&events=history&includePrePost=false,2026-07-06T11:08:26.544444+00:00
2026-05-18T04:45:00+00:00,2026-05-18T05:15:00+00:00,30,NIFTY50,^NSEI,23362.30078125,23439.69921875,23353.900390625,23417.19921875,0,Yahoo Finance automated fallback,https://query1.finance.yahoo.com/v8/finance/chart/^NSEI?period1=1778238506&period2=1783336106&interval=30m&events=history&includePrePost=false,2026-07-06T11:08:26.544444+00:00
2026-05-18T05:15:00+00:00,2026-05-18T05:45:00+00:00,30,NIFTY50,^NSEI,23417.80078125,23477.75,23389.599609375,23470.099609375,0,Yahoo Finance automated fallback,https://query1.finance.yahoo.com/v8/finance/chart/^NSEI?period1=1778238506&period2=1783336106&interval=30m&events=history&includePrePost=false,2026-07-06T11:08:26.544444+00:00
2026-05-18T05:45:00+00:00,2026-05-18T06:15:00+00:00,30,NIFTY50,^NSEI,23470.19921875,23562.44921875,23465.849609375,23534.25,0,Yahoo Finance automated fallback,https://query1.finance.yahoo.com/v8/finance/chart/^NSEI?period1=1778238506&period2=1783336106&interval=30m&events=history&includePrePost=false,2026-07-06T11:08:26.544444+00:00
2026-05-18T06:15:00+00:00,2026-05-18T06:45:00+00:00,30,NIFTY50,^NSEI,23536.5,23538.25,23468.349609375,23516.05078125,0,Yahoo Finance automated fallback,https://query1.finance.yahoo.com/v8/finance/chart/^NSEI?period1=1778238506&period2=1783336106&interval=30m&events=history&includePrePost=false,2026-07-06T11:08:26.544444+00:00
2026-05-18T06:45:00+00:00,2026-05-18T07:15:00+00:00,30,NIFTY50,^NSEI,23529.75,23609.849609375,23518.44921875,23584.75,0,Yahoo Finance automated fallback,https://query1.finance.yahoo.com/v8/finance/chart/^NSEI?period1=1778238506&period2=1783336106&interval=30m&events=history&includePrePost=false,2026-07-06T11:08:26.544444+00:00
2026-05-18T07:15:00+00:00,2026-05-18T07:45:00+00:00,30,NIFTY50,^NSEI,23585.0,23661.349609375,23572.650390625,23615.900390625,0,Yahoo Finance automated fallback,https://query1.finance.yahoo.com/v8/finance/chart/^NSEI?period1=1778238506&period2=1783336106&interval=30m&events=history&includePrePost=false,2026-07-06T11:08:26.544444+00:00
2026-05-18T07:45:00+00:00,2026-05-18T08:15:00+00:00,30,NIFTY50,^NSEI,23615.5,23634.25,23596.44921875,23622.400390625,0,Yahoo Finance automated fallback,https://query1.finance.yahoo.com/v8/finance/chart/^NSEI?period1=1778238506&period2=1783336106&interval=30m&events=history&includePrePost=false,2026-07-06T11:08:26.544444+00:00
2026-05-18T08:15:00+00:00,2026-05-18T08:45:00+00:00,30,NIFTY50,^NSEI,23622.05078125,23659.400390625,23604.05078125,23624.849609375,0,Yahoo Finance automated fallback,https://query1.finance.yahoo.com/v8/finance/chart/^NSEI?period1=1778238506&period2=1783336106&interval=30m&events=history&includePrePost=false,2026-07-06T11:08:26.544444+00:00
2026-05-18T08:45:00+00:00,2026-05-18T09:15:00+00:00,30,NIFTY50,^NSEI,23609.75,23624.900390625,23582.0,23602.94921875,0,Yahoo Finance automated fallback,https://query1.finance.yahoo.com/v8/finance/chart/^NSEI?period1=1778238506&period2=1783336106&interval=30m&events=history&includePrePost=false,2026-07-06T11:08:26.544444+00:00
2026-05-18T09:15:00+00:00,2026-05-18T09:45:00+00:00,30,NIFTY50,^NSEI,23603.349609375,23695.400390625,23581.94921875,23634.599609375,0,Yahoo Finance automated fallback,https://query1.finance.yahoo.com/v8/finance/chart/^NSEI?period1=1778238506&period2=1783336106&interval=30m&events=history&includePrePost=false,2026-07-06T11:08:26.544444+00:00
2026-05-18T09:45:00+00:00,2026-05-18T10:15:00+00:00,30,NIFTY50,^NSEI,23634.25,23658.400390625,23619.30078125,23644.44921875,0,Yahoo Finance automated fallback,https://query1.finance.yahoo.com/v8/finance/chart/^NSEI?period1=1778238506&period2=1783336106&interval=30m&events=history&includePrePost=false,2026-07-06T11:08:26.544444+00:00
2026-05-19T03:45:00+00:00,2026-05-19T04:15:00+00:00,30,NIFTY50,^NSEI,23675.30078125,23768.44921875,23647.900390625,23749.599609375,0,Yahoo Finance automated fallback,https://query1.finance.yahoo.com/v8/finance/chart/^NSEI?period1=1778238506&period2=1783336106&interval=30m&events=history&includePrePost=false,2026-07-06T11:08:26.544444+00:00
2026-05-19T04:15:00+00:00,2026-05-19T04:45:00+00:00,30,NIFTY50,^NSEI,23749.19921875,23762.900390625,23677.599609375,23754.25,0,Yahoo Finance automated fallback,https://query1.finance.yahoo.com/v8/finance/chart/^NSEI?period1=1778238506&period2=1783336106&interval=30m&events=history&includePrePost=false,2026-07-06T11:08:26.544444+00:00
2026-05-19T04:45:00+00:00,2026-05-19T05:15:00+00:00,30,NIFTY50,^NSEI,23753.44921875,23765.150390625,23724.0,23764.400390625,0,Yahoo Finance automated fallback,https://query1.finance.yahoo.com/v8/finance/chart/^NSEI?period1=1778238506&period2=1783336106&interval=30m&events=history&includePrePost=false,2026-07-06T11:08:26.544444+00:00
2026-05-19T05:15:00+00:00,2026-05-19T05:45:00+00:00,30,NIFTY50,^NSEI,23764.75,23782.19921875,23718.099609375,23720.099609375,0,Yahoo Finance automated fallback,https://query1.finance.yahoo.com/v8/finance/chart/^NSEI?period1=1778238506&period2=1783336106&interval=30m&events=history&includePrePost=false,2026-07-06T11:08:26.544444+00:00
2026-05-19T05:45:00+00:00,2026-05-19T06:15:00+00:00,30,NIFTY50,^NSEI,23720.55078125,23754.75,23695.349609375,23749.599609375,0,Yahoo Finance automated fallback,https://query1.finance.yahoo.com/v8/finance/chart/^NSEI?period1=1778238506&period2=1783336106&interval=30m&events=history&includePrePost=false,2026-07-06T11:08:26.544444+00:00
2026-05-19T06:15:00+00:00,2026-05-19T06:45:00+00:00,30,NIFTY50,^NSEI,23750.05078125,23772.75,23733.75,23743.0,0,Yahoo Finance automated fallback,https://query1.finance.yahoo.com/v8/finance/chart/^NSEI?period1=1778238506&period2=1783336106&interval=30m&events=history&includePrePost=false,2026-07-06T11:08:26.544444+00:00
2026-05-19T06:45:00+00:00,2026-05-19T07:15:00+00:00,30,NIFTY50,^NSEI,23743.05078125,23755.5,23722.150390625,23738.099609375,0,Yahoo Finance automated fallback,https://query1.finance.yahoo.com/v8/finance/chart/^NSEI?period1=1778238506&period2=1783336106&interval=30m&events=history&includePrePost=false,2026-07-06T11:08:26.544444+00:00
2026-05-19T07:15:00+00:00,2026-05-19T07:45:00+00:00,30,NIFTY50,^NSEI,23738.05078125,23743.19921875,23706.099609375,23709.19921875,0,Yahoo Finance automated fallback,https://query1.finance.yahoo.com/v8/finance/chart/^NSEI?period1=1778238506&period2=1783336106&interval=30m&events=history&includePrePost=false,2026-07-06T11:08:26.544444+00:00
2026-05-19T07:45:00+00:00,2026-05-19T08:15:00+00:00,30,NIFTY50,^NSEI,23708.349609375,23743.30078125,23685.849609375,23696.599609375,0,Yahoo Finance automated fallback,https://query1.finance.yahoo.com/v8/finance/chart/^NSEI?period1=1778238506&period2=1783336106&interval=30m&events=history&includePrePost=false,2026-07-06T11:08:26.544444+00:00
2026-05-19T08:15:00+00:00,2026-05-19T08:45:00+00:00,30,NIFTY50,^NSEI,23696.849609375,23725.349609375,23674.0,23717.5,0,Yahoo Finance automated fallback,https://query1.finance.yahoo.com/v8/finance/chart/^NSEI?period1=1778238506&period2=1783336106&interval=30m&events=history&includePrePost=false,2026-07-06T11:08:26.544444+00:00
2026-05-19T08:45:00+00:00,2026-05-19T09:15:00+00:00,30,NIFTY50,^NSEI,23717.349609375,23736.55078125,23649.0,23657.900390625,0,Yahoo Finance automated fallback,https://query1.finance.yahoo.com/v8/finance/chart/^NSEI?period1=1778238506&period2=1783336106&interval=30m&events=history&includePrePost=false,2026-07-06T11:08:26.544444+00:00
2026-05-19T09:15:00+00:00,2026-05-19T09:45:00+00:00,30,NIFTY50,^NSEI,23657.19921875,23666.900390625,23609.69921875,23624.55078125,0,Yahoo Finance automated fallback,https://query1.finance.yahoo.com/v8/finance/chart/^NSEI?period1=1778238506&period2=1783336106&interval=30m&events=history&includePrePost=false,2026-07-06T11:08:26.544444+00:00
2026-05-19T09:45:00+00:00,2026-05-19T10:15:00+00:00,30,NIFTY50,^NSEI,23624.400390625,23629.19921875,23587.25,23606.150390625,0,Yahoo Finance automated fallback,https://query1.finance.yahoo.com/v8/finance/chart/^NSEI?period1=1778238506&period2=1783336106&interval=30m&events=history&includePrePost=false,2026-07-06T11:08:26.544444+00:00
2026-05-20T03:45:00+00:00,2026-05-20T04:15:00+00:00,30,NIFTY50,^NSEI,23457.25,23536.400390625,23403.75,23524.25,0,Yahoo Finance automated fallback,https://query1.finance.yahoo.com/v8/finance/chart/^NSEI?period1=1778238506&period2=1783336106&interval=30m&events=history&includePrePost=false,2026-07-06T11:08:26.544444+00:00
2026-05-20T04:15:00+00:00,2026-05-20T04:45:00+00:00,30,NIFTY50,^NSEI,23523.25,23548.5,23486.099609375,23500.19921875,0,Yahoo Finance automated fallback,https://query1.finance.yahoo.com/v8/finance/chart/^NSEI?period1=1778238506&period2=1783336106&interval=30m&events=history&includePrePost=false,2026-07-06T11:08:26.544444+00:00
2026-05-20T04:45:00+00:00,2026-05-20T05:15:00+00:00,30,NIFTY50,^NSEI,23500.55078125,23576.05078125,23475.650390625,23532.75,0,Yahoo Finance automated fallback,https://query1.finance.yahoo.com/v8/finance/chart/^NSEI?period1=1778238506&period2=1783336106&interval=30m&events=history&includePrePost=false,2026-07-06T11:08:26.544444+00:00
2026-05-20T05:15:00+00:00,2026-05-20T05:45:00+00:00,30,NIFTY50,^NSEI,23532.69921875,23582.25,23503.650390625,23562.400390625,0,Yahoo Finance automated fallback,https://query1.finance.yahoo.com/v8/finance/chart/^NSEI?period1=1778238506&period2=1783336106&interval=30m&events=history&includePrePost=false,2026-07-06T11:08:26.544444+00:00
2026-05-20T05:45:00+00:00,2026-05-20T06:15:00+00:00,30,NIFTY50,^NSEI,23562.19921875,23618.05078125,23558.30078125,23605.0,0,Yahoo Finance automated fallback,https://query1.finance.yahoo.com/v8/finance/chart/^NSEI?period1=1778238506&period2=1783336106&interval=30m&events=history&includePrePost=false,2026-07-06T11:08:26.544444+00:00
2026-05-20T06:15:00+00:00,2026-05-20T06:45:00+00:00,30,NIFTY50,^NSEI,23605.05078125,23640.0,23577.0,23579.94921875,0,Yahoo Finance automated fallback,https://query1.finance.yahoo.com/v8/finance/chart/^NSEI?period1=1778238506&period2=1783336106&interval=30m&events=history&includePrePost=false,2026-07-06T11:08:26.544444+00:00
2026-05-20T06:45:00+00:00,2026-05-20T07:15:00+00:00,30,NIFTY50,^NSEI,23579.94921875,23608.44921875,23579.5,23603.900390625,0,Yahoo Finance automated fallback,https://query1.finance.yahoo.com/v8/finance/chart/^NSEI?period1=1778238506&period2=1783336106&interval=30m&events=history&includePrePost=false,2026-07-06T11:08:26.544444+00:00
2026-05-20T07:15:00+00:00,2026-05-20T07:45:00+00:00,30,NIFTY50,^NSEI,23602.80078125,23617.05078125,23588.75,23601.0,0,Yahoo Finance automated fallback,https://query1.finance.yahoo.com/v8/finance/chart/^NSEI?period1=1778238506&period2=1783336106&interval=30m&events=history&includePrePost=false,2026-07-06T11:08:26.544444+00:00
2026-05-20T07:45:00+00:00,2026-05-20T08:15:00+00:00,30,NIFTY50,^NSEI,23601.400390625,23620.900390625,23561.849609375,23595.099609375,0,Yahoo Finance automated fallback,https://query1.finance.yahoo.com/v8/finance/chart/^NSEI?period1=1778238506&period2=1783336106&interval=30m&events=history&includePrePost=false,2026-07-06T11:08:26.544444+00:00
2026-05-20T08:15:00+00:00,2026-05-20T08:45:00+00:00,30,NIFTY50,^NSEI,23595.849609375,23664.30078125,23588.55078125,23651.849609375,0,Yahoo Finance automated fallback,https://query1.finance.yahoo.com/v8/finance/chart/^NSEI?period1=1778238506&period2=1783336106&interval=30m&events=history&includePrePost=false,2026-07-06T11:08:26.544444+00:00
2026-05-20T08:45:00+00:00,2026-05-20T09:15:00+00:00,30,NIFTY50,^NSEI,23651.94921875,23681.55078125,23641.94921875,23676.650390625,0,Yahoo Finance automated fallback,https://query1.finance.yahoo.com/v8/finance/chart/^NSEI?period1=1778238506&period2=1783336106&interval=30m&events=history&includePrePost=false,2026-07-06T11:08:26.544444+00:00
2026-05-20T09:15:00+00:00,2026-05-20T09:45:00+00:00,30,NIFTY50,^NSEI,23677.599609375,23690.75,23639.599609375,23667.75,0,Yahoo Finance automated fallback,https://query1.finance.yahoo.com/v8/finance/chart/^NSEI?period1=1778238506&period2=1783336106&interval=30m&events=history&includePrePost=false,2026-07-06T11:08:26.544444+00:00
2026-05-20T09:45:00+00:00,2026-05-20T10:15:00+00:00,30,NIFTY50,^NSEI,23667.900390625,23672.349609375,23651.400390625,23664.349609375,0,Yahoo Finance automated fallback,https://query1.finance.yahoo.com/v8/finance/chart/^NSEI?period1=1778238506&period2=1783336106&interval=30m&events=history&includePrePost=false,2026-07-06T11:08:26.544444+00:00
2026-05-21T03:45:00+00:00,2026-05-21T04:15:00+00:00,30,NIFTY50,^NSEI,23830.05078125,23859.150390625,23728.19921875,23792.599609375,0,Yahoo Finance automated fallback,https://query1.finance.yahoo.com/v8/finance/chart/^NSEI?period1=1778238506&period2=1783336106&interval=30m&events=history&includePrePost=false,2026-07-06T11:08:26.544444+00:00
2026-05-21T04:15:00+00:00,2026-05-21T04:45:00+00:00,30,NIFTY50,^NSEI,23793.150390625,23812.0,23752.94921875,23767.5,0,Yahoo Finance automated fallback,https://query1.finance.yahoo.com/v8/finance/chart/^NSEI?period1=1778238506&period2=1783336106&interval=30m&events=history&includePrePost=false,2026-07-06T11:08:26.544444+00:00
2026-05-21T04:45:00+00:00,2026-05-21T05:15:00+00:00,30,NIFTY50,^NSEI,23767.44921875,23790.55078125,23729.400390625,23763.75,0,Yahoo Finance automated fallback,https://query1.finance.yahoo.com/v8/finance/chart/^NSEI?period1=1778238506&period2=1783336106&interval=30m&events=history&includePrePost=false,2026-07-06T11:08:26.544444+00:00
2026-05-21T05:15:00+00:00,2026-05-21T05:45:00+00:00,30,NIFTY50,^NSEI,23764.80078125,23774.19921875,23695.55078125,23697.55078125,0,Yahoo Finance automated fallback,https://query1.finance.yahoo.com/v8/finance/chart/^NSEI?period1=1778238506&period2=1783336106&interval=30m&events=history&includePrePost=false,2026-07-06T11:08:26.544444+00:00
2026-05-21T05:45:00+00:00,2026-05-21T06:15:00+00:00,30,NIFTY50,^NSEI,23697.05078125,23746.44921875,23640.05078125,23730.44921875,0,Yahoo Finance automated fallback,https://query1.finance.yahoo.com/v8/finance/chart/^NSEI?period1=1778238506&period2=1783336106&interval=30m&events=history&includePrePost=false,2026-07-06T11:08:26.544444+00:00
2026-05-21T06:15:00+00:00,2026-05-21T06:45:00+00:00,30,NIFTY50,^NSEI,23731.150390625,23744.80078125,23704.80078125,23705.69921875,0,Yahoo Finance automated fallback,https://query1.finance.yahoo.com/v8/finance/chart/^NSEI?period1=1778238506&period2=1783336106&interval=30m&events=history&includePrePost=false,2026-07-06T11:08:26.544444+00:00
2026-05-21T06:45:00+00:00,2026-05-21T07:15:00+00:00,30,NIFTY50,^NSEI,23705.05078125,23718.900390625,23607.44921875,23639.80078125,0,Yahoo Finance automated fallback,https://query1.finance.yahoo.com/v8/finance/chart/^NSEI?period1=1778238506&period2=1783336106&interval=30m&events=history&includePrePost=false,2026-07-06T11:08:26.544444+00:00
2026-05-21T07:15:00+00:00,2026-05-21T07:45:00+00:00,30,NIFTY50,^NSEI,23640.099609375,23653.94921875,23596.849609375,23640.55078125,0,Yahoo Finance automated fallback,https://query1.finance.yahoo.com/v8/finance/chart/^NSEI?period1=1778238506&period2=1783336106&interval=30m&events=history&includePrePost=false,2026-07-06T11:08:26.544444+00:00
2026-05-21T07:45:00+00:00,2026-05-21T08:15:00+00:00,30,NIFTY50,^NSEI,23640.69921875,23687.5,23622.75,23681.30078125,0,Yahoo Finance automated fallback,https://query1.finance.yahoo.com/v8/finance/chart/^NSEI?period1=1778238506&period2=1783336106&interval=30m&events=history&includePrePost=false,2026-07-06T11:08:26.544444+00:00
2026-05-21T08:15:00+00:00,2026-05-21T08:45:00+00:00,30,NIFTY50,^NSEI,23681.349609375,23691.80078125,23638.099609375,23651.599609375,0,Yahoo Finance automated fallback,https://query1.finance.yahoo.com/v8/finance/chart/^NSEI?period1=1778238506&period2=1783336106&interval=30m&events=history&includePrePost=false,2026-07-06T11:08:26.544444+00:00
2026-05-21T08:45:00+00:00,2026-05-21T09:15:00+00:00,30,NIFTY50,^NSEI,23652.150390625,23705.400390625,23638.400390625,23671.849609375,0,Yahoo Finance automated fallback,https://query1.finance.yahoo.com/v8/finance/chart/^NSEI?period1=1778238506&period2=1783336106&interval=30m&events=history&includePrePost=false,2026-07-06T11:08:26.544444+00:00
2026-05-21T09:15:00+00:00,2026-05-21T09:45:00+00:00,30,NIFTY50,^NSEI,23671.849609375,23696.599609375,23637.05078125,23639.19921875,0,Yahoo Finance automated fallback,https://query1.finance.yahoo.com/v8/finance/chart/^NSEI?period1=1778238506&period2=1783336106&interval=30m&events=history&includePrePost=false,2026-07-06T11:08:26.544444+00:00
2026-05-21T09:45:00+00:00,2026-05-21T10:15:00+00:00,30,NIFTY50,^NSEI,23639.099609375,23652.44921875,23631.099609375,23648.80078125,0,Yahoo Finance automated fallback,https://query1.finance.yahoo.com/v8/finance/chart/^NSEI?period1=1778238506&period2=1783336106&interval=30m&events=history&includePrePost=false,2026-07-06T11:08:26.544444+00:00
2026-05-22T03:45:00+00:00,2026-05-22T04:15:00+00:00,30,NIFTY50,^NSEI,23676.5,23778.599609375,23675.349609375,23752.94921875,0,Yahoo Finance automated fallback,https://query1.finance.yahoo.com/v8/finance/chart/^NSEI?period1=1778238506&period2=1783336106&interval=30m&events=history&includePrePost=false,2026-07-06T11:08:26.544444+00:00
2026-05-22T04:15:00+00:00,2026-05-22T04:45:00+00:00,30,NIFTY50,^NSEI,23753.30078125,23799.849609375,23739.19921875,23791.69921875,0,Yahoo Finance automated fallback,https://query1.finance.yahoo.com/v8/finance/chart/^NSEI?period1=1778238506&period2=1783336106&interval=30m&events=history&includePrePost=false,2026-07-06T11:08:26.544444+00:00
2026-05-22T04:45:00+00:00,2026-05-22T05:15:00+00:00,30,NIFTY50,^NSEI,23791.650390625,23795.400390625,23759.650390625,23792.69921875,0,Yahoo Finance automated fallback,https://query1.finance.yahoo.com/v8/finance/chart/^NSEI?period1=1778238506&period2=1783336106&interval=30m&events=history&includePrePost=false,2026-07-06T11:08:26.544444+00:00
2026-05-22T05:15:00+00:00,2026-05-22T05:45:00+00:00,30,NIFTY50,^NSEI,23793.0,23797.849609375,23765.94921875,23771.599609375,0,Yahoo Finance automated fallback,https://query1.finance.yahoo.com/v8/finance/chart/^NSEI?period1=1778238506&period2=1783336106&interval=30m&events=history&includePrePost=false,2026-07-06T11:08:26.544444+00:00
2026-05-22T05:45:00+00:00,2026-05-22T06:15:00+00:00,30,NIFTY50,^NSEI,23772.44921875,23808.900390625,23750.05078125,23808.25,0,Yahoo Finance automated fallback,https://query1.finance.yahoo.com/v8/finance/chart/^NSEI?period1=1778238506&period2=1783336106&interval=30m&events=history&includePrePost=false,2026-07-06T11:08:26.544444+00:00
2026-05-22T06:15:00+00:00,2026-05-22T06:45:00+00:00,30,NIFTY50,^NSEI,23807.69921875,23828.25,23789.80078125,23798.599609375,0,Yahoo Finance automated fallback,https://query1.finance.yahoo.com/v8/finance/chart/^NSEI?period1=1778238506&period2=1783336106&interval=30m&events=history&includePrePost=false,2026-07-06T11:08:26.544444+00:00
2026-05-22T06:45:00+00:00,2026-05-22T07:15:00+00:00,30,NIFTY50,^NSEI,23798.400390625,23802.44921875,23758.849609375,23792.599609375,0,Yahoo Finance automated fallback,https://query1.finance.yahoo.com/v8/finance/chart/^NSEI?period1=1778238506&period2=1783336106&interval=30m&events=history&includePrePost=false,2026-07-06T11:08:26.544444+00:00
2026-05-22T07:15:00+00:00,2026-05-22T07:45:00+00:00,30,NIFTY50,^NSEI,23792.94921875,23835.599609375,23789.25,23819.099609375,0,Yahoo Finance automated fallback,https://query1.finance.yahoo.com/v8/finance/chart/^NSEI?period1=1778238506&period2=1783336106&interval=30m&events=history&includePrePost=false,2026-07-06T11:08:26.544444+00:00
2026-05-22T07:45:00+00:00,2026-05-22T08:15:00+00:00,30,NIFTY50,^NSEI,23819.30078125,23822.650390625,23800.80078125,23801.25,0,Yahoo Finance automated fallback,https://query1.finance.yahoo.com/v8/finance/chart/^NSEI?period1=1778238506&period2=1783336106&interval=30m&events=history&includePrePost=false,2026-07-06T11:08:26.544444+00:00
2026-05-22T08:15:00+00:00,2026-05-22T08:45:00+00:00,30,NIFTY50,^NSEI,23801.19921875,23822.69921875,23744.80078125,23778.19921875,0,Yahoo Finance automated fallback,https://query1.finance.yahoo.com/v8/finance/chart/^NSEI?period1=1778238506&period2=1783336106&interval=30m&events=history&includePrePost=false,2026-07-06T11:08:26.544444+00:00
2026-05-22T08:45:00+00:00,2026-05-22T09:15:00+00:00,30,NIFTY50,^NSEI,23778.25,23781.69921875,23707.44921875,23709.05078125,0,Yahoo Finance automated fallback,https://query1.finance.yahoo.com/v8/finance/chart/^NSEI?period1=1778238506&period2=1783336106&interval=30m&events=history&includePrePost=false,2026-07-06T11:08:26.544444+00:00
2026-05-22T09:15:00+00:00,2026-05-22T09:45:00+00:00,30,NIFTY50,^NSEI,23709.44921875,23733.650390625,23698.94921875,23718.150390625,0,Yahoo Finance automated fallback,https://query1.finance.yahoo.com/v8/finance/chart/^NSEI?period1=1778238506&period2=1783336106&interval=30m&events=history&includePrePost=false,2026-07-06T11:08:26.544444+00:00
2026-05-22T09:45:00+00:00,2026-05-22T10:15:00+00:00,30,NIFTY50,^NSEI,23717.69921875,23751.900390625,23717.69921875,23748.849609375,0,Yahoo Finance automated fallback,https://query1.finance.yahoo.com/v8/finance/chart/^NSEI?period1=1778238506&period2=1783336106&interval=30m&events=history&includePrePost=false,2026-07-06T11:08:26.544444+00:00
2026-05-25T03:45:00+00:00,2026-05-25T04:15:00+00:00,30,NIFTY50,^NSEI,23928.25,23988.05078125,23927.75,23947.5,0,Yahoo Finance automated fallback,https://query1.finance.yahoo.com/v8/finance/chart/^NSEI?period1=1778238506&period2=1783336106&interval=30m&events=history&includePrePost=false,2026-07-06T11:08:26.544444+00:00
2026-05-25T04:15:00+00:00,2026-05-25T04:45:00+00:00,30,NIFTY50,^NSEI,23951.44921875,23959.849609375,23924.400390625,23952.05078125,0,Yahoo Finance automated fallback,https://query1.finance.yahoo.com/v8/finance/chart/^NSEI?period1=1778238506&period2=1783336106&interval=30m&events=history&includePrePost=false,2026-07-06T11:08:26.544444+00:00
2026-05-25T04:45:00+00:00,2026-05-25T05:15:00+00:00,30,NIFTY50,^NSEI,23953.849609375,23992.349609375,23952.599609375,23987.400390625,0,Yahoo Finance automated fallback,https://query1.finance.yahoo.com/v8/finance/chart/^NSEI?period1=1778238506&period2=1783336106&interval=30m&events=history&includePrePost=false,2026-07-06T11:08:26.544444+00:00
2026-05-25T05:15:00+00:00,2026-05-25T05:45:00+00:00,30,NIFTY50,^NSEI,23989.0,23995.55078125,23970.650390625,23987.599609375,0,Yahoo Finance automated fallback,https://query1.finance.yahoo.com/v8/finance/chart/^NSEI?period1=1778238506&period2=1783336106&interval=30m&events=history&includePrePost=false,2026-07-06T11:08:26.544444+00:00
2026-05-25T05:45:00+00:00,2026-05-25T06:15:00+00:00,30,NIFTY50,^NSEI,23989.0,23990.44921875,23959.900390625,23980.94921875,0,Yahoo Finance automated fallback,https://query1.finance.yahoo.com/v8/finance/chart/^NSEI?period1=1778238506&period2=1783336106&interval=30m&events=history&includePrePost=false,2026-07-06T11:08:26.544444+00:00
2026-05-25T06:15:00+00:00,2026-05-25T06:45:00+00:00,30,NIFTY50,^NSEI,23982.150390625,23992.69921875,23960.099609375,23963.900390625,0,Yahoo Finance automated fallback,https://query1.finance.yahoo.com/v8/finance/chart/^NSEI?period1=1778238506&period2=1783336106&interval=30m&events=history&includePrePost=false,2026-07-06T11:08:26.544444+00:00
2026-05-25T06:45:00+00:00,2026-05-25T07:15:00+00:00,30,NIFTY50,^NSEI,23965.75,23968.69921875,23952.599609375,23958.55078125,0,Yahoo Finance automated fallback,https://query1.finance.yahoo.com/v8/finance/chart/^NSEI?period1=1778238506&period2=1783336106&interval=30m&events=history&includePrePost=false,2026-07-06T11:08:26.544444+00:00
2026-05-25T07:15:00+00:00,2026-05-25T07:45:00+00:00,30,NIFTY50,^NSEI,23960.05078125,23983.599609375,23935.599609375,23977.19921875,0,Yahoo Finance automated fallback,https://query1.finance.yahoo.com/v8/finance/chart/^NSEI?period1=1778238506&period2=1783336106&interval=30m&events=history&includePrePost=false,2026-07-06T11:08:26.544444+00:00
2026-05-25T07:45:00+00:00,2026-05-25T08:15:00+00:00,30,NIFTY50,^NSEI,23979.099609375,23991.0,23963.80078125,23963.94921875,0,Yahoo Finance automated fallback,https://query1.finance.yahoo.com/v8/finance/chart/^NSEI?period1=1778238506&period2=1783336106&interval=30m&events=history&includePrePost=false,2026-07-06T11:08:26.544444+00:00
2026-05-25T08:15:00+00:00,2026-05-25T08:45:00+00:00,30,NIFTY50,^NSEI,23965.650390625,23978.55078125,23956.69921875,23958.55078125,0,Yahoo Finance automated fallback,https://query1.finance.yahoo.com/v8/finance/chart/^NSEI?period1=1778238506&period2=1783336106&interval=30m&events=history&includePrePost=false,2026-07-06T11:08:26.544444+00:00
2026-05-25T08:45:00+00:00,2026-05-25T09:15:00+00:00,30,NIFTY50,^NSEI,23959.94921875,24009.19921875,23955.25,24007.80078125,0,Yahoo Finance automated fallback,https://query1.finance.yahoo.com/v8/finance/chart/^NSEI?period1=1778238506&period2=1783336106&interval=30m&events=history&includePrePost=false,2026-07-06T11:08:26.544444+00:00
2026-05-25T09:15:00+00:00,2026-05-25T09:45:00+00:00,30,NIFTY50,^NSEI,24009.55078125,24037.80078125,24007.400390625,24035.25,0,Yahoo Finance automated fallback,https://query1.finance.yahoo.com/v8/finance/chart/^NSEI?period1=1778238506&period2=1783336106&interval=30m&events=history&includePrePost=false,2026-07-06T11:08:26.544444+00:00
2026-05-25T09:45:00+00:00,2026-05-25T10:15:00+00:00,30,NIFTY50,^NSEI,24035.849609375,24054.400390625,24021.099609375,24049.900390625,0,Yahoo Finance automated fallback,https://query1.finance.yahoo.com/v8/finance/chart/^NSEI?period1=1778238506&period2=1783336106&interval=30m&events=history&includePrePost=false,2026-07-06T11:08:26.544444+00:00
2026-05-26T03:45:00+00:00,2026-05-26T04:15:00+00:00,30,NIFTY50,^NSEI,23999.44921875,24076.900390625,23966.75,24062.30078125,0,Yahoo Finance automated fallback,https://query1.finance.yahoo.com/v8/finance/chart/^NSEI?period1=1778238506&period2=1783336106&interval=30m&events=history&includePrePost=false,2026-07-06T11:08:26.544444+00:00
2026-05-26T04:15:00+00:00,2026-05-26T04:45:00+00:00,30,NIFTY50,^NSEI,24062.400390625,24065.69921875,24014.55078125,24063.0,0,Yahoo Finance automated fallback,https://query1.finance.yahoo.com/v8/finance/chart/^NSEI?period1=1778238506&period2=1783336106&interval=30m&events=history&includePrePost=false,2026-07-06T11:08:26.544444+00:00
2026-05-26T04:45:00+00:00,2026-05-26T05:15:00+00:00,30,NIFTY50,^NSEI,24063.05078125,24089.55078125,24045.19921875,24073.150390625,0,Yahoo Finance automated fallback,https://query1.finance.yahoo.com/v8/finance/chart/^NSEI?period1=1778238506&period2=1783336106&interval=30m&events=history&includePrePost=false,2026-07-06T11:08:26.544444+00:00
2026-05-26T05:15:00+00:00,2026-05-26T05:45:00+00:00,30,NIFTY50,^NSEI,24073.94921875,24082.650390625,24065.30078125,24069.30078125,0,Yahoo Finance automated fallback,https://query1.finance.yahoo.com/v8/finance/chart/^NSEI?period1=1778238506&period2=1783336106&interval=30m&events=history&includePrePost=false,2026-07-06T11:08:26.544444+00:00
2026-05-26T05:45:00+00:00,2026-05-26T06:15:00+00:00,30,NIFTY50,^NSEI,24068.849609375,24071.900390625,24026.19921875,24063.150390625,0,Yahoo Finance automated fallback,https://query1.finance.yahoo.com/v8/finance/chart/^NSEI?period1=1778238506&period2=1783336106&interval=30m&events=history&includePrePost=false,2026-07-06T11:08:26.544444+00:00
2026-05-26T06:15:00+00:00,2026-05-26T06:45:00+00:00,30,NIFTY50,^NSEI,24062.349609375,24066.94921875,24018.5,24022.099609375,0,Yahoo Finance automated fallback,https://query1.finance.yahoo.com/v8/finance/chart/^NSEI?period1=1778238506&period2=1783336106&interval=30m&events=history&includePrePost=false,2026-07-06T11:08:26.544444+00:00
2026-05-26T06:45:00+00:00,2026-05-26T07:15:00+00:00,30,NIFTY50,^NSEI,24022.30078125,24040.80078125,24006.05078125,24010.150390625,0,Yahoo Finance automated fallback,https://query1.finance.yahoo.com/v8/finance/chart/^NSEI?period1=1778238506&period2=1783336106&interval=30m&events=history&includePrePost=false,2026-07-06T11:08:26.544444+00:00
2026-05-26T07:15:00+00:00,2026-05-26T07:45:00+00:00,30,NIFTY50,^NSEI,24010.0,24012.30078125,23966.19921875,23974.349609375,0,Yahoo Finance automated fallback,https://query1.finance.yahoo.com/v8/finance/chart/^NSEI?period1=1778238506&period2=1783336106&interval=30m&events=history&includePrePost=false,2026-07-06T11:08:26.544444+00:00
2026-05-26T07:45:00+00:00,2026-05-26T08:15:00+00:00,30,NIFTY50,^NSEI,23974.900390625,23999.25,23957.400390625,23958.5,0,Yahoo Finance automated fallback,https://query1.finance.yahoo.com/v8/finance/chart/^NSEI?period1=1778238506&period2=1783336106&interval=30m&events=history&includePrePost=false,2026-07-06T11:08:26.544444+00:00
2026-05-26T08:15:00+00:00,2026-05-26T08:45:00+00:00,30,NIFTY50,^NSEI,23957.19921875,23970.099609375,23910.099609375,23924.19921875,0,Yahoo Finance automated fallback,https://query1.finance.yahoo.com/v8/finance/chart/^NSEI?period1=1778238506&period2=1783336106&interval=30m&events=history&includePrePost=false,2026-07-06T11:08:26.544444+00:00
2026-05-26T08:45:00+00:00,2026-05-26T09:15:00+00:00,30,NIFTY50,^NSEI,23924.25,23940.69921875,23895.650390625,23898.19921875,0,Yahoo Finance automated fallback,https://query1.finance.yahoo.com/v8/finance/chart/^NSEI?period1=1778238506&period2=1783336106&interval=30m&events=history&includePrePost=false,2026-07-06T11:08:26.544444+00:00
2026-05-26T09:15:00+00:00,2026-05-26T09:45:00+00:00,30,NIFTY50,^NSEI,23898.099609375,23931.05078125,23885.44921875,23908.80078125,0,Yahoo Finance automated fallback,https://query1.finance.yahoo.com/v8/finance/chart/^NSEI?period1=1778238506&period2=1783336106&interval=30m&events=history&includePrePost=false,2026-07-06T11:08:26.544444+00:00
2026-05-26T09:45:00+00:00,2026-05-26T10:15:00+00:00,30,NIFTY50,^NSEI,23907.69921875,23940.05078125,23907.150390625,23933.75,0,Yahoo Finance automated fallback,https://query1.finance.yahoo.com/v8/finance/chart/^NSEI?period1=1778238506&period2=1783336106&interval=30m&events=history&includePrePost=false,2026-07-06T11:08:26.544444+00:00
2026-05-27T03:45:00+00:00,2026-05-27T04:15:00+00:00,30,NIFTY50,^NSEI,23880.349609375,23949.69921875,23869.75,23908.30078125,0,Yahoo Finance automated fallback,https://query1.finance.yahoo.com/v8/finance/chart/^NSEI?period1=1778238506&period2=1783336106&interval=30m&events=history&includePrePost=false,2026-07-06T11:08:26.544444+00:00
2026-05-27T04:15:00+00:00,2026-05-27T04:45:00+00:00,30,NIFTY50,^NSEI,23909.650390625,23946.400390625,23868.80078125,23943.25,0,Yahoo Finance automated fallback,https://query1.finance.yahoo.com/v8/finance/chart/^NSEI?period1=1778238506&period2=1783336106&interval=30m&events=history&includePrePost=false,2026-07-06T11:08:26.544444+00:00
2026-05-27T04:45:00+00:00,2026-05-27T05:15:00+00:00,30,NIFTY50,^NSEI,23942.80078125,23970.69921875,23934.44921875,23935.94921875,0,Yahoo Finance automated fallback,https://query1.finance.yahoo.com/v8/finance/chart/^NSEI?period1=1778238506&period2=1783336106&interval=30m&events=history&includePrePost=false,2026-07-06T11:08:26.544444+00:00
2026-05-27T05:15:00+00:00,2026-05-27T05:45:00+00:00,30,NIFTY50,^NSEI,23936.19921875,23976.349609375,23918.900390625,23961.94921875,0,Yahoo Finance automated fallback,https://query1.finance.yahoo.com/v8/finance/chart/^NSEI?period1=1778238506&period2=1783336106&interval=30m&events=history&includePrePost=false,2026-07-06T11:08:26.544444+00:00
2026-05-27T05:45:00+00:00,2026-05-27T06:15:00+00:00,30,NIFTY50,^NSEI,23961.900390625,23983.0,23947.0,23954.30078125,0,Yahoo Finance automated fallback,https://query1.finance.yahoo.com/v8/finance/chart/^NSEI?period1=1778238506&period2=1783336106&interval=30m&events=history&includePrePost=false,2026-07-06T11:08:26.544444+00:00
2026-05-27T06:15:00+00:00,2026-05-27T06:45:00+00:00,30,NIFTY50,^NSEI,23953.5,23963.599609375,23918.349609375,23921.900390625,0,Yahoo Finance automated fallback,https://query1.finance.yahoo.com/v8/finance/chart/^NSEI?period1=1778238506&period2=1783336106&interval=30m&events=history&includePrePost=false,2026-07-06T11:08:26.544444+00:00
2026-05-27T06:45:00+00:00,2026-05-27T07:15:00+00:00,30,NIFTY50,^NSEI,23922.55078125,23940.849609375,23902.44921875,23936.30078125,0,Yahoo Finance automated fallback,https://query1.finance.yahoo.com/v8/finance/chart/^NSEI?period1=1778238506&period2=1783336106&interval=30m&events=history&includePrePost=false,2026-07-06T11:08:26.544444+00:00
2026-05-27T07:15:00+00:00,2026-05-27T07:45:00+00:00,30,NIFTY50,^NSEI,23936.099609375,23936.349609375,23895.0,23898.150390625,0,Yahoo Finance automated fallback,https://query1.finance.yahoo.com/v8/finance/chart/^NSEI?period1=1778238506&period2=1783336106&interval=30m&events=history&includePrePost=false,2026-07-06T11:08:26.544444+00:00
2026-05-27T07:45:00+00:00,2026-05-27T08:15:00+00:00,30,NIFTY50,^NSEI,23897.150390625,23915.150390625,23884.150390625,23891.55078125,0,Yahoo Finance automated fallback,https://query1.finance.yahoo.com/v8/finance/chart/^NSEI?period1=1778238506&period2=1783336106&interval=30m&events=history&includePrePost=false,2026-07-06T11:08:26.544444+00:00
2026-05-27T08:15:00+00:00,2026-05-27T08:45:00+00:00,30,NIFTY50,^NSEI,23891.25,23924.099609375,23882.05078125,23896.0,0,Yahoo Finance automated fallback,https://query1.finance.yahoo.com/v8/finance/chart/^NSEI?period1=1778238506&period2=1783336106&interval=30m&events=history&includePrePost=false,2026-07-06T11:08:26.544444+00:00
2026-05-27T08:45:00+00:00,2026-05-27T09:15:00+00:00,30,NIFTY50,^NSEI,23895.94921875,23922.25,23858.55078125,23875.05078125,0,Yahoo Finance automated fallback,https://query1.finance.yahoo.com/v8/finance/chart/^NSEI?period1=1778238506&period2=1783336106&interval=30m&events=history&includePrePost=false,2026-07-06T11:08:26.544444+00:00
2026-05-27T09:15:00+00:00,2026-05-27T09:45:00+00:00,30,NIFTY50,^NSEI,23875.400390625,23906.44921875,23866.94921875,23902.80078125,0,Yahoo Finance automated fallback,https://query1.finance.yahoo.com/v8/finance/chart/^NSEI?period1=1778238506&period2=1783336106&interval=30m&events=history&includePrePost=false,2026-07-06T11:08:26.544444+00:00
2026-05-27T09:45:00+00:00,2026-05-27T10:15:00+00:00,30,NIFTY50,^NSEI,23903.80078125,23926.849609375,23902.5,23921.599609375,0,Yahoo Finance automated fallback,https://query1.finance.yahoo.com/v8/finance/chart/^NSEI?period1=1778238506&period2=1783336106&interval=30m&events=history&includePrePost=false,2026-07-06T11:08:26.544444+00:00
2026-05-29T03:45:00+00:00,2026-05-29T04:15:00+00:00,30,NIFTY50,^NSEI,23903.400390625,23998.69921875,23872.900390625,23875.75,0,Yahoo Finance automated fallback,https://query1.finance.yahoo.com/v8/finance/chart/^NSEI?period1=1778238506&period2=1783336106&interval=30m&events=history&includePrePost=false,2026-07-06T11:08:26.544444+00:00
2026-05-29T04:15:00+00:00,2026-05-29T04:45:00+00:00,30,NIFTY50,^NSEI,23875.80078125,23954.5,23871.19921875,23945.69921875,0,Yahoo Finance automated fallback,https://query1.finance.yahoo.com/v8/finance/chart/^NSEI?period1=1778238506&period2=1783336106&interval=30m&events=history&includePrePost=false,2026-07-06T11:08:26.544444+00:00
2026-05-29T04:45:00+00:00,2026-05-29T05:15:00+00:00,30,NIFTY50,^NSEI,23946.099609375,23951.900390625,23900.44921875,23900.650390625,0,Yahoo Finance automated fallback,https://query1.finance.yahoo.com/v8/finance/chart/^NSEI?period1=1778238506&period2=1783336106&interval=30m&events=history&includePrePost=false,2026-07-06T11:08:26.544444+00:00
2026-05-29T05:15:00+00:00,2026-05-29T05:45:00+00:00,30,NIFTY50,^NSEI,23900.900390625,23912.69921875,23877.650390625,23896.849609375,0,Yahoo Finance automated fallback,https://query1.finance.yahoo.com/v8/finance/chart/^NSEI?period1=1778238506&period2=1783336106&interval=30m&events=history&includePrePost=false,2026-07-06T11:08:26.544444+00:00
2026-05-29T05:45:00+00:00,2026-05-29T06:15:00+00:00,30,NIFTY50,^NSEI,23895.80078125,23910.150390625,23875.349609375,23885.900390625,0,Yahoo Finance automated fallback,https://query1.finance.yahoo.com/v8/finance/chart/^NSEI?period1=1778238506&period2=1783336106&interval=30m&events=history&includePrePost=false,2026-07-06T11:08:26.544444+00:00
2026-05-29T06:15:00+00:00,2026-05-29T06:45:00+00:00,30,NIFTY50,^NSEI,23885.55078125,23914.0,23825.94921875,23835.69921875,0,Yahoo Finance automated fallback,https://query1.finance.yahoo.com/v8/finance/chart/^NSEI?period1=1778238506&period2=1783336106&interval=30m&events=history&includePrePost=false,2026-07-06T11:08:26.544444+00:00
2026-05-29T06:45:00+00:00,2026-05-29T07:15:00+00:00,30,NIFTY50,^NSEI,23835.94921875,23859.05078125,23815.099609375,23849.900390625,0,Yahoo Finance automated fallback,https://query1.finance.yahoo.com/v8/finance/chart/^NSEI?period1=1778238506&period2=1783336106&interval=30m&events=history&includePrePost=false,2026-07-06T11:08:26.544444+00:00
2026-05-29T07:15:00+00:00,2026-05-29T07:45:00+00:00,30,NIFTY50,^NSEI,23849.849609375,23855.25,23769.25,23769.25,0,Yahoo Finance automated fallback,https://query1.finance.yahoo.com/v8/finance/chart/^NSEI?period1=1778238506&period2=1783336106&interval=30m&events=history&includePrePost=false,2026-07-06T11:08:26.544444+00:00
2026-05-29T07:45:00+00:00,2026-05-29T08:15:00+00:00,30,NIFTY50,^NSEI,23769.650390625,23789.5,23759.94921875,23773.400390625,0,Yahoo Finance automated fallback,https://query1.finance.yahoo.com/v8/finance/chart/^NSEI?period1=1778238506&period2=1783336106&interval=30m&events=history&includePrePost=false,2026-07-06T11:08:26.544444+00:00
2026-05-29T08:15:00+00:00,2026-05-29T08:45:00+00:00,30,NIFTY50,^NSEI,23773.150390625,23775.099609375,23731.5,23744.44921875,0,Yahoo Finance automated fallback,https://query1.finance.yahoo.com/v8/finance/chart/^NSEI?period1=1778238506&period2=1783336106&interval=30m&events=history&includePrePost=false,2026-07-06T11:08:26.544444+00:00
2026-05-29T08:45:00+00:00,2026-05-29T09:15:00+00:00,30,NIFTY50,^NSEI,23743.80078125,23802.05078125,23731.55078125,23786.099609375,0,Yahoo Finance automated fallback,https://query1.finance.yahoo.com/v8/finance/chart/^NSEI?period1=1778238506&period2=1783336106&interval=30m&events=history&includePrePost=false,2026-07-06T11:08:26.544444+00:00
2026-05-29T09:15:00+00:00,2026-05-29T09:45:00+00:00,30,NIFTY50,^NSEI,23786.75,23795.30078125,23506.349609375,23528.69921875,0,Yahoo Finance automated fallback,https://query1.finance.yahoo.com/v8/finance/chart/^NSEI?period1=1778238506&period2=1783336106&interval=30m&events=history&includePrePost=false,2026-07-06T11:08:26.544444+00:00
2026-05-29T09:45:00+00:00,2026-05-29T10:15:00+00:00,30,NIFTY50,^NSEI,23527.19921875,23618.0,23486.599609375,23609.30078125,0,Yahoo Finance automated fallback,https://query1.finance.yahoo.com/v8/finance/chart/^NSEI?period1=1778238506&period2=1783336106&interval=30m&events=history&includePrePost=false,2026-07-06T11:08:26.544444+00:00
2026-06-01T03:45:00+00:00,2026-06-01T04:15:00+00:00,30,NIFTY50,^NSEI,23664.19921875,23727.650390625,23566.25,23576.150390625,0,Yahoo Finance automated fallback,https://query1.finance.yahoo.com/v8/finance/chart/^NSEI?period1=1778238506&period2=1783336106&interval=30m&events=history&includePrePost=false,2026-07-06T11:08:26.544444+00:00
2026-06-01T04:15:00+00:00,2026-06-01T04:45:00+00:00,30,NIFTY50,^NSEI,23575.349609375,23595.400390625,23537.05078125,23553.150390625,0,Yahoo Finance automated fallback,https://query1.finance.yahoo.com/v8/finance/chart/^NSEI?period1=1778238506&period2=1783336106&interval=30m&events=history&includePrePost=false,2026-07-06T11:08:26.544444+00:00
2026-06-01T04:45:00+00:00,2026-06-01T05:15:00+00:00,30,NIFTY50,^NSEI,23552.69921875,23566.400390625,23518.19921875,23538.25,0,Yahoo Finance automated fallback,https://query1.finance.yahoo.com/v8/finance/chart/^NSEI?period1=1778238506&period2=1783336106&interval=30m&events=history&includePrePost=false,2026-07-06T11:08:26.544444+00:00
2026-06-01T05:15:00+00:00,2026-06-01T05:45:00+00:00,30,NIFTY50,^NSEI,23538.19921875,23615.5,23537.0,23606.19921875,0,Yahoo Finance automated fallback,https://query1.finance.yahoo.com/v8/finance/chart/^NSEI?period1=1778238506&period2=1783336106&interval=30m&events=history&includePrePost=false,2026-07-06T11:08:26.544444+00:00
2026-06-01T05:45:00+00:00,2026-06-01T06:15:00+00:00,30,NIFTY50,^NSEI,23605.400390625,23619.19921875,23539.0,23550.0,0,Yahoo Finance automated fallback,https://query1.finance.yahoo.com/v8/finance/chart/^NSEI?period1=1778238506&period2=1783336106&interval=30m&events=history&includePrePost=false,2026-07-06T11:08:26.544444+00:00
2026-06-01T06:15:00+00:00,2026-06-01T06:45:00+00:00,30,NIFTY50,^NSEI,23549.75,23562.19921875,23486.650390625,23530.0,0,Yahoo Finance automated fallback,https://query1.finance.yahoo.com/v8/finance/chart/^NSEI?period1=1778238506&period2=1783336106&interval=30m&events=history&includePrePost=false,2026-07-06T11:08:26.544444+00:00
2026-06-01T06:45:00+00:00,2026-06-01T07:15:00+00:00,30,NIFTY50,^NSEI,23529.349609375,23533.150390625,23502.94921875,23515.849609375,0,Yahoo Finance automated fallback,https://query1.finance.yahoo.com/v8/finance/chart/^NSEI?period1=1778238506&period2=1783336106&interval=30m&events=history&includePrePost=false,2026-07-06T11:08:26.544444+00:00
2026-06-01T07:15:00+00:00,2026-06-01T07:45:00+00:00,30,NIFTY50,^NSEI,23515.05078125,23536.94921875,23453.25,23460.650390625,0,Yahoo Finance automated fallback,https://query1.finance.yahoo.com/v8/finance/chart/^NSEI?period1=1778238506&period2=1783336106&interval=30m&events=history&includePrePost=false,2026-07-06T11:08:26.544444+00:00
2026-06-01T07:45:00+00:00,2026-06-01T08:15:00+00:00,30,NIFTY50,^NSEI,23459.94921875,23500.400390625,23458.150390625,23482.94921875,0,Yahoo Finance automated fallback,https://query1.finance.yahoo.com/v8/finance/chart/^NSEI?period1=1778238506&period2=1783336106&interval=30m&events=history&includePrePost=false,2026-07-06T11:08:26.544444+00:00
2026-06-01T08:15:00+00:00,2026-06-01T08:45:00+00:00,30,NIFTY50,^NSEI,23481.849609375,23483.55078125,23413.25,23416.94921875,0,Yahoo Finance automated fallback,https://query1.finance.yahoo.com/v8/finance/chart/^NSEI?period1=1778238506&period2=1783336106&interval=30m&events=history&includePrePost=false,2026-07-06T11:08:26.544444+00:00
2026-06-01T08:45:00+00:00,2026-06-01T09:15:00+00:00,30,NIFTY50,^NSEI,23417.05078125,23428.30078125,23380.30078125,23416.30078125,0,Yahoo Finance automated fallback,https://query1.finance.yahoo.com/v8/finance/chart/^NSEI?period1=1778238506&period2=1783336106&interval=30m&events=history&includePrePost=false,2026-07-06T11:08:26.544444+00:00
2026-06-01T09:15:00+00:00,2026-06-01T09:45:00+00:00,30,NIFTY50,^NSEI,23417.30078125,23427.349609375,23358.150390625,23389.25,0,Yahoo Finance automated fallback,https://query1.finance.yahoo.com/v8/finance/chart/^NSEI?period1=1778238506&period2=1783336106&interval=30m&events=history&includePrePost=false,2026-07-06T11:08:26.544444+00:00
2026-06-01T09:45:00+00:00,2026-06-01T10:15:00+00:00,30,NIFTY50,^NSEI,23389.400390625,23402.80078125,23362.80078125,23379.19921875,0,Yahoo Finance automated fallback,https://query1.finance.yahoo.com/v8/finance/chart/^NSEI?period1=1778238506&period2=1783336106&interval=30m&events=history&includePrePost=false,2026-07-06T11:08:26.544444+00:00
2026-06-02T03:45:00+00:00,2026-06-02T04:15:00+00:00,30,NIFTY50,^NSEI,23229.150390625,23306.94921875,23229.150390625,23301.849609375,0,Yahoo Finance automated fallback,https://query1.finance.yahoo.com/v8/finance/chart/^NSEI?period1=1778238506&period2=1783336106&interval=30m&events=history&includePrePost=false,2026-07-06T11:08:26.544444+00:00
2026-06-02T04:15:00+00:00,2026-06-02T04:45:00+00:00,30,NIFTY50,^NSEI,23301.69921875,23324.650390625,23270.94921875,23281.44921875,0,Yahoo Finance automated fallback,https://query1.finance.yahoo.com/v8/finance/chart/^NSEI?period1=1778238506&period2=1783336106&interval=30m&events=history&includePrePost=false,2026-07-06T11:08:26.544444+00:00
2026-06-02T04:45:00+00:00,2026-06-02T05:15:00+00:00,30,NIFTY50,^NSEI,23281.400390625,23375.900390625,23265.650390625,23352.44921875,0,Yahoo Finance automated fallback,https://query1.finance.yahoo.com/v8/finance/chart/^NSEI?period1=1778238506&period2=1783336106&interval=30m&events=history&includePrePost=false,2026-07-06T11:08:26.544444+00:00
2026-06-02T05:15:00+00:00,2026-06-02T05:45:00+00:00,30,NIFTY50,^NSEI,23352.349609375,23352.349609375,23281.55078125,23310.30078125,0,Yahoo Finance automated fallback,https://query1.finance.yahoo.com/v8/finance/chart/^NSEI?period1=1778238506&period2=1783336106&interval=30m&events=history&includePrePost=false,2026-07-06T11:08:26.544444+00:00
2026-06-02T05:45:00+00:00,2026-06-02T06:15:00+00:00,30,NIFTY50,^NSEI,23309.650390625,23363.94921875,23290.5,23298.0,0,Yahoo Finance automated fallback,https://query1.finance.yahoo.com/v8/finance/chart/^NSEI?period1=1778238506&period2=1783336106&interval=30m&events=history&includePrePost=false,2026-07-06T11:08:26.544444+00:00
2026-06-02T06:15:00+00:00,2026-06-02T06:45:00+00:00,30,NIFTY50,^NSEI,23298.30078125,23310.69921875,23276.599609375,23279.80078125,0,Yahoo Finance automated fallback,https://query1.finance.yahoo.com/v8/finance/chart/^NSEI?period1=1778238506&period2=1783336106&interval=30m&events=history&includePrePost=false,2026-07-06T11:08:26.544444+00:00
2026-06-02T06:45:00+00:00,2026-06-02T07:15:00+00:00,30,NIFTY50,^NSEI,23279.30078125,23374.599609375,23270.94921875,23371.55078125,0,Yahoo Finance automated fallback,https://query1.finance.yahoo.com/v8/finance/chart/^NSEI?period1=1778238506&period2=1783336106&interval=30m&events=history&includePrePost=false,2026-07-06T11:08:26.544444+00:00
2026-06-02T07:15:00+00:00,2026-06-02T07:45:00+00:00,30,NIFTY50,^NSEI,23371.30078125,23498.099609375,23370.599609375,23473.75,0,Yahoo Finance automated fallback,https://query1.finance.yahoo.com/v8/finance/chart/^NSEI?period1=1778238506&period2=1783336106&interval=30m&events=history&includePrePost=false,2026-07-06T11:08:26.544444+00:00
2026-06-02T07:45:00+00:00,2026-06-02T08:15:00+00:00,30,NIFTY50,^NSEI,23474.25,23534.44921875,23456.80078125,23500.349609375,0,Yahoo Finance automated fallback,https://query1.finance.yahoo.com/v8/finance/chart/^NSEI?period1=1778238506&period2=1783336106&interval=30m&events=history&includePrePost=false,2026-07-06T11:08:26.544444+00:00
2026-06-02T08:15:00+00:00,2026-06-02T08:45:00+00:00,30,NIFTY50,^NSEI,23500.5,23546.650390625,23500.25,23539.5,0,Yahoo Finance automated fallback,https://query1.finance.yahoo.com/v8/finance/chart/^NSEI?period1=1778238506&period2=1783336106&interval=30m&events=history&includePrePost=false,2026-07-06T11:08:26.544444+00:00
2026-06-02T08:45:00+00:00,2026-06-02T09:15:00+00:00,30,NIFTY50,^NSEI,23539.650390625,23556.599609375,23443.94921875,23453.0,0,Yahoo Finance automated fallback,https://query1.finance.yahoo.com/v8/finance/chart/^NSEI?period1=1778238506&period2=1783336106&interval=30m&events=history&includePrePost=false,2026-07-06T11:08:26.544444+00:00
2026-06-02T09:15:00+00:00,2026-06-02T09:45:00+00:00,30,NIFTY50,^NSEI,23452.349609375,23500.150390625,23422.650390625,23490.0,0,Yahoo Finance automated fallback,https://query1.finance.yahoo.com/v8/finance/chart/^NSEI?period1=1778238506&period2=1783336106&interval=30m&events=history&includePrePost=false,2026-07-06T11:08:26.544444+00:00
2026-06-02T09:45:00+00:00,2026-06-02T10:15:00+00:00,30,NIFTY50,^NSEI,23489.80078125,23525.69921875,23488.55078125,23520.69921875,0,Yahoo Finance automated fallback,https://query1.finance.yahoo.com/v8/finance/chart/^NSEI?period1=1778238506&period2=1783336106&interval=30m&events=history&includePrePost=false,2026-07-06T11:08:26.544444+00:00
2026-06-03T03:45:00+00:00,2026-06-03T04:15:00+00:00,30,NIFTY50,^NSEI,23415.94921875,23442.400390625,23244.849609375,23268.94921875,0,Yahoo Finance automated fallback,https://query1.finance.yahoo.com/v8/finance/chart/^NSEI?period1=1778238506&period2=1783336106&interval=30m&events=history&includePrePost=false,2026-07-06T11:08:26.544444+00:00
2026-06-03T04:15:00+00:00,2026-06-03T04:45:00+00:00,30,NIFTY50,^NSEI,23269.05078125,23299.55078125,23225.650390625,23240.5,0,Yahoo Finance automated fallback,https://query1.finance.yahoo.com/v8/finance/chart/^NSEI?period1=1778238506&period2=1783336106&interval=30m&events=history&includePrePost=false,2026-07-06T11:08:26.544444+00:00
2026-06-03T04:45:00+00:00,2026-06-03T05:15:00+00:00,30,NIFTY50,^NSEI,23240.44921875,23283.19921875,23212.349609375,23227.150390625,0,Yahoo Finance automated fallback,https://query1.finance.yahoo.com/v8/finance/chart/^NSEI?period1=1778238506&period2=1783336106&interval=30m&events=history&includePrePost=false,2026-07-06T11:08:26.544444+00:00
2026-06-03T05:15:00+00:00,2026-06-03T05:45:00+00:00,30,NIFTY50,^NSEI,23227.55078125,23244.25,23194.80078125,23202.849609375,0,Yahoo Finance automated fallback,https://query1.finance.yahoo.com/v8/finance/chart/^NSEI?period1=1778238506&period2=1783336106&interval=30m&events=history&includePrePost=false,2026-07-06T11:08:26.544444+00:00
2026-06-03T05:45:00+00:00,2026-06-03T06:15:00+00:00,30,NIFTY50,^NSEI,23203.599609375,23244.849609375,23198.80078125,23214.19921875,0,Yahoo Finance automated fallback,https://query1.finance.yahoo.com/v8/finance/chart/^NSEI?period1=1778238506&period2=1783336106&interval=30m&events=history&includePrePost=false,2026-07-06T11:08:26.544444+00:00
2026-06-03T06:15:00+00:00,2026-06-03T06:45:00+00:00,30,NIFTY50,^NSEI,23215.05078125,23225.900390625,23152.150390625,23180.69921875,0,Yahoo Finance automated fallback,https://query1.finance.yahoo.com/v8/finance/chart/^NSEI?period1=1778238506&period2=1783336106&interval=30m&events=history&includePrePost=false,2026-07-06T11:08:26.544444+00:00
2026-06-03T06:45:00+00:00,2026-06-03T07:15:00+00:00,30,NIFTY50,^NSEI,23181.25,23347.55078125,23176.55078125,23323.0,0,Yahoo Finance automated fallback,https://query1.finance.yahoo.com/v8/finance/chart/^NSEI?period1=1778238506&period2=1783336106&interval=30m&events=history&includePrePost=false,2026-07-06T11:08:26.544444+00:00
2026-06-03T07:15:00+00:00,2026-06-03T07:45:00+00:00,30,NIFTY50,^NSEI,23325.150390625,23331.55078125,23271.94921875,23298.349609375,0,Yahoo Finance automated fallback,https://query1.finance.yahoo.com/v8/finance/chart/^NSEI?period1=1778238506&period2=1783336106&interval=30m&events=history&includePrePost=false,2026-07-06T11:08:26.544444+00:00
2026-06-03T07:45:00+00:00,2026-06-03T08:15:00+00:00,30,NIFTY50,^NSEI,23302.94921875,23352.80078125,23300.30078125,23320.599609375,0,Yahoo Finance automated fallback,https://query1.finance.yahoo.com/v8/finance/chart/^NSEI?period1=1778238506&period2=1783336106&interval=30m&events=history&includePrePost=false,2026-07-06T11:08:26.544444+00:00
2026-06-03T08:15:00+00:00,2026-06-03T08:45:00+00:00,30,NIFTY50,^NSEI,23322.25,23427.05078125,23321.349609375,23388.19921875,0,Yahoo Finance automated fallback,https://query1.finance.yahoo.com/v8/finance/chart/^NSEI?period1=1778238506&period2=1783336106&interval=30m&events=history&includePrePost=false,2026-07-06T11:08:26.544444+00:00
2026-06-03T08:45:00+00:00,2026-06-03T09:15:00+00:00,30,NIFTY50,^NSEI,23388.30078125,23445.19921875,23387.5,23439.80078125,0,Yahoo Finance automated fallback,https://query1.finance.yahoo.com/v8/finance/chart/^NSEI?period1=1778238506&period2=1783336106&interval=30m&events=history&includePrePost=false,2026-07-06T11:08:26.544444+00:00
2026-06-03T09:15:00+00:00,2026-06-03T09:45:00+00:00,30,NIFTY50,^NSEI,23440.099609375,23459.349609375,23373.900390625,23395.849609375,0,Yahoo Finance automated fallback,https://query1.finance.yahoo.com/v8/finance/chart/^NSEI?period1=1778238506&period2=1783336106&interval=30m&events=history&includePrePost=false,2026-07-06T11:08:26.544444+00:00
2026-06-03T09:45:00+00:00,2026-06-03T10:15:00+00:00,30,NIFTY50,^NSEI,23396.099609375,23411.30078125,23389.0,23396.94921875,0,Yahoo Finance automated fallback,https://query1.finance.yahoo.com/v8/finance/chart/^NSEI?period1=1778238506&period2=1783336106&interval=30m&events=history&includePrePost=false,2026-07-06T11:08:26.544444+00:00
2026-06-04T03:45:00+00:00,2026-06-04T04:15:00+00:00,30,NIFTY50,^NSEI,23287.69921875,23366.599609375,23249.599609375,23355.349609375,0,Yahoo Finance automated fallback,https://query1.finance.yahoo.com/v8/finance/chart/^NSEI?period1=1778238506&period2=1783336106&interval=30m&events=history&includePrePost=false,2026-07-06T11:08:26.544444+00:00
2026-06-04T04:15:00+00:00,2026-06-04T04:45:00+00:00,30,NIFTY50,^NSEI,23355.5,23443.69921875,23355.5,23431.349609375,0,Yahoo Finance automated fallback,https://query1.finance.yahoo.com/v8/finance/chart/^NSEI?period1=1778238506&period2=1783336106&interval=30m&events=history&includePrePost=false,2026-07-06T11:08:26.544444+00:00
2026-06-04T04:45:00+00:00,2026-06-04T05:15:00+00:00,30,NIFTY50,^NSEI,23431.900390625,23449.80078125,23375.55078125,23410.650390625,0,Yahoo Finance automated fallback,https://query1.finance.yahoo.com/v8/finance/chart/^NSEI?period1=1778238506&period2=1783336106&interval=30m&events=history&includePrePost=false,2026-07-06T11:08:26.544444+00:00
2026-06-04T05:15:00+00:00,2026-06-04T05:45:00+00:00,30,NIFTY50,^NSEI,23411.05078125,23446.44921875,23374.80078125,23401.849609375,0,Yahoo Finance automated fallback,https://query1.finance.yahoo.com/v8/finance/chart/^NSEI?period1=1778238506&period2=1783336106&interval=30m&events=history&includePrePost=false,2026-07-06T11:08:26.544444+00:00
2026-06-04T05:45:00+00:00,2026-06-04T06:15:00+00:00,30,NIFTY50,^NSEI,23402.05078125,23461.94921875,23359.44921875,23443.650390625,0,Yahoo Finance automated fallback,https://query1.finance.yahoo.com/v8/finance/chart/^NSEI?period1=1778238506&period2=1783336106&interval=30m&events=history&includePrePost=false,2026-07-06T11:08:26.544444+00:00
2026-06-04T06:15:00+00:00,2026-06-04T06:45:00+00:00,30,NIFTY50,^NSEI,23443.75,23451.650390625,23397.0,23439.69921875,0,Yahoo Finance automated fallback,https://query1.finance.yahoo.com/v8/finance/chart/^NSEI?period1=1778238506&period2=1783336106&interval=30m&events=history&includePrePost=false,2026-07-06T11:08:26.544444+00:00
2026-06-04T06:45:00+00:00,2026-06-04T07:15:00+00:00,30,NIFTY50,^NSEI,23439.25,23450.0,23381.30078125,23385.349609375,0,Yahoo Finance automated fallback,https://query1.finance.yahoo.com/v8/finance/chart/^NSEI?period1=1778238506&period2=1783336106&interval=30m&events=history&includePrePost=false,2026-07-06T11:08:26.544444+00:00
2026-06-04T07:15:00+00:00,2026-06-04T07:45:00+00:00,30,NIFTY50,^NSEI,23384.44921875,23422.0,23332.80078125,23334.25,0,Yahoo Finance automated fallback,https://query1.finance.yahoo.com/v8/finance/chart/^NSEI?period1=1778238506&period2=1783336106&interval=30m&events=history&includePrePost=false,2026-07-06T11:08:26.544444+00:00
2026-06-04T07:45:00+00:00,2026-06-04T08:15:00+00:00,30,NIFTY50,^NSEI,23333.650390625,23375.25,23313.150390625,23361.5,0,Yahoo Finance automated fallback,https://query1.finance.yahoo.com/v8/finance/chart/^NSEI?period1=1778238506&period2=1783336106&interval=30m&events=history&includePrePost=false,2026-07-06T11:08:26.544444+00:00
2026-06-04T08:15:00+00:00,2026-06-04T08:45:00+00:00,30,NIFTY50,^NSEI,23360.900390625,23433.75,23350.25,23413.900390625,0,Yahoo Finance automated fallback,https://query1.finance.yahoo.com/v8/finance/chart/^NSEI?period1=1778238506&period2=1783336106&interval=30m&events=history&includePrePost=false,2026-07-06T11:08:26.544444+00:00
2026-06-04T08:45:00+00:00,2026-06-04T09:15:00+00:00,30,NIFTY50,^NSEI,23414.30078125,23452.849609375,23405.900390625,23433.19921875,0,Yahoo Finance automated fallback,https://query1.finance.yahoo.com/v8/finance/chart/^NSEI?period1=1778238506&period2=1783336106&interval=30m&events=history&includePrePost=false,2026-07-06T11:08:26.544444+00:00
2026-06-04T09:15:00+00:00,2026-06-04T09:45:00+00:00,30,NIFTY50,^NSEI,23433.30078125,23465.150390625,23385.30078125,23418.05078125,0,Yahoo Finance automated fallback,https://query1.finance.yahoo.com/v8/finance/chart/^NSEI?period1=1778238506&period2=1783336106&interval=30m&events=history&includePrePost=false,2026-07-06T11:08:26.544444+00:00
2026-06-04T09:45:00+00:00,2026-06-04T10:15:00+00:00,30,NIFTY50,^NSEI,23417.05078125,23446.80078125,23411.69921875,23438.0,0,Yahoo Finance automated fallback,https://query1.finance.yahoo.com/v8/finance/chart/^NSEI?period1=1778238506&period2=1783336106&interval=30m&events=history&includePrePost=false,2026-07-06T11:08:26.544444+00:00
2026-06-05T03:45:00+00:00,2026-06-05T04:15:00+00:00,30,NIFTY50,^NSEI,23483.349609375,23513.650390625,23440.19921875,23476.099609375,0,Yahoo Finance automated fallback,https://query1.finance.yahoo.com/v8/finance/chart/^NSEI?period1=1778238506&period2=1783336106&interval=30m&events=history&includePrePost=false,2026-07-06T11:08:26.544444+00:00
2026-06-05T04:15:00+00:00,2026-06-05T04:45:00+00:00,30,NIFTY50,^NSEI,23476.05078125,23512.650390625,23424.25,23468.5,0,Yahoo Finance automated fallback,https://query1.finance.yahoo.com/v8/finance/chart/^NSEI?period1=1778238506&period2=1783336106&interval=30m&events=history&includePrePost=false,2026-07-06T11:08:26.544444+00:00
2026-06-05T04:45:00+00:00,2026-06-05T05:15:00+00:00,30,NIFTY50,^NSEI,23467.69921875,23497.5,23342.25,23359.75,0,Yahoo Finance automated fallback,https://query1.finance.yahoo.com/v8/finance/chart/^NSEI?period1=1778238506&period2=1783336106&interval=30m&events=history&includePrePost=false,2026-07-06T11:08:26.544444+00:00
2026-06-05T05:15:00+00:00,2026-06-05T05:45:00+00:00,30,NIFTY50,^NSEI,23360.19921875,23494.80078125,23332.05078125,23444.400390625,0,Yahoo Finance automated fallback,https://query1.finance.yahoo.com/v8/finance/chart/^NSEI?period1=1778238506&period2=1783336106&interval=30m&events=history&includePrePost=false,2026-07-06T11:08:26.544444+00:00
2026-06-05T05:45:00+00:00,2026-06-05T06:15:00+00:00,30,NIFTY50,^NSEI,23443.94921875,23452.19921875,23393.099609375,23422.80078125,0,Yahoo Finance automated fallback,https://query1.finance.yahoo.com/v8/finance/chart/^NSEI?period1=1778238506&period2=1783336106&interval=30m&events=history&includePrePost=false,2026-07-06T11:08:26.544444+00:00
2026-06-05T06:15:00+00:00,2026-06-05T06:45:00+00:00,30,NIFTY50,^NSEI,23424.349609375,23441.44921875,23396.94921875,23439.5,0,Yahoo Finance automated fallback,https://query1.finance.yahoo.com/v8/finance/chart/^NSEI?period1=1778238506&period2=1783336106&interval=30m&events=history&includePrePost=false,2026-07-06T11:08:26.544444+00:00
2026-06-05T06:45:00+00:00,2026-06-05T07:15:00+00:00,30,NIFTY50,^NSEI,23439.75,23455.25,23367.30078125,23374.650390625,0,Yahoo Finance automated fallback,https://query1.finance.yahoo.com/v8/finance/chart/^NSEI?period1=1778238506&period2=1783336106&interval=30m&events=history&includePrePost=false,2026-07-06T11:08:26.544444+00:00
2026-06-05T07:15:00+00:00,2026-06-05T07:45:00+00:00,30,NIFTY50,^NSEI,23374.900390625,23388.25,23333.80078125,23337.5,0,Yahoo Finance automated fallback,https://query1.finance.yahoo.com/v8/finance/chart/^NSEI?period1=1778238506&period2=1783336106&interval=30m&events=history&includePrePost=false,2026-07-06T11:08:26.544444+00:00
2026-06-05T07:45:00+00:00,2026-06-05T08:15:00+00:00,30,NIFTY50,^NSEI,23337.94921875,23360.80078125,23282.80078125,23300.099609375,0,Yahoo Finance automated fallback,https://query1.finance.yahoo.com/v8/finance/chart/^NSEI?period1=1778238506&period2=1783336106&interval=30m&events=history&includePrePost=false,2026-07-06T11:08:26.544444+00:00
2026-06-05T08:15:00+00:00,2026-06-05T08:45:00+00:00,30,NIFTY50,^NSEI,23300.400390625,23341.94921875,23296.75,23320.150390625,0,Yahoo Finance automated fallback,https://query1.finance.yahoo.com/v8/finance/chart/^NSEI?period1=1778238506&period2=1783336106&interval=30m&events=history&includePrePost=false,2026-07-06T11:08:26.544444+00:00
2026-06-05T08:45:00+00:00,2026-06-05T09:15:00+00:00,30,NIFTY50,^NSEI,23320.900390625,23405.05078125,23301.0,23398.80078125,0,Yahoo Finance automated fallback,https://query1.finance.yahoo.com/v8/finance/chart/^NSEI?period1=1778238506&period2=1783336106&interval=30m&events=history&includePrePost=false,2026-07-06T11:08:26.544444+00:00
2026-06-05T09:15:00+00:00,2026-06-05T09:45:00+00:00,30,NIFTY50,^NSEI,23398.05078125,23418.25,23326.94921875,23365.75,0,Yahoo Finance automated fallback,https://query1.finance.yahoo.com/v8/finance/chart/^NSEI?period1=1778238506&period2=1783336106&interval=30m&events=history&includePrePost=false,2026-07-06T11:08:26.544444+00:00
2026-06-05T09:45:00+00:00,2026-06-05T10:15:00+00:00,30,NIFTY50,^NSEI,23366.55078125,23386.5,23361.05078125,23368.849609375,0,Yahoo Finance automated fallback,https://query1.finance.yahoo.com/v8/finance/chart/^NSEI?period1=1778238506&period2=1783336106&interval=30m&events=history&includePrePost=false,2026-07-06T11:08:26.544444+00:00
2026-06-08T03:45:00+00:00,2026-06-08T04:15:00+00:00,30,NIFTY50,^NSEI,23088.849609375,23184.94921875,23071.5,23159.150390625,0,Yahoo Finance automated fallback,https://query1.finance.yahoo.com/v8/finance/chart/^NSEI?period1=1778238506&period2=1783336106&interval=30m&events=history&includePrePost=false,2026-07-06T11:08:26.544444+00:00
2026-06-08T04:15:00+00:00,2026-06-08T04:45:00+00:00,30,NIFTY50,^NSEI,23159.849609375,23201.75,23125.25,23174.25,0,Yahoo Finance automated fallback,https://query1.finance.yahoo.com/v8/finance/chart/^NSEI?period1=1778238506&period2=1783336106&interval=30m&events=history&includePrePost=false,2026-07-06T11:08:26.544444+00:00
2026-06-08T04:45:00+00:00,2026-06-08T05:15:00+00:00,30,NIFTY50,^NSEI,23174.55078125,23223.19921875,23163.25,23191.650390625,0,Yahoo Finance automated fallback,https://query1.finance.yahoo.com/v8/finance/chart/^NSEI?period1=1778238506&period2=1783336106&interval=30m&events=history&includePrePost=false,2026-07-06T11:08:26.544444+00:00
2026-06-08T05:15:00+00:00,2026-06-08T05:45:00+00:00,30,NIFTY50,^NSEI,23192.25,23218.69921875,23181.099609375,23198.599609375,0,Yahoo Finance automated fallback,https://query1.finance.yahoo.com/v8/finance/chart/^NSEI?period1=1778238506&period2=1783336106&interval=30m&events=history&includePrePost=false,2026-07-06T11:08:26.544444+00:00
2026-06-08T05:45:00+00:00,2026-06-08T06:15:00+00:00,30,NIFTY50,^NSEI,23199.75,23211.44921875,23179.0,23205.44921875,0,Yahoo Finance automated fallback,https://query1.finance.yahoo.com/v8/finance/chart/^NSEI?period1=1778238506&period2=1783336106&interval=30m&events=history&includePrePost=false,2026-07-06T11:08:26.544444+00:00
2026-06-08T06:15:00+00:00,2026-06-08T06:45:00+00:00,30,NIFTY50,^NSEI,23206.099609375,23223.900390625,23193.80078125,23212.44921875,0,Yahoo Finance automated fallback,https://query1.finance.yahoo.com/v8/finance/chart/^NSEI?period1=1778238506&period2=1783336106&interval=30m&events=history&includePrePost=false,2026-07-06T11:08:26.544444+00:00
2026-06-08T06:45:00+00:00,2026-06-08T07:15:00+00:00,30,NIFTY50,^NSEI,23212.44921875,23245.44921875,23208.0,23237.849609375,0,Yahoo Finance automated fallback,https://query1.finance.yahoo.com/v8/finance/chart/^NSEI?period1=1778238506&period2=1783336106&interval=30m&events=history&includePrePost=false,2026-07-06T11:08:26.544444+00:00
2026-06-08T07:15:00+00:00,2026-06-08T07:45:00+00:00,30,NIFTY50,^NSEI,23238.650390625,23266.849609375,23212.55078125,23216.30078125,0,Yahoo Finance automated fallback,https://query1.finance.yahoo.com/v8/finance/chart/^NSEI?period1=1778238506&period2=1783336106&interval=30m&events=history&includePrePost=false,2026-07-06T11:08:26.544444+00:00
2026-06-08T07:45:00+00:00,2026-06-08T08:15:00+00:00,30,NIFTY50,^NSEI,23216.5,23225.69921875,23169.75,23171.0,0,Yahoo Finance automated fallback,https://query1.finance.yahoo.com/v8/finance/chart/^NSEI?period1=1778238506&period2=1783336106&interval=30m&events=history&includePrePost=false,2026-07-06T11:08:26.544444+00:00
2026-06-08T08:15:00+00:00,2026-06-08T08:45:00+00:00,30,NIFTY50,^NSEI,23171.900390625,23184.69921875,23150.400390625,23156.849609375,0,Yahoo Finance automated fallback,https://query1.finance.yahoo.com/v8/finance/chart/^NSEI?period1=1778238506&period2=1783336106&interval=30m&events=history&includePrePost=false,2026-07-06T11:08:26.544444+00:00
2026-06-08T08:45:00+00:00,2026-06-08T09:15:00+00:00,30,NIFTY50,^NSEI,23157.349609375,23181.0,23145.69921875,23179.900390625,0,Yahoo Finance automated fallback,https://query1.finance.yahoo.com/v8/finance/chart/^NSEI?period1=1778238506&period2=1783336106&interval=30m&events=history&includePrePost=false,2026-07-06T11:08:26.544444+00:00
2026-06-08T09:15:00+00:00,2026-06-08T09:45:00+00:00,30,NIFTY50,^NSEI,23181.400390625,23196.69921875,23107.05078125,23134.44921875,0,Yahoo Finance automated fallback,https://query1.finance.yahoo.com/v8/finance/chart/^NSEI?period1=1778238506&period2=1783336106&interval=30m&events=history&includePrePost=false,2026-07-06T11:08:26.544444+00:00
2026-06-08T09:45:00+00:00,2026-06-08T10:15:00+00:00,30,NIFTY50,^NSEI,23134.05078125,23135.80078125,23089.900390625,23103.69921875,0,Yahoo Finance automated fallback,https://query1.finance.yahoo.com/v8/finance/chart/^NSEI?period1=1778238506&period2=1783336106&interval=30m&events=history&includePrePost=false,2026-07-06T11:08:26.544444+00:00
2026-06-09T03:45:00+00:00,2026-06-09T04:15:00+00:00,30,NIFTY50,^NSEI,23259.05078125,23259.05078125,23196.400390625,23196.400390625,0,Yahoo Finance automated fallback,https://query1.finance.yahoo.com/v8/finance/chart/^NSEI?period1=1778238506&period2=1783336106&interval=30m&events=history&includePrePost=false,2026-07-06T11:08:26.544444+00:00
2026-06-09T04:15:00+00:00,2026-06-09T04:45:00+00:00,30,NIFTY50,^NSEI,23196.599609375,23218.150390625,23160.55078125,23168.099609375,0,Yahoo Finance automated fallback,https://query1.finance.yahoo.com/v8/finance/chart/^NSEI?period1=1778238506&period2=1783336106&interval=30m&events=history&includePrePost=false,2026-07-06T11:08:26.544444+00:00
2026-06-09T04:45:00+00:00,2026-06-09T05:15:00+00:00,30,NIFTY50,^NSEI,23167.75,23177.349609375,23147.30078125,23164.349609375,0,Yahoo Finance automated fallback,https://query1.finance.yahoo.com/v8/finance/chart/^NSEI?period1=1778238506&period2=1783336106&interval=30m&events=history&includePrePost=false,2026-07-06T11:08:26.544444+00:00
2026-06-09T05:15:00+00:00,2026-06-09T05:45:00+00:00,30,NIFTY50,^NSEI,23164.55078125,23168.05078125,23129.150390625,23144.69921875,0,Yahoo Finance automated fallback,https://query1.finance.yahoo.com/v8/finance/chart/^NSEI?period1=1778238506&period2=1783336106&interval=30m&events=history&includePrePost=false,2026-07-06T11:08:26.544444+00:00
2026-06-09T05:45:00+00:00,2026-06-09T06:15:00+00:00,30,NIFTY50,^NSEI,23146.0,23160.650390625,23105.099609375,23151.94921875,0,Yahoo Finance automated fallback,https://query1.finance.yahoo.com/v8/finance/chart/^NSEI?period1=1778238506&period2=1783336106&interval=30m&events=history&includePrePost=false,2026-07-06T11:08:26.544444+00:00
2026-06-09T06:15:00+00:00,2026-06-09T06:45:00+00:00,30,NIFTY50,^NSEI,23150.849609375,23204.5,23145.44921875,23186.80078125,0,Yahoo Finance automated fallback,https://query1.finance.yahoo.com/v8/finance/chart/^NSEI?period1=1778238506&period2=1783336106&interval=30m&events=history&includePrePost=false,2026-07-06T11:08:26.544444+00:00
2026-06-09T06:45:00+00:00,2026-06-09T07:15:00+00:00,30,NIFTY50,^NSEI,23187.650390625,23226.650390625,23184.650390625,23208.0,0,Yahoo Finance automated fallback,https://query1.finance.yahoo.com/v8/finance/chart/^NSEI?period1=1778238506&period2=1783336106&interval=30m&events=history&includePrePost=false,2026-07-06T11:08:26.544444+00:00
2026-06-09T07:15:00+00:00,2026-06-09T07:45:00+00:00,30,NIFTY50,^NSEI,23207.400390625,23219.349609375,23177.5,23208.099609375,0,Yahoo Finance automated fallback,https://query1.finance.yahoo.com/v8/finance/chart/^NSEI?period1=1778238506&period2=1783336106&interval=30m&events=history&includePrePost=false,2026-07-06T11:08:26.544444+00:00
2026-06-09T07:45:00+00:00,2026-06-09T08:15:00+00:00,30,NIFTY50,^NSEI,23208.75,23223.19921875,23186.80078125,23218.5,0,Yahoo Finance automated fallback,https://query1.finance.yahoo.com/v8/finance/chart/^NSEI?period1=1778238506&period2=1783336106&interval=30m&events=history&includePrePost=false,2026-07-06T11:08:26.544444+00:00
2026-06-09T08:15:00+00:00,2026-06-09T08:45:00+00:00,30,NIFTY50,^NSEI,23218.650390625,23220.44921875,23175.30078125,23206.44921875,0,Yahoo Finance automated fallback,https://query1.finance.yahoo.com/v8/finance/chart/^NSEI?period1=1778238506&period2=1783336106&interval=30m&events=history&includePrePost=false,2026-07-06T11:08:26.544444+00:00
2026-06-09T08:45:00+00:00,2026-06-09T09:15:00+00:00,30,NIFTY50,^NSEI,23206.05078125,23260.5,23187.30078125,23250.69921875,0,Yahoo Finance automated fallback,https://query1.finance.yahoo.com/v8/finance/chart/^NSEI?period1=1778238506&period2=1783336106&interval=30m&events=history&includePrePost=false,2026-07-06T11:08:26.544444+00:00
2026-06-09T09:15:00+00:00,2026-06-09T09:45:00+00:00,30,NIFTY50,^NSEI,23251.150390625,23279.349609375,23230.5,23244.80078125,0,Yahoo Finance automated fallback,https://query1.finance.yahoo.com/v8/finance/chart/^NSEI?period1=1778238506&period2=1783336106&interval=30m&events=history&includePrePost=false,2026-07-06T11:08:26.544444+00:00
2026-06-09T09:45:00+00:00,2026-06-09T10:15:00+00:00,30,NIFTY50,^NSEI,23244.19921875,23261.05078125,23225.05078125,23254.80078125,0,Yahoo Finance automated fallback,https://query1.finance.yahoo.com/v8/finance/chart/^NSEI?period1=1778238506&period2=1783336106&interval=30m&events=history&includePrePost=false,2026-07-06T11:08:26.544444+00:00
2026-06-10T03:45:00+00:00,2026-06-10T04:15:00+00:00,30,NIFTY50,^NSEI,23235.30078125,23356.55078125,23220.55078125,23355.05078125,0,Yahoo Finance automated fallback,https://query1.finance.yahoo.com/v8/finance/chart/^NSEI?period1=1778238506&period2=1783336106&interval=30m&events=history&includePrePost=false,2026-07-06T11:08:26.544444+00:00
2026-06-10T04:15:00+00:00,2026-06-10T04:45:00+00:00,30,NIFTY50,^NSEI,23353.69921875,23384.099609375,23317.0,23317.0,0,Yahoo Finance automated fallback,https://query1.finance.yahoo.com/v8/finance/chart/^NSEI?period1=1778238506&period2=1783336106&interval=30m&events=history&includePrePost=false,2026-07-06T11:08:26.544444+00:00
2026-06-10T04:45:00+00:00,2026-06-10T05:15:00+00:00,30,NIFTY50,^NSEI,23317.30078125,23351.55078125,23305.80078125,23345.94921875,0,Yahoo Finance automated fallback,https://query1.finance.yahoo.com/v8/finance/chart/^NSEI?period1=1778238506&period2=1783336106&interval=30m&events=history&includePrePost=false,2026-07-06T11:08:26.544444+00:00
2026-06-10T05:15:00+00:00,2026-06-10T05:45:00+00:00,30,NIFTY50,^NSEI,23345.80078125,23388.849609375,23341.44921875,23373.650390625,0,Yahoo Finance automated fallback,https://query1.finance.yahoo.com/v8/finance/chart/^NSEI?period1=1778238506&period2=1783336106&interval=30m&events=history&includePrePost=false,2026-07-06T11:08:26.544444+00:00
2026-06-10T05:45:00+00:00,2026-06-10T06:15:00+00:00,30,NIFTY50,^NSEI,23373.650390625,23409.80078125,23359.94921875,23406.0,0,Yahoo Finance automated fallback,https://query1.finance.yahoo.com/v8/finance/chart/^NSEI?period1=1778238506&period2=1783336106&interval=30m&events=history&includePrePost=false,2026-07-06T11:08:26.544444+00:00
2026-06-10T06:15:00+00:00,2026-06-10T06:45:00+00:00,30,NIFTY50,^NSEI,23405.94921875,23406.30078125,23376.44921875,23395.400390625,0,Yahoo Finance automated fallback,https://query1.finance.yahoo.com/v8/finance/chart/^NSEI?period1=1778238506&period2=1783336106&interval=30m&events=history&includePrePost=false,2026-07-06T11:08:26.544444+00:00
2026-06-10T06:45:00+00:00,2026-06-10T07:15:00+00:00,30,NIFTY50,^NSEI,23395.25,23397.25,23346.599609375,23347.75,0,Yahoo Finance automated fallback,https://query1.finance.yahoo.com/v8/finance/chart/^NSEI?period1=1778238506&period2=1783336106&interval=30m&events=history&includePrePost=false,2026-07-06T11:08:26.544444+00:00
2026-06-10T07:15:00+00:00,2026-06-10T07:45:00+00:00,30,NIFTY50,^NSEI,23347.849609375,23424.80078125,23333.19921875,23405.150390625,0,Yahoo Finance automated fallback,https://query1.finance.yahoo.com/v8/finance/chart/^NSEI?period1=1778238506&period2=1783336106&interval=30m&events=history&includePrePost=false,2026-07-06T11:08:26.544444+00:00
2026-06-10T07:45:00+00:00,2026-06-10T08:15:00+00:00,30,NIFTY50,^NSEI,23405.650390625,23410.30078125,23351.900390625,23358.849609375,0,Yahoo Finance automated fallback,https://query1.finance.yahoo.com/v8/finance/chart/^NSEI?period1=1778238506&period2=1783336106&interval=30m&events=history&includePrePost=false,2026-07-06T11:08:26.544444+00:00
2026-06-10T08:15:00+00:00,2026-06-10T08:45:00+00:00,30,NIFTY50,^NSEI,23358.30078125,23377.44921875,23315.0,23317.150390625,0,Yahoo Finance automated fallback,https://query1.finance.yahoo.com/v8/finance/chart/^NSEI?period1=1778238506&period2=1783336106&interval=30m&events=history&includePrePost=false,2026-07-06T11:08:26.544444+00:00
2026-06-10T08:45:00+00:00,2026-06-10T09:15:00+00:00,30,NIFTY50,^NSEI,23317.25,23339.80078125,23260.30078125,23261.599609375,0,Yahoo Finance automated fallback,https://query1.finance.yahoo.com/v8/finance/chart/^NSEI?period1=1778238506&period2=1783336106&interval=30m&events=history&includePrePost=false,2026-07-06T11:08:26.544444+00:00
2026-06-10T09:15:00+00:00,2026-06-10T09:45:00+00:00,30,NIFTY50,^NSEI,23262.849609375,23271.94921875,23198.849609375,23199.69921875,0,Yahoo Finance automated fallback,https://query1.finance.yahoo.com/v8/finance/chart/^NSEI?period1=1778238506&period2=1783336106&interval=30m&events=history&includePrePost=false,2026-07-06T11:08:26.544444+00:00
2026-06-10T09:45:00+00:00,2026-06-10T10:15:00+00:00,30,NIFTY50,^NSEI,23200.75,23216.80078125,23186.900390625,23216.099609375,0,Yahoo Finance automated fallback,https://query1.finance.yahoo.com/v8/finance/chart/^NSEI?period1=1778238506&period2=1783336106&interval=30m&events=history&includePrePost=false,2026-07-06T11:08:26.544444+00:00
2026-06-11T03:45:00+00:00,2026-06-11T04:15:00+00:00,30,NIFTY50,^NSEI,23101.349609375,23147.80078125,23072.400390625,23143.599609375,0,Yahoo Finance automated fallback,https://query1.finance.yahoo.com/v8/finance/chart/^NSEI?period1=1778238506&period2=1783336106&interval=30m&events=history&includePrePost=false,2026-07-06T11:08:26.544444+00:00
2026-06-11T04:15:00+00:00,2026-06-11T04:45:00+00:00,30,NIFTY50,^NSEI,23144.25,23172.849609375,23102.849609375,23145.5,0,Yahoo Finance automated fallback,https://query1.finance.yahoo.com/v8/finance/chart/^NSEI?period1=1778238506&period2=1783336106&interval=30m&events=history&includePrePost=false,2026-07-06T11:08:26.544444+00:00
2026-06-11T04:45:00+00:00,2026-06-11T05:15:00+00:00,30,NIFTY50,^NSEI,23147.5,23213.44921875,23144.69921875,23203.19921875,0,Yahoo Finance automated fallback,https://query1.finance.yahoo.com/v8/finance/chart/^NSEI?period1=1778238506&period2=1783336106&interval=30m&events=history&includePrePost=false,2026-07-06T11:08:26.544444+00:00
2026-06-11T05:15:00+00:00,2026-06-11T05:45:00+00:00,30,NIFTY50,^NSEI,23204.849609375,23211.849609375,23162.5,23181.650390625,0,Yahoo Finance automated fallback,https://query1.finance.yahoo.com/v8/finance/chart/^NSEI?period1=1778238506&period2=1783336106&interval=30m&events=history&includePrePost=false,2026-07-06T11:08:26.544444+00:00
2026-06-11T05:45:00+00:00,2026-06-11T06:15:00+00:00,30,NIFTY50,^NSEI,23183.19921875,23251.75,23181.55078125,23251.69921875,0,Yahoo Finance automated fallback,https://query1.finance.yahoo.com/v8/finance/chart/^NSEI?period1=1778238506&period2=1783336106&interval=30m&events=history&includePrePost=false,2026-07-06T11:08:26.544444+00:00
2026-06-11T06:15:00+00:00,2026-06-11T06:45:00+00:00,30,NIFTY50,^NSEI,23253.69921875,23292.44921875,23251.05078125,23285.25,0,Yahoo Finance automated fallback,https://query1.finance.yahoo.com/v8/finance/chart/^NSEI?period1=1778238506&period2=1783336106&interval=30m&events=history&includePrePost=false,2026-07-06T11:08:26.544444+00:00
2026-06-11T06:45:00+00:00,2026-06-11T07:15:00+00:00,30,NIFTY50,^NSEI,23287.55078125,23323.900390625,23278.349609375,23294.400390625,0,Yahoo Finance automated fallback,https://query1.finance.yahoo.com/v8/finance/chart/^NSEI?period1=1778238506&period2=1783336106&interval=30m&events=history&includePrePost=false,2026-07-06T11:08:26.544444+00:00
2026-06-11T07:15:00+00:00,2026-06-11T07:45:00+00:00,30,NIFTY50,^NSEI,23296.099609375,23327.25,23256.30078125,23257.69921875,0,Yahoo Finance automated fallback,https://query1.finance.yahoo.com/v8/finance/chart/^NSEI?period1=1778238506&period2=1783336106&interval=30m&events=history&includePrePost=false,2026-07-06T11:08:26.544444+00:00
2026-06-11T07:45:00+00:00,2026-06-11T08:15:00+00:00,30,NIFTY50,^NSEI,23259.44921875,23267.75,23213.44921875,23220.099609375,0,Yahoo Finance automated fallback,https://query1.finance.yahoo.com/v8/finance/chart/^NSEI?period1=1778238506&period2=1783336106&interval=30m&events=history&includePrePost=false,2026-07-06T11:08:26.544444+00:00
2026-06-11T08:15:00+00:00,2026-06-11T08:45:00+00:00,30,NIFTY50,^NSEI,23223.900390625,23248.05078125,23201.599609375,23218.75,0,Yahoo Finance automated fallback,https://query1.finance.yahoo.com/v8/finance/chart/^NSEI?period1=1778238506&period2=1783336106&interval=30m&events=history&includePrePost=false,2026-07-06T11:08:26.544444+00:00
2026-06-11T08:45:00+00:00,2026-06-11T09:15:00+00:00,30,NIFTY50,^NSEI,23219.80078125,23252.05078125,23193.55078125,23198.150390625,0,Yahoo Finance automated fallback,https://query1.finance.yahoo.com/v8/finance/chart/^NSEI?period1=1778238506&period2=1783336106&interval=30m&events=history&includePrePost=false,2026-07-06T11:08:26.544444+00:00
2026-06-11T09:15:00+00:00,2026-06-11T09:45:00+00:00,30,NIFTY50,^NSEI,23200.19921875,23209.599609375,23131.94921875,23165.80078125,0,Yahoo Finance automated fallback,https://query1.finance.yahoo.com/v8/finance/chart/^NSEI?period1=1778238506&period2=1783336106&interval=30m&events=history&includePrePost=false,2026-07-06T11:08:26.544444+00:00
2026-06-11T09:45:00+00:00,2026-06-11T10:15:00+00:00,30,NIFTY50,^NSEI,23165.30078125,23194.900390625,23156.400390625,23186.55078125,0,Yahoo Finance automated fallback,https://query1.finance.yahoo.com/v8/finance/chart/^NSEI?period1=1778238506&period2=1783336106&interval=30m&events=history&includePrePost=false,2026-07-06T11:08:26.544444+00:00
2026-06-12T03:45:00+00:00,2026-06-12T04:15:00+00:00,30,NIFTY50,^NSEI,23420.69921875,23455.900390625,23364.25,23370.099609375,0,Yahoo Finance automated fallback,https://query1.finance.yahoo.com/v8/finance/chart/^NSEI?period1=1778238506&period2=1783336106&interval=30m&events=history&includePrePost=false,2026-07-06T11:08:26.544444+00:00
2026-06-12T04:15:00+00:00,2026-06-12T04:45:00+00:00,30,NIFTY50,^NSEI,23370.599609375,23380.75,23327.650390625,23342.650390625,0,Yahoo Finance automated fallback,https://query1.finance.yahoo.com/v8/finance/chart/^NSEI?period1=1778238506&period2=1783336106&interval=30m&events=history&includePrePost=false,2026-07-06T11:08:26.544444+00:00
2026-06-12T04:45:00+00:00,2026-06-12T05:15:00+00:00,30,NIFTY50,^NSEI,23345.150390625,23362.900390625,23322.900390625,23349.69921875,0,Yahoo Finance automated fallback,https://query1.finance.yahoo.com/v8/finance/chart/^NSEI?period1=1778238506&period2=1783336106&interval=30m&events=history&includePrePost=false,2026-07-06T11:08:26.544444+00:00
2026-06-12T05:15:00+00:00,2026-06-12T05:45:00+00:00,30,NIFTY50,^NSEI,23350.94921875,23378.349609375,23329.94921875,23378.05078125,0,Yahoo Finance automated fallback,https://query1.finance.yahoo.com/v8/finance/chart/^NSEI?period1=1778238506&period2=1783336106&interval=30m&events=history&includePrePost=false,2026-07-06T11:08:26.544444+00:00
2026-06-12T05:45:00+00:00,2026-06-12T06:15:00+00:00,30,NIFTY50,^NSEI,23379.099609375,23380.650390625,23349.69921875,23374.80078125,0,Yahoo Finance automated fallback,https://query1.finance.yahoo.com/v8/finance/chart/^NSEI?period1=1778238506&period2=1783336106&interval=30m&events=history&includePrePost=false,2026-07-06T11:08:26.544444+00:00
2026-06-12T06:15:00+00:00,2026-06-12T06:45:00+00:00,30,NIFTY50,^NSEI,23375.5,23389.30078125,23343.349609375,23347.400390625,0,Yahoo Finance automated fallback,https://query1.finance.yahoo.com/v8/finance/chart/^NSEI?period1=1778238506&period2=1783336106&interval=30m&events=history&includePrePost=false,2026-07-06T11:08:26.544444+00:00
2026-06-12T06:45:00+00:00,2026-06-12T07:15:00+00:00,30,NIFTY50,^NSEI,23349.44921875,23369.900390625,23320.599609375,23321.55078125,0,Yahoo Finance automated fallback,https://query1.finance.yahoo.com/v8/finance/chart/^NSEI?period1=1778238506&period2=1783336106&interval=30m&events=history&includePrePost=false,2026-07-06T11:08:26.544444+00:00
2026-06-12T07:15:00+00:00,2026-06-12T07:45:00+00:00,30,NIFTY50,^NSEI,23323.0,23344.05078125,23314.0,23336.25,0,Yahoo Finance automated fallback,https://query1.finance.yahoo.com/v8/finance/chart/^NSEI?period1=1778238506&period2=1783336106&interval=30m&events=history&includePrePost=false,2026-07-06T11:08:26.544444+00:00
2026-06-12T07:45:00+00:00,2026-06-12T08:15:00+00:00,30,NIFTY50,^NSEI,23336.94921875,23480.099609375,23321.599609375,23474.599609375,0,Yahoo Finance automated fallback,https://query1.finance.yahoo.com/v8/finance/chart/^NSEI?period1=1778238506&period2=1783336106&interval=30m&events=history&includePrePost=false,2026-07-06T11:08:26.544444+00:00
2026-06-12T08:15:00+00:00,2026-06-12T08:45:00+00:00,30,NIFTY50,^NSEI,23476.150390625,23530.75,23468.44921875,23527.5,0,Yahoo Finance automated fallback,https://query1.finance.yahoo.com/v8/finance/chart/^NSEI?period1=1778238506&period2=1783336106&interval=30m&events=history&includePrePost=false,2026-07-06T11:08:26.544444+00:00
2026-06-12T08:45:00+00:00,2026-06-12T09:15:00+00:00,30,NIFTY50,^NSEI,23528.19921875,23577.099609375,23524.599609375,23569.75,0,Yahoo Finance automated fallback,https://query1.finance.yahoo.com/v8/finance/chart/^NSEI?period1=1778238506&period2=1783336106&interval=30m&events=history&includePrePost=false,2026-07-06T11:08:26.544444+00:00
2026-06-12T09:15:00+00:00,2026-06-12T09:45:00+00:00,30,NIFTY50,^NSEI,23571.849609375,23645.19921875,23568.349609375,23621.80078125,0,Yahoo Finance automated fallback,https://query1.finance.yahoo.com/v8/finance/chart/^NSEI?period1=1778238506&period2=1783336106&interval=30m&events=history&includePrePost=false,2026-07-06T11:08:26.544444+00:00
2026-06-12T09:45:00+00:00,2026-06-12T10:15:00+00:00,30,NIFTY50,^NSEI,23620.94921875,23639.349609375,23612.150390625,23631.75,0,Yahoo Finance automated fallback,https://query1.finance.yahoo.com/v8/finance/chart/^NSEI?period1=1778238506&period2=1783336106&interval=30m&events=history&includePrePost=false,2026-07-06T11:08:26.544444+00:00
2026-06-15T03:45:00+00:00,2026-06-15T04:15:00+00:00,30,NIFTY50,^NSEI,23984.849609375,24004.69921875,23928.5,23964.849609375,0,Yahoo Finance automated fallback,https://query1.finance.yahoo.com/v8/finance/chart/^NSEI?period1=1778238506&period2=1783336106&interval=30m&events=history&includePrePost=false,2026-07-06T11:08:26.544444+00:00
2026-06-15T04:15:00+00:00,2026-06-15T04:45:00+00:00,30,NIFTY50,^NSEI,23965.69921875,23980.44921875,23933.55078125,23945.5,0,Yahoo Finance automated fallback,https://query1.finance.yahoo.com/v8/finance/chart/^NSEI?period1=1778238506&period2=1783336106&interval=30m&events=history&includePrePost=false,2026-07-06T11:08:26.544444+00:00
2026-06-15T04:45:00+00:00,2026-06-15T05:15:00+00:00,30,NIFTY50,^NSEI,23945.05078125,23982.150390625,23935.599609375,23978.44921875,0,Yahoo Finance automated fallback,https://query1.finance.yahoo.com/v8/finance/chart/^NSEI?period1=1778238506&period2=1783336106&interval=30m&events=history&includePrePost=false,2026-07-06T11:08:26.544444+00:00
2026-06-15T05:15:00+00:00,2026-06-15T05:45:00+00:00,30,NIFTY50,^NSEI,23978.44921875,24009.099609375,23966.30078125,23967.650390625,0,Yahoo Finance automated fallback,https://query1.finance.yahoo.com/v8/finance/chart/^NSEI?period1=1778238506&period2=1783336106&interval=30m&events=history&includePrePost=false,2026-07-06T11:08:26.544444+00:00
2026-06-15T05:45:00+00:00,2026-06-15T06:15:00+00:00,30,NIFTY50,^NSEI,23967.849609375,23982.94921875,23957.25,23957.80078125,0,Yahoo Finance automated fallback,https://query1.finance.yahoo.com/v8/finance/chart/^NSEI?period1=1778238506&period2=1783336106&interval=30m&events=history&includePrePost=false,2026-07-06T11:08:26.544444+00:00
2026-06-15T06:15:00+00:00,2026-06-15T06:45:00+00:00,30,NIFTY50,^NSEI,23957.25,23970.55078125,23930.05078125,23931.30078125,0,Yahoo Finance automated fallback,https://query1.finance.yahoo.com/v8/finance/chart/^NSEI?period1=1778238506&period2=1783336106&interval=30m&events=history&includePrePost=false,2026-07-06T11:08:26.544444+00:00
2026-06-15T06:45:00+00:00,2026-06-15T07:15:00+00:00,30,NIFTY50,^NSEI,23931.80078125,23932.94921875,23892.44921875,23912.05078125,0,Yahoo Finance automated fallback,https://query1.finance.yahoo.com/v8/finance/chart/^NSEI?period1=1778238506&period2=1783336106&interval=30m&events=history&includePrePost=false,2026-07-06T11:08:26.544444+00:00
2026-06-15T07:15:00+00:00,2026-06-15T07:45:00+00:00,30,NIFTY50,^NSEI,23912.849609375,23935.0,23892.80078125,23916.0,0,Yahoo Finance automated fallback,https://query1.finance.yahoo.com/v8/finance/chart/^NSEI?period1=1778238506&period2=1783336106&interval=30m&events=history&includePrePost=false,2026-07-06T11:08:26.544444+00:00
2026-06-15T07:45:00+00:00,2026-06-15T08:15:00+00:00,30,NIFTY50,^NSEI,23916.099609375,23917.900390625,23884.44921875,23893.55078125,0,Yahoo Finance automated fallback,https://query1.finance.yahoo.com/v8/finance/chart/^NSEI?period1=1778238506&period2=1783336106&interval=30m&events=history&includePrePost=false,2026-07-06T11:08:26.544444+00:00
2026-06-15T08:15:00+00:00,2026-06-15T08:45:00+00:00,30,NIFTY50,^NSEI,23893.94921875,23913.900390625,23865.849609375,23889.900390625,0,Yahoo Finance automated fallback,https://query1.finance.yahoo.com/v8/finance/chart/^NSEI?period1=1778238506&period2=1783336106&interval=30m&events=history&includePrePost=false,2026-07-06T11:08:26.544444+00:00
2026-06-15T08:45:00+00:00,2026-06-15T09:15:00+00:00,30,NIFTY50,^NSEI,23889.30078125,23942.599609375,23887.400390625,23923.599609375,0,Yahoo Finance automated fallback,https://query1.finance.yahoo.com/v8/finance/chart/^NSEI?period1=1778238506&period2=1783336106&interval=30m&events=history&includePrePost=false,2026-07-06T11:08:26.544444+00:00
2026-06-15T09:15:00+00:00,2026-06-15T09:45:00+00:00,30,NIFTY50,^NSEI,23924.19921875,23931.55078125,23818.05078125,23844.400390625,0,Yahoo Finance automated fallback,https://query1.finance.yahoo.com/v8/finance/chart/^NSEI?period1=1778238506&period2=1783336106&interval=30m&events=history&includePrePost=false,2026-07-06T11:08:26.544444+00:00
2026-06-15T09:45:00+00:00,2026-06-15T10:15:00+00:00,30,NIFTY50,^NSEI,23843.599609375,23867.849609375,23842.849609375,23855.900390625,0,Yahoo Finance automated fallback,https://query1.finance.yahoo.com/v8/finance/chart/^NSEI?period1=1778238506&period2=1783336106&interval=30m&events=history&includePrePost=false,2026-07-06T11:08:26.544444+00:00
2026-06-16T03:45:00+00:00,2026-06-16T04:15:00+00:00,30,NIFTY50,^NSEI,23923.900390625,23954.19921875,23889.25,23917.849609375,0,Yahoo Finance automated fallback,https://query1.finance.yahoo.com/v8/finance/chart/^NSEI?period1=1778238506&period2=1783336106&interval=30m&events=history&includePrePost=false,2026-07-06T11:08:26.544444+00:00
2026-06-16T04:15:00+00:00,2026-06-16T04:45:00+00:00,30,NIFTY50,^NSEI,23917.900390625,23947.349609375,23895.650390625,23910.150390625,0,Yahoo Finance automated fallback,https://query1.finance.yahoo.com/v8/finance/chart/^NSEI?period1=1778238506&period2=1783336106&interval=30m&events=history&includePrePost=false,2026-07-06T11:08:26.544444+00:00
2026-06-16T04:45:00+00:00,2026-06-16T05:15:00+00:00,30,NIFTY50,^NSEI,23910.05078125,23972.650390625,23909.650390625,23962.400390625,0,Yahoo Finance automated fallback,https://query1.finance.yahoo.com/v8/finance/chart/^NSEI?period1=1778238506&period2=1783336106&interval=30m&events=history&includePrePost=false,2026-07-06T11:08:26.544444+00:00
2026-06-16T05:15:00+00:00,2026-06-16T05:45:00+00:00,30,NIFTY50,^NSEI,23962.099609375,23977.69921875,23931.80078125,23940.80078125,0,Yahoo Finance automated fallback,https://query1.finance.yahoo.com/v8/finance/chart/^NSEI?period1=1778238506&period2=1783336106&interval=30m&events=history&includePrePost=false,2026-07-06T11:08:26.544444+00:00
2026-06-16T05:45:00+00:00,2026-06-16T06:15:00+00:00,30,NIFTY50,^NSEI,23940.55078125,23951.400390625,23911.44921875,23927.099609375,0,Yahoo Finance automated fallback,https://query1.finance.yahoo.com/v8/finance/chart/^NSEI?period1=1778238506&period2=1783336106&interval=30m&events=history&includePrePost=false,2026-07-06T11:08:26.544444+00:00
2026-06-16T06:15:00+00:00,2026-06-16T06:45:00+00:00,30,NIFTY50,^NSEI,23927.599609375,23949.75,23919.099609375,23928.55078125,0,Yahoo Finance automated fallback,https://query1.finance.yahoo.com/v8/finance/chart/^NSEI?period1=1778238506&period2=1783336106&interval=30m&events=history&includePrePost=false,2026-07-06T11:08:26.544444+00:00
2026-06-16T06:45:00+00:00,2026-06-16T07:15:00+00:00,30,NIFTY50,^NSEI,23928.05078125,23947.099609375,23903.349609375,23927.150390625,0,Yahoo Finance automated fallback,https://query1.finance.yahoo.com/v8/finance/chart/^NSEI?period1=1778238506&period2=1783336106&interval=30m&events=history&includePrePost=false,2026-07-06T11:08:26.544444+00:00
2026-06-16T07:15:00+00:00,2026-06-16T07:45:00+00:00,30,NIFTY50,^NSEI,23927.25,23950.650390625,23915.5,23946.5,0,Yahoo Finance automated fallback,https://query1.finance.yahoo.com/v8/finance/chart/^NSEI?period1=1778238506&period2=1783336106&interval=30m&events=history&includePrePost=false,2026-07-06T11:08:26.544444+00:00
2026-06-16T07:45:00+00:00,2026-06-16T08:15:00+00:00,30,NIFTY50,^NSEI,23946.849609375,23976.94921875,23935.5,23964.849609375,0,Yahoo Finance automated fallback,https://query1.finance.yahoo.com/v8/finance/chart/^NSEI?period1=1778238506&period2=1783336106&interval=30m&events=history&includePrePost=false,2026-07-06T11:08:26.544444+00:00
2026-06-16T08:15:00+00:00,2026-06-16T08:45:00+00:00,30,NIFTY50,^NSEI,23964.849609375,23997.75,23955.75,23995.900390625,0,Yahoo Finance automated fallback,https://query1.finance.yahoo.com/v8/finance/chart/^NSEI?period1=1778238506&period2=1783336106&interval=30m&events=history&includePrePost=false,2026-07-06T11:08:26.544444+00:00
2026-06-16T08:45:00+00:00,2026-06-16T09:15:00+00:00,30,NIFTY50,^NSEI,23994.349609375,24002.25,23964.849609375,23964.849609375,0,Yahoo Finance automated fallback,https://query1.finance.yahoo.com/v8/finance/chart/^NSEI?period1=1778238506&period2=1783336106&interval=30m&events=history&includePrePost=false,2026-07-06T11:08:26.544444+00:00
2026-06-16T09:15:00+00:00,2026-06-16T09:45:00+00:00,30,NIFTY50,^NSEI,23963.44921875,24000.849609375,23962.69921875,23987.0,0,Yahoo Finance automated fallback,https://query1.finance.yahoo.com/v8/finance/chart/^NSEI?period1=1778238506&period2=1783336106&interval=30m&events=history&includePrePost=false,2026-07-06T11:08:26.544444+00:00
2026-06-16T09:45:00+00:00,2026-06-16T10:15:00+00:00,30,NIFTY50,^NSEI,23986.80078125,23997.400390625,23980.099609375,23993.94921875,0,Yahoo Finance automated fallback,https://query1.finance.yahoo.com/v8/finance/chart/^NSEI?period1=1778238506&period2=1783336106&interval=30m&events=history&includePrePost=false,2026-07-06T11:08:26.544444+00:00
2026-06-17T03:45:00+00:00,2026-06-17T04:15:00+00:00,30,NIFTY50,^NSEI,24045.44921875,24063.349609375,23969.75,24061.55078125,0,Yahoo Finance automated fallback,https://query1.finance.yahoo.com/v8/finance/chart/^NSEI?period1=1778238506&period2=1783336106&interval=30m&events=history&includePrePost=false,2026-07-06T11:08:26.544444+00:00
2026-06-17T04:15:00+00:00,2026-06-17T04:45:00+00:00,30,NIFTY50,^NSEI,24063.80078125,24071.650390625,24043.150390625,24047.69921875,0,Yahoo Finance automated fallback,https://query1.finance.yahoo.com/v8/finance/chart/^NSEI?period1=1778238506&period2=1783336106&interval=30m&events=history&includePrePost=false,2026-07-06T11:08:26.544444+00:00
2026-06-17T04:45:00+00:00,2026-06-17T05:15:00+00:00,30,NIFTY50,^NSEI,24048.25,24088.5,24046.44921875,24085.75,0,Yahoo Finance automated fallback,https://query1.finance.yahoo.com/v8/finance/chart/^NSEI?period1=1778238506&period2=1783336106&interval=30m&events=history&includePrePost=false,2026-07-06T11:08:26.544444+00:00
2026-06-17T05:15:00+00:00,2026-06-17T05:45:00+00:00,30,NIFTY50,^NSEI,24086.349609375,24096.75,24062.05078125,24081.69921875,0,Yahoo Finance automated fallback,https://query1.finance.yahoo.com/v8/finance/chart/^NSEI?period1=1778238506&period2=1783336106&interval=30m&events=history&includePrePost=false,2026-07-06T11:08:26.544444+00:00
2026-06-17T05:45:00+00:00,2026-06-17T06:15:00+00:00,30,NIFTY50,^NSEI,24082.0,24107.849609375,24066.900390625,24083.30078125,0,Yahoo Finance automated fallback,https://query1.finance.yahoo.com/v8/finance/chart/^NSEI?period1=1778238506&period2=1783336106&interval=30m&events=history&includePrePost=false,2026-07-06T11:08:26.544444+00:00
2026-06-17T06:15:00+00:00,2026-06-17T06:45:00+00:00,30,NIFTY50,^NSEI,24084.150390625,24085.599609375,24047.69921875,24050.30078125,0,Yahoo Finance automated fallback,https://query1.finance.yahoo.com/v8/finance/chart/^NSEI?period1=1778238506&period2=1783336106&interval=30m&events=history&includePrePost=false,2026-07-06T11:08:26.544444+00:00
2026-06-17T06:45:00+00:00,2026-06-17T07:15:00+00:00,30,NIFTY50,^NSEI,24051.75,24056.900390625,24032.349609375,24044.25,0,Yahoo Finance automated fallback,https://query1.finance.yahoo.com/v8/finance/chart/^NSEI?period1=1778238506&period2=1783336106&interval=30m&events=history&includePrePost=false,2026-07-06T11:08:26.544444+00:00
2026-06-17T07:15:00+00:00,2026-06-17T07:45:00+00:00,30,NIFTY50,^NSEI,24044.900390625,24053.94921875,24009.75,24009.75,0,Yahoo Finance automated fallback,https://query1.finance.yahoo.com/v8/finance/chart/^NSEI?period1=1778238506&period2=1783336106&interval=30m&events=history&includePrePost=false,2026-07-06T11:08:26.544444+00:00
2026-06-17T07:45:00+00:00,2026-06-17T08:15:00+00:00,30,NIFTY50,^NSEI,24010.599609375,24061.849609375,24005.849609375,24056.349609375,0,Yahoo Finance automated fallback,https://query1.finance.yahoo.com/v8/finance/chart/^NSEI?period1=1778238506&period2=1783336106&interval=30m&events=history&includePrePost=false,2026-07-06T11:08:26.544444+00:00
2026-06-17T08:15:00+00:00,2026-06-17T08:45:00+00:00,30,NIFTY50,^NSEI,24055.69921875,24058.55078125,24029.44921875,24048.0,0,Yahoo Finance automated fallback,https://query1.finance.yahoo.com/v8/finance/chart/^NSEI?period1=1778238506&period2=1783336106&interval=30m&events=history&includePrePost=false,2026-07-06T11:08:26.544444+00:00
2026-06-17T08:45:00+00:00,2026-06-17T09:15:00+00:00,30,NIFTY50,^NSEI,24047.849609375,24052.30078125,24015.80078125,24041.30078125,0,Yahoo Finance automated fallback,https://query1.finance.yahoo.com/v8/finance/chart/^NSEI?period1=1778238506&period2=1783336106&interval=30m&events=history&includePrePost=false,2026-07-06T11:08:26.544444+00:00
2026-06-17T09:15:00+00:00,2026-06-17T09:45:00+00:00,30,NIFTY50,^NSEI,24041.25,24098.75,24026.94921875,24083.19921875,0,Yahoo Finance automated fallback,https://query1.finance.yahoo.com/v8/finance/chart/^NSEI?period1=1778238506&period2=1783336106&interval=30m&events=history&includePrePost=false,2026-07-06T11:08:26.544444+00:00
2026-06-17T09:45:00+00:00,2026-06-17T10:15:00+00:00,30,NIFTY50,^NSEI,24083.599609375,24090.0,24073.099609375,24081.0,0,Yahoo Finance automated fallback,https://query1.finance.yahoo.com/v8/finance/chart/^NSEI?period1=1778238506&period2=1783336106&interval=30m&events=history&includePrePost=false,2026-07-06T11:08:26.544444+00:00
2026-06-18T03:45:00+00:00,2026-06-18T04:15:00+00:00,30,NIFTY50,^NSEI,24073.19921875,24129.599609375,24059.650390625,24108.900390625,0,Yahoo Finance automated fallback,https://query1.finance.yahoo.com/v8/finance/chart/^NSEI?period1=1778238506&period2=1783336106&interval=30m&events=history&includePrePost=false,2026-07-06T11:08:26.544444+00:00
2026-06-18T04:15:00+00:00,2026-06-18T04:45:00+00:00,30,NIFTY50,^NSEI,24112.0,24139.400390625,24107.400390625,24125.599609375,0,Yahoo Finance automated fallback,https://query1.finance.yahoo.com/v8/finance/chart/^NSEI?period1=1778238506&period2=1783336106&interval=30m&events=history&includePrePost=false,2026-07-06T11:08:26.544444+00:00
2026-06-18T04:45:00+00:00,2026-06-18T05:15:00+00:00,30,NIFTY50,^NSEI,24127.400390625,24130.80078125,24059.55078125,24076.349609375,0,Yahoo Finance automated fallback,https://query1.finance.yahoo.com/v8/finance/chart/^NSEI?period1=1778238506&period2=1783336106&interval=30m&events=history&includePrePost=false,2026-07-06T11:08:26.544444+00:00
2026-06-18T05:15:00+00:00,2026-06-18T05:45:00+00:00,30,NIFTY50,^NSEI,24078.349609375,24093.900390625,24059.900390625,24064.650390625,0,Yahoo Finance automated fallback,https://query1.finance.yahoo.com/v8/finance/chart/^NSEI?period1=1778238506&period2=1783336106&interval=30m&events=history&includePrePost=false,2026-07-06T11:08:26.544444+00:00
2026-06-18T05:45:00+00:00,2026-06-18T06:15:00+00:00,30,NIFTY50,^NSEI,24066.19921875,24066.349609375,24037.19921875,24062.849609375,0,Yahoo Finance automated fallback,https://query1.finance.yahoo.com/v8/finance/chart/^NSEI?period1=1778238506&period2=1783336106&interval=30m&events=history&includePrePost=false,2026-07-06T11:08:26.544444+00:00
2026-06-18T06:15:00+00:00,2026-06-18T06:45:00+00:00,30,NIFTY50,^NSEI,24064.599609375,24099.69921875,24050.5,24088.19921875,0,Yahoo Finance automated fallback,https://query1.finance.yahoo.com/v8/finance/chart/^NSEI?period1=1778238506&period2=1783336106&interval=30m&events=history&includePrePost=false,2026-07-06T11:08:26.544444+00:00
2026-06-18T06:45:00+00:00,2026-06-18T07:15:00+00:00,30,NIFTY50,^NSEI,24089.849609375,24133.75,24078.44921875,24117.25,0,Yahoo Finance automated fallback,https://query1.finance.yahoo.com/v8/finance/chart/^NSEI?period1=1778238506&period2=1783336106&interval=30m&events=history&includePrePost=false,2026-07-06T11:08:26.544444+00:00
2026-06-18T07:15:00+00:00,2026-06-18T07:45:00+00:00,30,NIFTY50,^NSEI,24118.75,24132.25,24111.44921875,24127.80078125,0,Yahoo Finance automated fallback,https://query1.finance.yahoo.com/v8/finance/chart/^NSEI?period1=1778238506&period2=1783336106&interval=30m&events=history&includePrePost=false,2026-07-06T11:08:26.544444+00:00
2026-06-18T07:45:00+00:00,2026-06-18T08:15:00+00:00,30,NIFTY50,^NSEI,24129.94921875,24136.30078125,24100.650390625,24120.69921875,0,Yahoo Finance automated fallback,https://query1.finance.yahoo.com/v8/finance/chart/^NSEI?period1=1778238506&period2=1783336106&interval=30m&events=history&includePrePost=false,2026-07-06T11:08:26.544444+00:00
2026-06-18T08:15:00+00:00,2026-06-18T08:45:00+00:00,30,NIFTY50,^NSEI,24122.0,24127.650390625,24094.599609375,24099.75,0,Yahoo Finance automated fallback,https://query1.finance.yahoo.com/v8/finance/chart/^NSEI?period1=1778238506&period2=1783336106&interval=30m&events=history&includePrePost=false,2026-07-06T11:08:26.544444+00:00
2026-06-18T08:45:00+00:00,2026-06-18T09:15:00+00:00,30,NIFTY50,^NSEI,24100.80078125,24113.05078125,24074.69921875,24097.19921875,0,Yahoo Finance automated fallback,https://query1.finance.yahoo.com/v8/finance/chart/^NSEI?period1=1778238506&period2=1783336106&interval=30m&events=history&includePrePost=false,2026-07-06T11:08:26.544444+00:00
2026-06-18T09:15:00+00:00,2026-06-18T09:45:00+00:00,30,NIFTY50,^NSEI,24098.69921875,24183.44921875,24081.349609375,24177.44921875,0,Yahoo Finance automated fallback,https://query1.finance.yahoo.com/v8/finance/chart/^NSEI?period1=1778238506&period2=1783336106&interval=30m&events=history&includePrePost=false,2026-07-06T11:08:26.544444+00:00
2026-06-18T09:45:00+00:00,2026-06-18T10:15:00+00:00,30,NIFTY50,^NSEI,24177.80078125,24188.94921875,24171.25,24179.400390625,0,Yahoo Finance automated fallback,https://query1.finance.yahoo.com/v8/finance/chart/^NSEI?period1=1778238506&period2=1783336106&interval=30m&events=history&includePrePost=false,2026-07-06T11:08:26.544444+00:00
2026-06-19T03:45:00+00:00,2026-06-19T04:15:00+00:00,30,NIFTY50,^NSEI,23991.19921875,23991.19921875,23938.75,23974.099609375,0,Yahoo Finance automated fallback,https://query1.finance.yahoo.com/v8/finance/chart/^NSEI?period1=1778238506&period2=1783336106&interval=30m&events=history&includePrePost=false,2026-07-06T11:08:26.544444+00:00
2026-06-19T04:15:00+00:00,2026-06-19T04:45:00+00:00,30,NIFTY50,^NSEI,23975.19921875,24011.099609375,23961.80078125,24009.94921875,0,Yahoo Finance automated fallback,https://query1.finance.yahoo.com/v8/finance/chart/^NSEI?period1=1778238506&period2=1783336106&interval=30m&events=history&includePrePost=false,2026-07-06T11:08:26.544444+00:00
2026-06-19T04:45:00+00:00,2026-06-19T05:15:00+00:00,30,NIFTY50,^NSEI,24010.349609375,24010.55078125,23953.900390625,23970.69921875,0,Yahoo Finance automated fallback,https://query1.finance.yahoo.com/v8/finance/chart/^NSEI?period1=1778238506&period2=1783336106&interval=30m&events=history&includePrePost=false,2026-07-06T11:08:26.544444+00:00
2026-06-19T05:15:00+00:00,2026-06-19T05:45:00+00:00,30,NIFTY50,^NSEI,23970.19921875,23972.30078125,23937.44921875,23964.55078125,0,Yahoo Finance automated fallback,https://query1.finance.yahoo.com/v8/finance/chart/^NSEI?period1=1778238506&period2=1783336106&interval=30m&events=history&includePrePost=false,2026-07-06T11:08:26.544444+00:00
2026-06-19T05:45:00+00:00,2026-06-19T06:15:00+00:00,30,NIFTY50,^NSEI,23964.5,23968.30078125,23941.849609375,23954.19921875,0,Yahoo Finance automated fallback,https://query1.finance.yahoo.com/v8/finance/chart/^NSEI?period1=1778238506&period2=1783336106&interval=30m&events=history&includePrePost=false,2026-07-06T11:08:26.544444+00:00
2026-06-19T06:15:00+00:00,2026-06-19T06:45:00+00:00,30,NIFTY50,^NSEI,23954.44921875,23967.69921875,23940.19921875,23959.44921875,0,Yahoo Finance automated fallback,https://query1.finance.yahoo.com/v8/finance/chart/^NSEI?period1=1778238506&period2=1783336106&interval=30m&events=history&includePrePost=false,2026-07-06T11:08:26.544444+00:00
2026-06-19T06:45:00+00:00,2026-06-19T07:15:00+00:00,30,NIFTY50,^NSEI,23959.400390625,23974.5,23924.900390625,23951.55078125,0,Yahoo Finance automated fallback,https://query1.finance.yahoo.com/v8/finance/chart/^NSEI?period1=1778238506&period2=1783336106&interval=30m&events=history&includePrePost=false,2026-07-06T11:08:26.544444+00:00
2026-06-19T07:15:00+00:00,2026-06-19T07:45:00+00:00,30,NIFTY50,^NSEI,23951.94921875,23962.349609375,23913.25,23930.19921875,0,Yahoo Finance automated fallback,https://query1.finance.yahoo.com/v8/finance/chart/^NSEI?period1=1778238506&period2=1783336106&interval=30m&events=history&includePrePost=false,2026-07-06T11:08:26.544444+00:00
2026-06-19T07:45:00+00:00,2026-06-19T08:15:00+00:00,30,NIFTY50,^NSEI,23930.349609375,23950.0,23914.849609375,23946.94921875,0,Yahoo Finance automated fallback,https://query1.finance.yahoo.com/v8/finance/chart/^NSEI?period1=1778238506&period2=1783336106&interval=30m&events=history&includePrePost=false,2026-07-06T11:08:26.544444+00:00
2026-06-19T08:15:00+00:00,2026-06-19T08:45:00+00:00,30,NIFTY50,^NSEI,23946.80078125,23992.19921875,23945.55078125,23991.44921875,0,Yahoo Finance automated fallback,https://query1.finance.yahoo.com/v8/finance/chart/^NSEI?period1=1778238506&period2=1783336106&interval=30m&events=history&includePrePost=false,2026-07-06T11:08:26.544444+00:00
2026-06-19T08:45:00+00:00,2026-06-19T09:15:00+00:00,30,NIFTY50,^NSEI,23992.30078125,24000.599609375,23954.900390625,23974.0,0,Yahoo Finance automated fallback,https://query1.finance.yahoo.com/v8/finance/chart/^NSEI?period1=1778238506&period2=1783336106&interval=30m&events=history&includePrePost=false,2026-07-06T11:08:26.544444+00:00
2026-06-19T09:15:00+00:00,2026-06-19T09:45:00+00:00,30,NIFTY50,^NSEI,23973.25,24042.400390625,23902.0,24025.900390625,0,Yahoo Finance automated fallback,https://query1.finance.yahoo.com/v8/finance/chart/^NSEI?period1=1778238506&period2=1783336106&interval=30m&events=history&includePrePost=false,2026-07-06T11:08:26.544444+00:00
2026-06-19T09:45:00+00:00,2026-06-19T10:15:00+00:00,30,NIFTY50,^NSEI,24026.94921875,24046.5,24010.400390625,24044.19921875,0,Yahoo Finance automated fallback,https://query1.finance.yahoo.com/v8/finance/chart/^NSEI?period1=1778238506&period2=1783336106&interval=30m&events=history&includePrePost=false,2026-07-06T11:08:26.544444+00:00
2026-06-22T03:45:00+00:00,2026-06-22T04:15:00+00:00,30,NIFTY50,^NSEI,24110.150390625,24142.400390625,24073.80078125,24109.44921875,0,Yahoo Finance automated fallback,https://query1.finance.yahoo.com/v8/finance/chart/^NSEI?period1=1778238506&period2=1783336106&interval=30m&events=history&includePrePost=false,2026-07-06T11:08:26.544444+00:00
2026-06-22T04:15:00+00:00,2026-06-22T04:45:00+00:00,30,NIFTY50,^NSEI,24109.5,24159.650390625,24103.75,24149.650390625,0,Yahoo Finance automated fallback,https://query1.finance.yahoo.com/v8/finance/chart/^NSEI?period1=1778238506&period2=1783336106&interval=30m&events=history&includePrePost=false,2026-07-06T11:08:26.544444+00:00
2026-06-22T04:45:00+00:00,2026-06-22T05:15:00+00:00,30,NIFTY50,^NSEI,24149.55078125,24159.099609375,24136.55078125,24152.900390625,0,Yahoo Finance automated fallback,https://query1.finance.yahoo.com/v8/finance/chart/^NSEI?period1=1778238506&period2=1783336106&interval=30m&events=history&includePrePost=false,2026-07-06T11:08:26.544444+00:00
2026-06-22T05:15:00+00:00,2026-06-22T05:45:00+00:00,30,NIFTY50,^NSEI,24152.75,24168.0,24147.80078125,24157.30078125,0,Yahoo Finance automated fallback,https://query1.finance.yahoo.com/v8/finance/chart/^NSEI?period1=1778238506&period2=1783336106&interval=30m&events=history&includePrePost=false,2026-07-06T11:08:26.544444+00:00
2026-06-22T05:45:00+00:00,2026-06-22T06:15:00+00:00,30,NIFTY50,^NSEI,24156.650390625,24166.05078125,24141.400390625,24148.349609375,0,Yahoo Finance automated fallback,https://query1.finance.yahoo.com/v8/finance/chart/^NSEI?period1=1778238506&period2=1783336106&interval=30m&events=history&includePrePost=false,2026-07-06T11:08:26.544444+00:00
2026-06-22T06:15:00+00:00,2026-06-22T06:45:00+00:00,30,NIFTY50,^NSEI,24148.150390625,24152.55078125,24117.849609375,24118.19921875,0,Yahoo Finance automated fallback,https://query1.finance.yahoo.com/v8/finance/chart/^NSEI?period1=1778238506&period2=1783336106&interval=30m&events=history&includePrePost=false,2026-07-06T11:08:26.544444+00:00
2026-06-22T06:45:00+00:00,2026-06-22T07:15:00+00:00,30,NIFTY50,^NSEI,24117.650390625,24129.150390625,24109.80078125,24118.75,0,Yahoo Finance automated fallback,https://query1.finance.yahoo.com/v8/finance/chart/^NSEI?period1=1778238506&period2=1783336106&interval=30m&events=history&includePrePost=false,2026-07-06T11:08:26.544444+00:00
2026-06-22T07:15:00+00:00,2026-06-22T07:45:00+00:00,30,NIFTY50,^NSEI,24118.599609375,24127.05078125,24105.099609375,24112.80078125,0,Yahoo Finance automated fallback,https://query1.finance.yahoo.com/v8/finance/chart/^NSEI?period1=1778238506&period2=1783336106&interval=30m&events=history&includePrePost=false,2026-07-06T11:08:26.544444+00:00
2026-06-22T07:45:00+00:00,2026-06-22T08:15:00+00:00,30,NIFTY50,^NSEI,24112.80078125,24127.69921875,24097.150390625,24119.44921875,0,Yahoo Finance automated fallback,https://query1.finance.yahoo.com/v8/finance/chart/^NSEI?period1=1778238506&period2=1783336106&interval=30m&events=history&includePrePost=false,2026-07-06T11:08:26.544444+00:00
2026-06-22T08:15:00+00:00,2026-06-22T08:45:00+00:00,30,NIFTY50,^NSEI,24119.650390625,24136.5,24115.849609375,24118.44921875,0,Yahoo Finance automated fallback,https://query1.finance.yahoo.com/v8/finance/chart/^NSEI?period1=1778238506&period2=1783336106&interval=30m&events=history&includePrePost=false,2026-07-06T11:08:26.544444+00:00
2026-06-22T08:45:00+00:00,2026-06-22T09:15:00+00:00,30,NIFTY50,^NSEI,24118.0,24145.44921875,24112.94921875,24134.650390625,0,Yahoo Finance automated fallback,https://query1.finance.yahoo.com/v8/finance/chart/^NSEI?period1=1778238506&period2=1783336106&interval=30m&events=history&includePrePost=false,2026-07-06T11:08:26.544444+00:00
2026-06-22T09:15:00+00:00,2026-06-22T09:45:00+00:00,30,NIFTY50,^NSEI,24136.349609375,24145.150390625,24099.849609375,24105.650390625,0,Yahoo Finance automated fallback,https://query1.finance.yahoo.com/v8/finance/chart/^NSEI?period1=1778238506&period2=1783336106&interval=30m&events=history&includePrePost=false,2026-07-06T11:08:26.544444+00:00
2026-06-22T09:45:00+00:00,2026-06-22T10:15:00+00:00,30,NIFTY50,^NSEI,24105.5,24111.150390625,24080.099609375,24086.849609375,0,Yahoo Finance automated fallback,https://query1.finance.yahoo.com/v8/finance/chart/^NSEI?period1=1778238506&period2=1783336106&interval=30m&events=history&includePrePost=false,2026-07-06T11:08:26.544444+00:00
2026-06-23T03:45:00+00:00,2026-06-23T04:15:00+00:00,30,NIFTY50,^NSEI,24071.30078125,24133.05078125,24040.75,24115.5,0,Yahoo Finance automated fallback,https://query1.finance.yahoo.com/v8/finance/chart/^NSEI?period1=1778238506&period2=1783336106&interval=30m&events=history&includePrePost=false,2026-07-06T11:08:26.544444+00:00
2026-06-23T04:15:00+00:00,2026-06-23T04:45:00+00:00,30,NIFTY50,^NSEI,24115.25,24135.25,24107.349609375,24124.05078125,0,Yahoo Finance automated fallback,https://query1.finance.yahoo.com/v8/finance/chart/^NSEI?period1=1778238506&period2=1783336106&interval=30m&events=history&includePrePost=false,2026-07-06T11:08:26.544444+00:00
2026-06-23T04:45:00+00:00,2026-06-23T05:15:00+00:00,30,NIFTY50,^NSEI,24123.44921875,24130.099609375,24104.30078125,24105.650390625,0,Yahoo Finance automated fallback,https://query1.finance.yahoo.com/v8/finance/chart/^NSEI?period1=1778238506&period2=1783336106&interval=30m&events=history&includePrePost=false,2026-07-06T11:08:26.544444+00:00
2026-06-23T05:15:00+00:00,2026-06-23T05:45:00+00:00,30,NIFTY50,^NSEI,24106.900390625,24115.44921875,24083.69921875,24114.400390625,0,Yahoo Finance automated fallback,https://query1.finance.yahoo.com/v8/finance/chart/^NSEI?period1=1778238506&period2=1783336106&interval=30m&events=history&includePrePost=false,2026-07-06T11:08:26.544444+00:00
2026-06-23T05:45:00+00:00,2026-06-23T06:15:00+00:00,30,NIFTY50,^NSEI,24112.94921875,24130.44921875,24079.05078125,24083.099609375,0,Yahoo Finance automated fallback,https://query1.finance.yahoo.com/v8/finance/chart/^NSEI?period1=1778238506&period2=1783336106&interval=30m&events=history&includePrePost=false,2026-07-06T11:08:26.544444+00:00
2026-06-23T06:15:00+00:00,2026-06-23T06:45:00+00:00,30,NIFTY50,^NSEI,24082.5,24083.400390625,23953.69921875,23965.0,0,Yahoo Finance automated fallback,https://query1.finance.yahoo.com/v8/finance/chart/^NSEI?period1=1778238506&period2=1783336106&interval=30m&events=history&includePrePost=false,2026-07-06T11:08:26.544444+00:00
2026-06-23T06:45:00+00:00,2026-06-23T07:15:00+00:00,30,NIFTY50,^NSEI,23965.94921875,23973.25,23917.80078125,23948.44921875,0,Yahoo Finance automated fallback,https://query1.finance.yahoo.com/v8/finance/chart/^NSEI?period1=1778238506&period2=1783336106&interval=30m&events=history&includePrePost=false,2026-07-06T11:08:26.544444+00:00
2026-06-23T07:15:00+00:00,2026-06-23T07:45:00+00:00,30,NIFTY50,^NSEI,23949.19921875,23950.69921875,23908.900390625,23922.599609375,0,Yahoo Finance automated fallback,https://query1.finance.yahoo.com/v8/finance/chart/^NSEI?period1=1778238506&period2=1783336106&interval=30m&events=history&includePrePost=false,2026-07-06T11:08:26.544444+00:00
2026-06-23T07:45:00+00:00,2026-06-23T08:15:00+00:00,30,NIFTY50,^NSEI,23923.80078125,23931.349609375,23862.900390625,23893.19921875,0,Yahoo Finance automated fallback,https://query1.finance.yahoo.com/v8/finance/chart/^NSEI?period1=1778238506&period2=1783336106&interval=30m&events=history&includePrePost=false,2026-07-06T11:08:26.544444+00:00
2026-06-23T08:15:00+00:00,2026-06-23T08:45:00+00:00,30,NIFTY50,^NSEI,23893.849609375,23916.94921875,23864.25,23910.849609375,0,Yahoo Finance automated fallback,https://query1.finance.yahoo.com/v8/finance/chart/^NSEI?period1=1778238506&period2=1783336106&interval=30m&events=history&includePrePost=false,2026-07-06T11:08:26.544444+00:00
2026-06-23T08:45:00+00:00,2026-06-23T09:15:00+00:00,30,NIFTY50,^NSEI,23912.55078125,23934.05078125,23893.599609375,23927.25,0,Yahoo Finance automated fallback,https://query1.finance.yahoo.com/v8/finance/chart/^NSEI?period1=1778238506&period2=1783336106&interval=30m&events=history&includePrePost=false,2026-07-06T11:08:26.544444+00:00
2026-06-23T09:15:00+00:00,2026-06-23T09:45:00+00:00,30,NIFTY50,^NSEI,23927.849609375,23935.19921875,23816.0,23827.69921875,0,Yahoo Finance automated fallback,https://query1.finance.yahoo.com/v8/finance/chart/^NSEI?period1=1778238506&period2=1783336106&interval=30m&events=history&includePrePost=false,2026-07-06T11:08:26.544444+00:00
2026-06-23T09:45:00+00:00,2026-06-23T10:15:00+00:00,30,NIFTY50,^NSEI,23828.69921875,23829.5,23785.25,23795.25,0,Yahoo Finance automated fallback,https://query1.finance.yahoo.com/v8/finance/chart/^NSEI?period1=1778238506&period2=1783336106&interval=30m&events=history&includePrePost=false,2026-07-06T11:08:26.544444+00:00
2026-06-24T03:45:00+00:00,2026-06-24T04:15:00+00:00,30,NIFTY50,^NSEI,23798.30078125,23894.69921875,23790.25,23867.400390625,0,Yahoo Finance automated fallback,https://query1.finance.yahoo.com/v8/finance/chart/^NSEI?period1=1778238506&period2=1783336106&interval=30m&events=history&includePrePost=false,2026-07-06T11:08:26.544444+00:00
2026-06-24T04:15:00+00:00,2026-06-24T04:45:00+00:00,30,NIFTY50,^NSEI,23866.849609375,23918.849609375,23810.650390625,23917.849609375,0,Yahoo Finance automated fallback,https://query1.finance.yahoo.com/v8/finance/chart/^NSEI?period1=1778238506&period2=1783336106&interval=30m&events=history&includePrePost=false,2026-07-06T11:08:26.544444+00:00
2026-06-24T04:45:00+00:00,2026-06-24T05:15:00+00:00,30,NIFTY50,^NSEI,23917.75,23970.099609375,23910.900390625,23934.30078125,0,Yahoo Finance automated fallback,https://query1.finance.yahoo.com/v8/finance/chart/^NSEI?period1=1778238506&period2=1783336106&interval=30m&events=history&includePrePost=false,2026-07-06T11:08:26.544444+00:00
2026-06-24T05:15:00+00:00,2026-06-24T05:45:00+00:00,30,NIFTY50,^NSEI,23933.80078125,23991.19921875,23932.849609375,23985.849609375,0,Yahoo Finance automated fallback,https://query1.finance.yahoo.com/v8/finance/chart/^NSEI?period1=1778238506&period2=1783336106&interval=30m&events=history&includePrePost=false,2026-07-06T11:08:26.544444+00:00
2026-06-24T05:45:00+00:00,2026-06-24T06:15:00+00:00,30,NIFTY50,^NSEI,23986.05078125,24007.19921875,23958.0,24006.900390625,0,Yahoo Finance automated fallback,https://query1.finance.yahoo.com/v8/finance/chart/^NSEI?period1=1778238506&period2=1783336106&interval=30m&events=history&includePrePost=false,2026-07-06T11:08:26.544444+00:00
2026-06-24T06:15:00+00:00,2026-06-24T06:45:00+00:00,30,NIFTY50,^NSEI,24006.44921875,24013.650390625,23979.0,23980.94921875,0,Yahoo Finance automated fallback,https://query1.finance.yahoo.com/v8/finance/chart/^NSEI?period1=1778238506&period2=1783336106&interval=30m&events=history&includePrePost=false,2026-07-06T11:08:26.544444+00:00
2026-06-24T06:45:00+00:00,2026-06-24T07:15:00+00:00,30,NIFTY50,^NSEI,23982.25,24007.19921875,23967.0,23991.349609375,0,Yahoo Finance automated fallback,https://query1.finance.yahoo.com/v8/finance/chart/^NSEI?period1=1778238506&period2=1783336106&interval=30m&events=history&includePrePost=false,2026-07-06T11:08:26.544444+00:00
2026-06-24T07:15:00+00:00,2026-06-24T07:45:00+00:00,30,NIFTY50,^NSEI,23991.349609375,24032.150390625,23979.150390625,24031.099609375,0,Yahoo Finance automated fallback,https://query1.finance.yahoo.com/v8/finance/chart/^NSEI?period1=1778238506&period2=1783336106&interval=30m&events=history&includePrePost=false,2026-07-06T11:08:26.544444+00:00
2026-06-24T07:45:00+00:00,2026-06-24T08:15:00+00:00,30,NIFTY50,^NSEI,24030.5,24089.75,24028.150390625,24071.5,0,Yahoo Finance automated fallback,https://query1.finance.yahoo.com/v8/finance/chart/^NSEI?period1=1778238506&period2=1783336106&interval=30m&events=history&includePrePost=false,2026-07-06T11:08:26.544444+00:00
2026-06-24T08:15:00+00:00,2026-06-24T08:45:00+00:00,30,NIFTY50,^NSEI,24071.849609375,24085.849609375,24026.5,24056.650390625,0,Yahoo Finance automated fallback,https://query1.finance.yahoo.com/v8/finance/chart/^NSEI?period1=1778238506&period2=1783336106&interval=30m&events=history&includePrePost=false,2026-07-06T11:08:26.544444+00:00
2026-06-24T08:45:00+00:00,2026-06-24T09:15:00+00:00,30,NIFTY50,^NSEI,24056.75,24063.75,24034.94921875,24053.099609375,0,Yahoo Finance automated fallback,https://query1.finance.yahoo.com/v8/finance/chart/^NSEI?period1=1778238506&period2=1783336106&interval=30m&events=history&includePrePost=false,2026-07-06T11:08:26.544444+00:00
2026-06-24T09:15:00+00:00,2026-06-24T09:45:00+00:00,30,NIFTY50,^NSEI,24053.650390625,24068.75,24003.25,24006.44921875,0,Yahoo Finance automated fallback,https://query1.finance.yahoo.com/v8/finance/chart/^NSEI?period1=1778238506&period2=1783336106&interval=30m&events=history&includePrePost=false,2026-07-06T11:08:26.544444+00:00
2026-06-24T09:45:00+00:00,2026-06-24T10:15:00+00:00,30,NIFTY50,^NSEI,24006.0,24031.44921875,24003.599609375,24013.150390625,0,Yahoo Finance automated fallback,https://query1.finance.yahoo.com/v8/finance/chart/^NSEI?period1=1778238506&period2=1783336106&interval=30m&events=history&includePrePost=false,2026-07-06T11:08:26.544444+00:00
2026-06-25T03:45:00+00:00,2026-06-25T04:15:00+00:00,30,NIFTY50,^NSEI,24125.849609375,24169.400390625,24108.05078125,24140.5,0,Yahoo Finance automated fallback,https://query1.finance.yahoo.com/v8/finance/chart/^NSEI?period1=1778238506&period2=1783336106&interval=30m&events=history&includePrePost=false,2026-07-06T11:08:26.544444+00:00
2026-06-25T04:15:00+00:00,2026-06-25T04:45:00+00:00,30,NIFTY50,^NSEI,24141.650390625,24185.849609375,24140.150390625,24184.099609375,0,Yahoo Finance automated fallback,https://query1.finance.yahoo.com/v8/finance/chart/^NSEI?period1=1778238506&period2=1783336106&interval=30m&events=history&includePrePost=false,2026-07-06T11:08:26.544444+00:00
2026-06-25T04:45:00+00:00,2026-06-25T05:15:00+00:00,30,NIFTY50,^NSEI,24184.5,24189.75,24165.849609375,24182.30078125,0,Yahoo Finance automated fallback,https://query1.finance.yahoo.com/v8/finance/chart/^NSEI?period1=1778238506&period2=1783336106&interval=30m&events=history&includePrePost=false,2026-07-06T11:08:26.544444+00:00
2026-06-25T05:15:00+00:00,2026-06-25T05:45:00+00:00,30,NIFTY50,^NSEI,24182.80078125,24200.349609375,24175.30078125,24195.900390625,0,Yahoo Finance automated fallback,https://query1.finance.yahoo.com/v8/finance/chart/^NSEI?period1=1778238506&period2=1783336106&interval=30m&events=history&includePrePost=false,2026-07-06T11:08:26.544444+00:00
2026-06-25T05:45:00+00:00,2026-06-25T06:15:00+00:00,30,NIFTY50,^NSEI,24196.05078125,24205.0,24181.05078125,24195.900390625,0,Yahoo Finance automated fallback,https://query1.finance.yahoo.com/v8/finance/chart/^NSEI?period1=1778238506&period2=1783336106&interval=30m&events=history&includePrePost=false,2026-07-06T11:08:26.544444+00:00
2026-06-25T06:15:00+00:00,2026-06-25T06:45:00+00:00,30,NIFTY50,^NSEI,24195.599609375,24261.099609375,24193.30078125,24243.650390625,0,Yahoo Finance automated fallback,https://query1.finance.yahoo.com/v8/finance/chart/^NSEI?period1=1778238506&period2=1783336106&interval=30m&events=history&includePrePost=false,2026-07-06T11:08:26.544444+00:00
2026-06-25T06:45:00+00:00,2026-06-25T07:15:00+00:00,30,NIFTY50,^NSEI,24243.5,24251.5,24176.849609375,24193.150390625,0,Yahoo Finance automated fallback,https://query1.finance.yahoo.com/v8/finance/chart/^NSEI?period1=1778238506&period2=1783336106&interval=30m&events=history&includePrePost=false,2026-07-06T11:08:26.544444+00:00
2026-06-25T07:15:00+00:00,2026-06-25T07:45:00+00:00,30,NIFTY50,^NSEI,24192.849609375,24214.5,24169.30078125,24172.849609375,0,Yahoo Finance automated fallback,https://query1.finance.yahoo.com/v8/finance/chart/^NSEI?period1=1778238506&period2=1783336106&interval=30m&events=history&includePrePost=false,2026-07-06T11:08:26.544444+00:00
2026-06-25T07:45:00+00:00,2026-06-25T08:15:00+00:00,30,NIFTY50,^NSEI,24172.80078125,24211.19921875,24170.599609375,24200.5,0,Yahoo Finance automated fallback,https://query1.finance.yahoo.com/v8/finance/chart/^NSEI?period1=1778238506&period2=1783336106&interval=30m&events=history&includePrePost=false,2026-07-06T11:08:26.544444+00:00
2026-06-25T08:15:00+00:00,2026-06-25T08:45:00+00:00,30,NIFTY50,^NSEI,24200.349609375,24209.44921875,24130.650390625,24138.650390625,0,Yahoo Finance automated fallback,https://query1.finance.yahoo.com/v8/finance/chart/^NSEI?period1=1778238506&period2=1783336106&interval=30m&events=history&includePrePost=false,2026-07-06T11:08:26.544444+00:00
2026-06-25T08:45:00+00:00,2026-06-25T09:15:00+00:00,30,NIFTY50,^NSEI,24139.150390625,24139.349609375,24070.0,24071.05078125,0,Yahoo Finance automated fallback,https://query1.finance.yahoo.com/v8/finance/chart/^NSEI?period1=1778238506&period2=1783336106&interval=30m&events=history&includePrePost=false,2026-07-06T11:08:26.544444+00:00
2026-06-25T09:15:00+00:00,2026-06-25T09:45:00+00:00,30,NIFTY50,^NSEI,24071.05078125,24117.5,24042.19921875,24055.30078125,0,Yahoo Finance automated fallback,https://query1.finance.yahoo.com/v8/finance/chart/^NSEI?period1=1778238506&period2=1783336106&interval=30m&events=history&includePrePost=false,2026-07-06T11:08:26.544444+00:00
2026-06-25T09:45:00+00:00,2026-06-25T10:15:00+00:00,30,NIFTY50,^NSEI,24056.0,24065.5,24039.30078125,24052.80078125,0,Yahoo Finance automated fallback,https://query1.finance.yahoo.com/v8/finance/chart/^NSEI?period1=1778238506&period2=1783336106&interval=30m&events=history&includePrePost=false,2026-07-06T11:08:26.544444+00:00
2026-06-29T03:45:00+00:00,2026-06-29T04:15:00+00:00,30,NIFTY50,^NSEI,24061.099609375,24110.69921875,24005.75,24094.0,0,Yahoo Finance automated fallback,https://query1.finance.yahoo.com/v8/finance/chart/^NSEI?period1=1778238506&period2=1783336106&interval=30m&events=history&includePrePost=false,2026-07-06T11:08:26.544444+00:00
2026-06-29T04:15:00+00:00,2026-06-29T04:45:00+00:00,30,NIFTY50,^NSEI,24092.69921875,24095.25,24051.75,24061.80078125,0,Yahoo Finance automated fallback,https://query1.finance.yahoo.com/v8/finance/chart/^NSEI?period1=1778238506&period2=1783336106&interval=30m&events=history&includePrePost=false,2026-07-06T11:08:26.544444+00:00
2026-06-29T04:45:00+00:00,2026-06-29T05:15:00+00:00,30,NIFTY50,^NSEI,24061.900390625,24120.0,24052.599609375,24112.30078125,0,Yahoo Finance automated fallback,https://query1.finance.yahoo.com/v8/finance/chart/^NSEI?period1=1778238506&period2=1783336106&interval=30m&events=history&includePrePost=false,2026-07-06T11:08:26.544444+00:00
2026-06-29T05:15:00+00:00,2026-06-29T05:45:00+00:00,30,NIFTY50,^NSEI,24115.5,24115.5,24047.400390625,24073.0,0,Yahoo Finance automated fallback,https://query1.finance.yahoo.com/v8/finance/chart/^NSEI?period1=1778238506&period2=1783336106&interval=30m&events=history&includePrePost=false,2026-07-06T11:08:26.544444+00:00
2026-06-29T05:45:00+00:00,2026-06-29T06:15:00+00:00,30,NIFTY50,^NSEI,24072.44921875,24084.25,24018.650390625,24031.599609375,0,Yahoo Finance automated fallback,https://query1.finance.yahoo.com/v8/finance/chart/^NSEI?period1=1778238506&period2=1783336106&interval=30m&events=history&includePrePost=false,2026-07-06T11:08:26.544444+00:00
2026-06-29T06:15:00+00:00,2026-06-29T06:45:00+00:00,30,NIFTY50,^NSEI,24031.400390625,24036.900390625,23990.099609375,23993.69921875,0,Yahoo Finance automated fallback,https://query1.finance.yahoo.com/v8/finance/chart/^NSEI?period1=1778238506&period2=1783336106&interval=30m&events=history&includePrePost=false,2026-07-06T11:08:26.544444+00:00
2026-06-29T06:45:00+00:00,2026-06-29T07:15:00+00:00,30,NIFTY50,^NSEI,23995.94921875,23999.05078125,23926.099609375,23944.44921875,0,Yahoo Finance automated fallback,https://query1.finance.yahoo.com/v8/finance/chart/^NSEI?period1=1778238506&period2=1783336106&interval=30m&events=history&includePrePost=false,2026-07-06T11:08:26.544444+00:00
2026-06-29T07:15:00+00:00,2026-06-29T07:45:00+00:00,30,NIFTY50,^NSEI,23945.0,23979.69921875,23941.0,23962.69921875,0,Yahoo Finance automated fallback,https://query1.finance.yahoo.com/v8/finance/chart/^NSEI?period1=1778238506&period2=1783336106&interval=30m&events=history&includePrePost=false,2026-07-06T11:08:26.544444+00:00
2026-06-29T07:45:00+00:00,2026-06-29T08:15:00+00:00,30,NIFTY50,^NSEI,23962.150390625,23981.25,23935.80078125,23940.44921875,0,Yahoo Finance automated fallback,https://query1.finance.yahoo.com/v8/finance/chart/^NSEI?period1=1778238506&period2=1783336106&interval=30m&events=history&includePrePost=false,2026-07-06T11:08:26.544444+00:00
2026-06-29T08:15:00+00:00,2026-06-29T08:45:00+00:00,30,NIFTY50,^NSEI,23940.650390625,23967.55078125,23926.30078125,23958.349609375,0,Yahoo Finance automated fallback,https://query1.finance.yahoo.com/v8/finance/chart/^NSEI?period1=1778238506&period2=1783336106&interval=30m&events=history&includePrePost=false,2026-07-06T11:08:26.544444+00:00
2026-06-29T08:45:00+00:00,2026-06-29T09:15:00+00:00,30,NIFTY50,^NSEI,23960.150390625,23972.599609375,23934.25,23964.25,0,Yahoo Finance automated fallback,https://query1.finance.yahoo.com/v8/finance/chart/^NSEI?period1=1778238506&period2=1783336106&interval=30m&events=history&includePrePost=false,2026-07-06T11:08:26.544444+00:00
2026-06-29T09:15:00+00:00,2026-06-29T09:45:00+00:00,30,NIFTY50,^NSEI,23965.150390625,23987.19921875,23925.150390625,23943.19921875,0,Yahoo Finance automated fallback,https://query1.finance.yahoo.com/v8/finance/chart/^NSEI?period1=1778238506&period2=1783336106&interval=30m&events=history&includePrePost=false,2026-07-06T11:08:26.544444+00:00
2026-06-29T09:45:00+00:00,2026-06-29T10:15:00+00:00,30,NIFTY50,^NSEI,23943.69921875,23985.150390625,23932.900390625,23978.5,0,Yahoo Finance automated fallback,https://query1.finance.yahoo.com/v8/finance/chart/^NSEI?period1=1778238506&period2=1783336106&interval=30m&events=history&includePrePost=false,2026-07-06T11:08:26.544444+00:00
2026-06-30T03:45:00+00:00,2026-06-30T04:15:00+00:00,30,NIFTY50,^NSEI,24031.599609375,24031.599609375,23862.05078125,23870.349609375,0,Yahoo Finance automated fallback,https://query1.finance.yahoo.com/v8/finance/chart/^NSEI?period1=1778238506&period2=1783336106&interval=30m&events=history&includePrePost=false,2026-07-06T11:08:26.544444+00:00
2026-06-30T04:15:00+00:00,2026-06-30T04:45:00+00:00,30,NIFTY50,^NSEI,23870.30078125,23916.05078125,23852.099609375,23889.80078125,0,Yahoo Finance automated fallback,https://query1.finance.yahoo.com/v8/finance/chart/^NSEI?period1=1778238506&period2=1783336106&interval=30m&events=history&includePrePost=false,2026-07-06T11:08:26.544444+00:00
2026-06-30T04:45:00+00:00,2026-06-30T05:15:00+00:00,30,NIFTY50,^NSEI,23889.599609375,23907.55078125,23871.30078125,23890.5,0,Yahoo Finance automated fallback,https://query1.finance.yahoo.com/v8/finance/chart/^NSEI?period1=1778238506&period2=1783336106&interval=30m&events=history&includePrePost=false,2026-07-06T11:08:26.544444+00:00
2026-06-30T05:15:00+00:00,2026-06-30T05:45:00+00:00,30,NIFTY50,^NSEI,23890.30078125,23944.94921875,23872.599609375,23938.05078125,0,Yahoo Finance automated fallback,https://query1.finance.yahoo.com/v8/finance/chart/^NSEI?period1=1778238506&period2=1783336106&interval=30m&events=history&includePrePost=false,2026-07-06T11:08:26.544444+00:00
2026-06-30T05:45:00+00:00,2026-06-30T06:15:00+00:00,30,NIFTY50,^NSEI,23940.0,23998.55078125,23919.80078125,23932.599609375,0,Yahoo Finance automated fallback,https://query1.finance.yahoo.com/v8/finance/chart/^NSEI?period1=1778238506&period2=1783336106&interval=30m&events=history&includePrePost=false,2026-07-06T11:08:26.544444+00:00
2026-06-30T06:15:00+00:00,2026-06-30T06:45:00+00:00,30,NIFTY50,^NSEI,23931.44921875,23951.0,23922.94921875,23925.900390625,0,Yahoo Finance automated fallback,https://query1.finance.yahoo.com/v8/finance/chart/^NSEI?period1=1778238506&period2=1783336106&interval=30m&events=history&includePrePost=false,2026-07-06T11:08:26.544444+00:00
2026-06-30T06:45:00+00:00,2026-06-30T07:15:00+00:00,30,NIFTY50,^NSEI,23924.94921875,23956.19921875,23911.55078125,23951.05078125,0,Yahoo Finance automated fallback,https://query1.finance.yahoo.com/v8/finance/chart/^NSEI?period1=1778238506&period2=1783336106&interval=30m&events=history&includePrePost=false,2026-07-06T11:08:26.544444+00:00
2026-06-30T07:15:00+00:00,2026-06-30T07:45:00+00:00,30,NIFTY50,^NSEI,23950.55078125,23964.349609375,23929.150390625,23934.0,0,Yahoo Finance automated fallback,https://query1.finance.yahoo.com/v8/finance/chart/^NSEI?period1=1778238506&period2=1783336106&interval=30m&events=history&includePrePost=false,2026-07-06T11:08:26.544444+00:00
2026-06-30T07:45:00+00:00,2026-06-30T08:15:00+00:00,30,NIFTY50,^NSEI,23933.19921875,23954.94921875,23913.05078125,23946.80078125,0,Yahoo Finance automated fallback,https://query1.finance.yahoo.com/v8/finance/chart/^NSEI?period1=1778238506&period2=1783336106&interval=30m&events=history&includePrePost=false,2026-07-06T11:08:26.544444+00:00
2026-06-30T08:15:00+00:00,2026-06-30T08:45:00+00:00,30,NIFTY50,^NSEI,23946.650390625,23947.80078125,23880.94921875,23885.25,0,Yahoo Finance automated fallback,https://query1.finance.yahoo.com/v8/finance/chart/^NSEI?period1=1778238506&period2=1783336106&interval=30m&events=history&includePrePost=false,2026-07-06T11:08:26.544444+00:00
2026-06-30T08:45:00+00:00,2026-06-30T09:15:00+00:00,30,NIFTY50,^NSEI,23885.099609375,23972.44921875,23863.900390625,23945.69921875,0,Yahoo Finance automated fallback,https://query1.finance.yahoo.com/v8/finance/chart/^NSEI?period1=1778238506&period2=1783336106&interval=30m&events=history&includePrePost=false,2026-07-06T11:08:26.544444+00:00
2026-06-30T09:15:00+00:00,2026-06-30T09:45:00+00:00,30,NIFTY50,^NSEI,23945.650390625,23948.400390625,23830.19921875,23864.80078125,0,Yahoo Finance automated fallback,https://query1.finance.yahoo.com/v8/finance/chart/^NSEI?period1=1778238506&period2=1783336106&interval=30m&events=history&includePrePost=false,2026-07-06T11:08:26.544444+00:00
2026-06-30T09:45:00+00:00,2026-06-30T10:15:00+00:00,30,NIFTY50,^NSEI,23864.150390625,23922.099609375,23864.150390625,23917.75,0,Yahoo Finance automated fallback,https://query1.finance.yahoo.com/v8/finance/chart/^NSEI?period1=1778238506&period2=1783336106&interval=30m&events=history&includePrePost=false,2026-07-06T11:08:26.544444+00:00
2026-07-01T03:45:00+00:00,2026-07-01T04:15:00+00:00,30,NIFTY50,^NSEI,23908.55078125,23949.650390625,23896.0,23944.75,0,Yahoo Finance automated fallback,https://query1.finance.yahoo.com/v8/finance/chart/^NSEI?period1=1778238506&period2=1783336106&interval=30m&events=history&includePrePost=false,2026-07-06T11:08:26.544444+00:00
2026-07-01T04:15:00+00:00,2026-07-01T04:45:00+00:00,30,NIFTY50,^NSEI,23943.5,23996.05078125,23943.44921875,23987.099609375,0,Yahoo Finance automated fallback,https://query1.finance.yahoo.com/v8/finance/chart/^NSEI?period1=1778238506&period2=1783336106&interval=30m&events=history&includePrePost=false,2026-07-06T11:08:26.544444+00:00
2026-07-01T04:45:00+00:00,2026-07-01T05:15:00+00:00,30,NIFTY50,^NSEI,23987.05078125,24020.25,23947.349609375,23953.099609375,0,Yahoo Finance automated fallback,https://query1.finance.yahoo.com/v8/finance/chart/^NSEI?period1=1778238506&period2=1783336106&interval=30m&events=history&includePrePost=false,2026-07-06T11:08:26.544444+00:00
2026-07-01T05:15:00+00:00,2026-07-01T05:45:00+00:00,30,NIFTY50,^NSEI,23954.05078125,24020.5,23951.69921875,24019.5,0,Yahoo Finance automated fallback,https://query1.finance.yahoo.com/v8/finance/chart/^NSEI?period1=1778238506&period2=1783336106&interval=30m&events=history&includePrePost=false,2026-07-06T11:08:26.544444+00:00
2026-07-01T05:45:00+00:00,2026-07-01T06:15:00+00:00,30,NIFTY50,^NSEI,24018.75,24026.75,23986.0,24012.55078125,0,Yahoo Finance automated fallback,https://query1.finance.yahoo.com/v8/finance/chart/^NSEI?period1=1778238506&period2=1783336106&interval=30m&events=history&includePrePost=false,2026-07-06T11:08:26.544444+00:00
2026-07-01T06:15:00+00:00,2026-07-01T06:45:00+00:00,30,NIFTY50,^NSEI,24011.69921875,24049.599609375,23998.150390625,24023.5,0,Yahoo Finance automated fallback,https://query1.finance.yahoo.com/v8/finance/chart/^NSEI?period1=1778238506&period2=1783336106&interval=30m&events=history&includePrePost=false,2026-07-06T11:08:26.544444+00:00
2026-07-01T06:45:00+00:00,2026-07-01T07:15:00+00:00,30,NIFTY50,^NSEI,24023.5,24043.25,23994.30078125,24023.80078125,0,Yahoo Finance automated fallback,https://query1.finance.yahoo.com/v8/finance/chart/^NSEI?period1=1778238506&period2=1783336106&interval=30m&events=history&includePrePost=false,2026-07-06T11:08:26.544444+00:00
2026-07-01T07:15:00+00:00,2026-07-01T07:45:00+00:00,30,NIFTY50,^NSEI,24024.099609375,24030.599609375,24007.150390625,24028.05078125,0,Yahoo Finance automated fallback,https://query1.finance.yahoo.com/v8/finance/chart/^NSEI?period1=1778238506&period2=1783336106&interval=30m&events=history&includePrePost=false,2026-07-06T11:08:26.544444+00:00
2026-07-01T07:45:00+00:00,2026-07-01T08:15:00+00:00,30,NIFTY50,^NSEI,24026.55078125,24047.650390625,24002.05078125,24029.19921875,0,Yahoo Finance automated fallback,https://query1.finance.yahoo.com/v8/finance/chart/^NSEI?period1=1778238506&period2=1783336106&interval=30m&events=history&includePrePost=false,2026-07-06T11:08:26.544444+00:00
2026-07-01T08:15:00+00:00,2026-07-01T08:45:00+00:00,30,NIFTY50,^NSEI,24029.599609375,24044.150390625,24011.150390625,24035.599609375,0,Yahoo Finance automated fallback,https://query1.finance.yahoo.com/v8/finance/chart/^NSEI?period1=1778238506&period2=1783336106&interval=30m&events=history&includePrePost=false,2026-07-06T11:08:26.544444+00:00
2026-07-01T08:45:00+00:00,2026-07-01T09:15:00+00:00,30,NIFTY50,^NSEI,24035.30078125,24041.650390625,23991.75,24021.099609375,0,Yahoo Finance automated fallback,https://query1.finance.yahoo.com/v8/finance/chart/^NSEI?period1=1778238506&period2=1783336106&interval=30m&events=history&includePrePost=false,2026-07-06T11:08:26.544444+00:00
2026-07-01T09:15:00+00:00,2026-07-01T09:45:00+00:00,30,NIFTY50,^NSEI,24020.849609375,24048.19921875,23999.150390625,24005.25,0,Yahoo Finance automated fallback,https://query1.finance.yahoo.com/v8/finance/chart/^NSEI?period1=1778238506&period2=1783336106&interval=30m&events=history&includePrePost=false,2026-07-06T11:08:26.544444+00:00
2026-07-01T09:45:00+00:00,2026-07-01T10:15:00+00:00,30,NIFTY50,^NSEI,24006.25,24010.400390625,23980.650390625,23988.099609375,0,Yahoo Finance automated fallback,https://query1.finance.yahoo.com/v8/finance/chart/^NSEI?period1=1778238506&period2=1783336106&interval=30m&events=history&includePrePost=false,2026-07-06T11:08:26.544444+00:00
2026-07-02T03:45:00+00:00,2026-07-02T04:15:00+00:00,30,NIFTY50,^NSEI,24062.19921875,24159.19921875,24062.19921875,24148.900390625,0,Yahoo Finance automated fallback,https://query1.finance.yahoo.com/v8/finance/chart/^NSEI?period1=1778238506&period2=1783336106&interval=30m&events=history&includePrePost=false,2026-07-06T11:08:26.544444+00:00
2026-07-02T04:15:00+00:00,2026-07-02T04:45:00+00:00,30,NIFTY50,^NSEI,24148.05078125,24155.44921875,24075.55078125,24075.55078125,0,Yahoo Finance automated fallback,https://query1.finance.yahoo.com/v8/finance/chart/^NSEI?period1=1778238506&period2=1783336106&interval=30m&events=history&includePrePost=false,2026-07-06T11:08:26.544444+00:00
2026-07-02T04:45:00+00:00,2026-07-02T05:15:00+00:00,30,NIFTY50,^NSEI,24075.80078125,24116.0,24070.30078125,24110.25,0,Yahoo Finance automated fallback,https://query1.finance.yahoo.com/v8/finance/chart/^NSEI?period1=1778238506&period2=1783336106&interval=30m&events=history&includePrePost=false,2026-07-06T11:08:26.544444+00:00
2026-07-02T05:15:00+00:00,2026-07-02T05:45:00+00:00,30,NIFTY50,^NSEI,24110.55078125,24116.80078125,24090.05078125,24103.5,0,Yahoo Finance automated fallback,https://query1.finance.yahoo.com/v8/finance/chart/^NSEI?period1=1778238506&period2=1783336106&interval=30m&events=history&includePrePost=false,2026-07-06T11:08:26.544444+00:00
2026-07-02T05:45:00+00:00,2026-07-02T06:15:00+00:00,30,NIFTY50,^NSEI,24103.80078125,24106.05078125,24067.5,24083.0,0,Yahoo Finance automated fallback,https://query1.finance.yahoo.com/v8/finance/chart/^NSEI?period1=1778238506&period2=1783336106&interval=30m&events=history&includePrePost=false,2026-07-06T11:08:26.544444+00:00
2026-07-02T06:15:00+00:00,2026-07-02T06:45:00+00:00,30,NIFTY50,^NSEI,24083.75,24114.099609375,24080.849609375,24113.19921875,0,Yahoo Finance automated fallback,https://query1.finance.yahoo.com/v8/finance/chart/^NSEI?period1=1778238506&period2=1783336106&interval=30m&events=history&includePrePost=false,2026-07-06T11:08:26.544444+00:00
2026-07-02T06:45:00+00:00,2026-07-02T07:15:00+00:00,30,NIFTY50,^NSEI,24112.75,24137.69921875,24106.55078125,24122.19921875,0,Yahoo Finance automated fallback,https://query1.finance.yahoo.com/v8/finance/chart/^NSEI?period1=1778238506&period2=1783336106&interval=30m&events=history&includePrePost=false,2026-07-06T11:08:26.544444+00:00
2026-07-02T07:15:00+00:00,2026-07-02T07:45:00+00:00,30,NIFTY50,^NSEI,24121.80078125,24145.80078125,24113.599609375,24145.5,0,Yahoo Finance automated fallback,https://query1.finance.yahoo.com/v8/finance/chart/^NSEI?period1=1778238506&period2=1783336106&interval=30m&events=history&includePrePost=false,2026-07-06T11:08:26.544444+00:00
2026-07-02T07:45:00+00:00,2026-07-02T08:15:00+00:00,30,NIFTY50,^NSEI,24143.25,24155.349609375,24128.55078125,24134.400390625,0,Yahoo Finance automated fallback,https://query1.finance.yahoo.com/v8/finance/chart/^NSEI?period1=1778238506&period2=1783336106&interval=30m&events=history&includePrePost=false,2026-07-06T11:08:26.544444+00:00
2026-07-02T08:15:00+00:00,2026-07-02T08:45:00+00:00,30,NIFTY50,^NSEI,24134.19921875,24142.849609375,24126.0,24131.75,0,Yahoo Finance automated fallback,https://query1.finance.yahoo.com/v8/finance/chart/^NSEI?period1=1778238506&period2=1783336106&interval=30m&events=history&includePrePost=false,2026-07-06T11:08:26.544444+00:00
2026-07-02T08:45:00+00:00,2026-07-02T09:15:00+00:00,30,NIFTY50,^NSEI,24132.30078125,24183.349609375,24127.400390625,24176.849609375,0,Yahoo Finance automated fallback,https://query1.finance.yahoo.com/v8/finance/chart/^NSEI?period1=1778238506&period2=1783336106&interval=30m&events=history&includePrePost=false,2026-07-06T11:08:26.544444+00:00
2026-07-02T09:15:00+00:00,2026-07-02T09:45:00+00:00,30,NIFTY50,^NSEI,24176.80078125,24194.55078125,24169.400390625,24175.80078125,0,Yahoo Finance automated fallback,https://query1.finance.yahoo.com/v8/finance/chart/^NSEI?period1=1778238506&period2=1783336106&interval=30m&events=history&includePrePost=false,2026-07-06T11:08:26.544444+00:00
2026-07-02T09:45:00+00:00,2026-07-02T10:15:00+00:00,30,NIFTY50,^NSEI,24176.5,24179.5,24153.400390625,24167.94921875,0,Yahoo Finance automated fallback,https://query1.finance.yahoo.com/v8/finance/chart/^NSEI?period1=1778238506&period2=1783336106&interval=30m&events=history&includePrePost=false,2026-07-06T11:08:26.544444+00:00
2026-07-03T03:45:00+00:00,2026-07-03T04:15:00+00:00,30,NIFTY50,^NSEI,24375.650390625,24375.650390625,24295.44921875,24337.0,0,Yahoo Finance automated fallback,https://query1.finance.yahoo.com/v8/finance/chart/^NSEI?period1=1778238506&period2=1783336106&interval=30m&events=history&includePrePost=false,2026-07-06T11:08:26.544444+00:00
2026-07-03T04:15:00+00:00,2026-07-03T04:45:00+00:00,30,NIFTY50,^NSEI,24338.5,24344.75,24311.849609375,24329.94921875,0,Yahoo Finance automated fallback,https://query1.finance.yahoo.com/v8/finance/chart/^NSEI?period1=1778238506&period2=1783336106&interval=30m&events=history&includePrePost=false,2026-07-06T11:08:26.544444+00:00
2026-07-03T04:45:00+00:00,2026-07-03T05:15:00+00:00,30,NIFTY50,^NSEI,24330.599609375,24352.650390625,24315.400390625,24339.650390625,0,Yahoo Finance automated fallback,https://query1.finance.yahoo.com/v8/finance/chart/^NSEI?period1=1778238506&period2=1783336106&interval=30m&events=history&includePrePost=false,2026-07-06T11:08:26.544444+00:00
2026-07-03T05:15:00+00:00,2026-07-03T05:45:00+00:00,30,NIFTY50,^NSEI,24340.349609375,24354.0,24320.650390625,24323.0,0,Yahoo Finance automated fallback,https://query1.finance.yahoo.com/v8/finance/chart/^NSEI?period1=1778238506&period2=1783336106&interval=30m&events=history&includePrePost=false,2026-07-06T11:08:26.544444+00:00
2026-07-03T05:45:00+00:00,2026-07-03T06:15:00+00:00,30,NIFTY50,^NSEI,24322.69921875,24345.80078125,24319.099609375,24338.400390625,0,Yahoo Finance automated fallback,https://query1.finance.yahoo.com/v8/finance/chart/^NSEI?period1=1778238506&period2=1783336106&interval=30m&events=history&includePrePost=false,2026-07-06T11:08:26.544444+00:00
2026-07-03T06:15:00+00:00,2026-07-03T06:45:00+00:00,30,NIFTY50,^NSEI,24338.25,24373.25,24334.650390625,24369.650390625,0,Yahoo Finance automated fallback,https://query1.finance.yahoo.com/v8/finance/chart/^NSEI?period1=1778238506&period2=1783336106&interval=30m&events=history&includePrePost=false,2026-07-06T11:08:26.544444+00:00
2026-07-03T06:45:00+00:00,2026-07-03T07:15:00+00:00,30,NIFTY50,^NSEI,24369.650390625,24373.349609375,24339.400390625,24345.19921875,0,Yahoo Finance automated fallback,https://query1.finance.yahoo.com/v8/finance/chart/^NSEI?period1=1778238506&period2=1783336106&interval=30m&events=history&includePrePost=false,2026-07-06T11:08:26.544444+00:00
2026-07-03T07:15:00+00:00,2026-07-03T07:45:00+00:00,30,NIFTY50,^NSEI,24345.55078125,24361.25,24309.94921875,24324.55078125,0,Yahoo Finance automated fallback,https://query1.finance.yahoo.com/v8/finance/chart/^NSEI?period1=1778238506&period2=1783336106&interval=30m&events=history&includePrePost=false,2026-07-06T11:08:26.544444+00:00
2026-07-03T07:45:00+00:00,2026-07-03T08:15:00+00:00,30,NIFTY50,^NSEI,24324.30078125,24325.80078125,24272.900390625,24288.19921875,0,Yahoo Finance automated fallback,https://query1.finance.yahoo.com/v8/finance/chart/^NSEI?period1=1778238506&period2=1783336106&interval=30m&events=history&includePrePost=false,2026-07-06T11:08:26.544444+00:00
2026-07-03T08:15:00+00:00,2026-07-03T08:45:00+00:00,30,NIFTY50,^NSEI,24288.900390625,24298.099609375,24278.55078125,24287.30078125,0,Yahoo Finance automated fallback,https://query1.finance.yahoo.com/v8/finance/chart/^NSEI?period1=1778238506&period2=1783336106&interval=30m&events=history&includePrePost=false,2026-07-06T11:08:26.544444+00:00
2026-07-03T08:45:00+00:00,2026-07-03T09:15:00+00:00,30,NIFTY50,^NSEI,24287.400390625,24288.5,24265.30078125,24271.150390625,0,Yahoo Finance automated fallback,https://query1.finance.yahoo.com/v8/finance/chart/^NSEI?period1=1778238506&period2=1783336106&interval=30m&events=history&includePrePost=false,2026-07-06T11:08:26.544444+00:00
2026-07-03T09:15:00+00:00,2026-07-03T09:45:00+00:00,30,NIFTY50,^NSEI,24271.650390625,24282.80078125,24252.75,24272.69921875,0,Yahoo Finance automated fallback,https://query1.finance.yahoo.com/v8/finance/chart/^NSEI?period1=1778238506&period2=1783336106&interval=30m&events=history&includePrePost=false,2026-07-06T11:08:26.544444+00:00
2026-07-03T09:45:00+00:00,2026-07-03T10:15:00+00:00,30,NIFTY50,^NSEI,24272.099609375,24275.900390625,24258.75,24271.599609375,0,Yahoo Finance automated fallback,https://query1.finance.yahoo.com/v8/finance/chart/^NSEI?period1=1778238506&period2=1783336106&interval=30m&events=history&includePrePost=false,2026-07-06T11:08:26.544444+00:00
2026-07-06T03:45:00+00:00,2026-07-06T04:15:00+00:00,30,NIFTY50,^NSEI,24306.849609375,24379.150390625,24290.05078125,24368.75,0,Yahoo Finance automated fallback,https://query1.finance.yahoo.com/v8/finance/chart/^NSEI?period1=1778238506&period2=1783336106&interval=30m&events=history&includePrePost=false,2026-07-06T11:08:26.544444+00:00
2026-07-06T04:15:00+00:00,2026-07-06T04:45:00+00:00,30,NIFTY50,^NSEI,24369.30078125,24394.599609375,24366.0,24369.94921875,0,Yahoo Finance automated fallback,https://query1.finance.yahoo.com/v8/finance/chart/^NSEI?period1=1778238506&period2=1783336106&interval=30m&events=history&includePrePost=false,2026-07-06T11:08:26.544444+00:00
2026-07-06T04:45:00+00:00,2026-07-06T05:15:00+00:00,30,NIFTY50,^NSEI,24370.150390625,24414.650390625,24368.44921875,24403.099609375,0,Yahoo Finance automated fallback,https://query1.finance.yahoo.com/v8/finance/chart/^NSEI?period1=1778238506&period2=1783336106&interval=30m&events=history&includePrePost=false,2026-07-06T11:08:26.544444+00:00
2026-07-06T05:15:00+00:00,2026-07-06T05:45:00+00:00,30,NIFTY50,^NSEI,24403.05078125,24427.900390625,24400.94921875,24415.400390625,0,Yahoo Finance automated fallback,https://query1.finance.yahoo.com/v8/finance/chart/^NSEI?period1=1778238506&period2=1783336106&interval=30m&events=history&includePrePost=false,2026-07-06T11:08:26.544444+00:00
2026-07-06T05:45:00+00:00,2026-07-06T06:15:00+00:00,30,NIFTY50,^NSEI,24415.849609375,24427.05078125,24403.099609375,24416.44921875,0,Yahoo Finance automated fallback,https://query1.finance.yahoo.com/v8/finance/chart/^NSEI?period1=1778238506&period2=1783336106&interval=30m&events=history&includePrePost=false,2026-07-06T11:08:26.544444+00:00
2026-07-06T06:15:00+00:00,2026-07-06T06:45:00+00:00,30,NIFTY50,^NSEI,24417.30078125,24443.5,24407.849609375,24443.0,0,Yahoo Finance automated fallback,https://query1.finance.yahoo.com/v8/finance/chart/^NSEI?period1=1778238506&period2=1783336106&interval=30m&events=history&includePrePost=false,2026-07-06T11:08:26.544444+00:00
2026-07-06T06:45:00+00:00,2026-07-06T07:15:00+00:00,30,NIFTY50,^NSEI,24443.25,24453.44921875,24434.5,24442.650390625,0,Yahoo Finance automated fallback,https://query1.finance.yahoo.com/v8/finance/chart/^NSEI?period1=1778238506&period2=1783336106&interval=30m&events=history&includePrePost=false,2026-07-06T11:08:26.544444+00:00
2026-07-06T07:15:00+00:00,2026-07-06T07:45:00+00:00,30,NIFTY50,^NSEI,24444.30078125,24455.30078125,24425.599609375,24449.69921875,0,Yahoo Finance automated fallback,https://query1.finance.yahoo.com/v8/finance/chart/^NSEI?period1=1778238506&period2=1783336106&interval=30m&events=history&includePrePost=false,2026-07-06T11:08:26.544444+00:00
2026-07-06T07:45:00+00:00,2026-07-06T08:15:00+00:00,30,NIFTY50,^NSEI,24449.25,24458.25,24434.0,24438.05078125,0,Yahoo Finance automated fallback,https://query1.finance.yahoo.com/v8/finance/chart/^NSEI?period1=1778238506&period2=1783336106&interval=30m&events=history&includePrePost=false,2026-07-06T11:08:26.544444+00:00
2026-07-06T08:15:00+00:00,2026-07-06T08:45:00+00:00,30,NIFTY50,^NSEI,24437.55078125,24439.75,24399.150390625,24400.55078125,0,Yahoo Finance automated fallback,https://query1.finance.yahoo.com/v8/finance/chart/^NSEI?period1=1778238506&period2=1783336106&interval=30m&events=history&includePrePost=false,2026-07-06T11:08:26.544444+00:00
2026-07-06T08:45:00+00:00,2026-07-06T09:15:00+00:00,30,NIFTY50,^NSEI,24400.849609375,24420.400390625,24395.099609375,24395.849609375,0,Yahoo Finance automated fallback,https://query1.finance.yahoo.com/v8/finance/chart/^NSEI?period1=1778238506&period2=1783336106&interval=30m&events=history&includePrePost=false,2026-07-06T11:08:26.544444+00:00
2026-07-06T09:15:00+00:00,2026-07-06T09:45:00+00:00,30,NIFTY50,^NSEI,24397.099609375,24447.650390625,24382.400390625,24437.05078125,0,Yahoo Finance automated fallback,https://query1.finance.yahoo.com/v8/finance/chart/^NSEI?period1=1778238506&period2=1783336106&interval=30m&events=history&includePrePost=false,2026-07-06T11:08:26.544444+00:00
2026-07-06T09:45:00+00:00,2026-07-06T10:15:00+00:00,30,NIFTY50,^NSEI,24437.19921875,24441.400390625,24417.94921875,24423.75,0,Yahoo Finance automated fallback,https://query1.finance.yahoo.com/v8/finance/chart/^NSEI?period1=1778238506&period2=1783336106&interval=30m&events=history&includePrePost=false,2026-07-06T11:08:26.544444+00:00
2026-07-06T10:00:00+00:00,2026-07-06T10:30:00+00:00,30,NIFTY50,^NSEI,24430.349609375,24430.349609375,24430.349609375,24430.349609375,0,Yahoo Finance automated fallback,https://query1.finance.yahoo.com/v8/finance/chart/^NSEI?period1=1778238506&period2=1783336106&interval=30m&events=history&includePrePost=false,2026-07-06T11:08:26.544444+00:00
